migration_speed,adhesion_force_other,adhesion_force_pmec_multiple,internal_force,repeat,type,average_speed_x,average_speed_total
0.0005,0.0001,0.75,0.001,0,PMEC,0.028103180893949253,0.02998753662554488
0.0005,0.0001,0.75,0.001,0,VM,0.0,0.0
0.0005,0.0001,0.75,0.001,0,Other,0.026511609155058583,0.028303750197985623
0.0005,0.0001,0.75,0.001,1,PMEC,0.027995377642797612,0.02994916188957889
0.0005,0.0001,0.75,0.001,1,VM,0.0,0.0
0.0005,0.0001,0.75,0.001,1,Other,0.026616213580530356,0.02858403577423579
0.0005,0.0001,0.75,0.001,2,PMEC,0.027372451786059723,0.029144437055116743
0.0005,0.0001,0.75,0.001,2,VM,0.0,0.0
0.0005,0.0001,0.75,0.001,2,Other,0.02580759362837628,0.027695076601302986
0.0005,0.0001,0.75,0.005,0,PMEC,0.0271890141061117,0.03229782703784706
0.0005,0.0001,0.75,0.005,0,VM,0.0,0.0
0.0005,0.0001,0.75,0.005,0,Other,0.02572368552910191,0.031986162931415575
0.0005,0.0001,0.75,0.005,1,PMEC,0.028535149396950437,0.033473898674576494
0.0005,0.0001,0.75,0.005,1,VM,0.0,0.0
0.0005,0.0001,0.75,0.005,1,Other,0.026145247232579143,0.03193752357166809
0.0005,0.0001,0.75,0.005,2,PMEC,0.02666185882558108,0.03217663314699819
0.0005,0.0001,0.75,0.005,2,VM,0.0,0.0
0.0005,0.0001,0.75,0.005,2,Other,0.025040256597424898,0.03176441167035168
0.0005,0.0001,0.75,0.01,0,PMEC,0.024061623324396188,0.03297750284168712
0.0005,0.0001,0.75,0.01,0,VM,0.0,0.0
0.0005,0.0001,0.75,0.01,0,Other,0.021016333758555775,0.03267565392521376
0.0005,0.0001,0.75,0.01,1,PMEC,0.0239427324299385,0.03327357184342339
0.0005,0.0001,0.75,0.01,1,VM,0.0,0.0
0.0005,0.0001,0.75,0.01,1,Other,0.02130759876893883,0.03285219490784022
0.0005,0.0001,0.75,0.01,2,PMEC,0.022060000378649577,0.0320660271541064
0.0005,0.0001,0.75,0.01,2,VM,0.0,0.0
0.0005,0.0001,0.75,0.01,2,Other,0.02047983367624019,0.03236296579433608
0.0005,0.0001,0.75,0.05,0,PMEC,0.011367006298161304,0.04480139458257713
0.0005,0.0001,0.75,0.05,0,VM,0.0,0.0
0.0005,0.0001,0.75,0.05,0,Other,0.005660391887448544,0.04604272926113436
0.0005,0.0001,0.75,0.05,1,PMEC,0.012488791691971337,0.04489376102317839
0.0005,0.0001,0.75,0.05,1,VM,0.0,0.0
0.0005,0.0001,0.75,0.05,1,Other,0.0061766350030251806,0.0462151831129205
0.0005,0.0001,0.75,0.05,2,PMEC,0.012870043812230272,0.04515908854228315
0.0005,0.0001,0.75,0.05,2,VM,0.0,0.0
0.0005,0.0001,0.75,0.05,2,Other,0.006449955926844118,0.04612416941370332
0.0005,0.0001,0.75,0.1,0,PMEC,0.007634349075259902,0.06776068612169393
0.0005,0.0001,0.75,0.1,0,VM,0.0,0.0
0.0005,0.0001,0.75,0.1,0,Other,0.0046770627111241535,0.06930545712542077
0.0005,0.0001,0.75,0.1,1,PMEC,0.006428103764207464,0.06781487025129114
0.0005,0.0001,0.75,0.1,1,VM,0.0,0.0
0.0005,0.0001,0.75,0.1,1,Other,0.004733621330784192,0.06909950519942497
0.0005,0.0001,0.75,0.1,2,PMEC,0.007354821255428756,0.06751131530332627
0.0005,0.0001,0.75,0.1,2,VM,0.0,0.0
0.0005,0.0001,0.75,0.1,2,Other,0.0038965302453126817,0.06948415893065715
0.0005,0.0001,1,0.001,0,PMEC,0.029125467789175616,0.030983006555741124
0.0005,0.0001,1,0.001,0,VM,0.0,0.0
0.0005,0.0001,1,0.001,0,Other,0.02642535810540648,0.028154373845834198
0.0005,0.0001,1,0.001,1,PMEC,0.03001117885387862,0.03191580630848918
0.0005,0.0001,1,0.001,1,VM,0.0,0.0
0.0005,0.0001,1,0.001,1,Other,0.027009291494183567,0.02897139117695573
0.0005,0.0001,1,0.001,2,PMEC,0.029042015205817888,0.03064334353814039
0.0005,0.0001,1,0.001,2,VM,0.0,0.0
0.0005,0.0001,1,0.001,2,Other,0.027704581171532756,0.029438787704276118
0.0005,0.0001,1,0.005,0,PMEC,0.028389945370520846,0.03320619604001544
0.0005,0.0001,1,0.005,0,VM,0.0,0.0
0.0005,0.0001,1,0.005,0,Other,0.025788034235271175,0.0315014560205255
0.0005,0.0001,1,0.005,1,PMEC,0.026614651524925776,0.03230999782035163
0.0005,0.0001,1,0.005,1,VM,0.0,0.0
0.0005,0.0001,1,0.005,1,Other,0.02586219007060159,0.03199247466089865
0.0005,0.0001,1,0.005,2,PMEC,0.026957095716333344,0.03206831842056985
0.0005,0.0001,1,0.005,2,VM,0.0,0.0
0.0005,0.0001,1,0.005,2,Other,0.025145693716442437,0.031146949232835428
0.0005,0.0001,1,0.01,0,PMEC,0.022751277187680125,0.03240711644966822
0.0005,0.0001,1,0.01,0,VM,0.0,0.0
0.0005,0.0001,1,0.01,0,Other,0.020134925304768805,0.032238314297668484
0.0005,0.0001,1,0.01,1,PMEC,0.02299896137627003,0.031889147555072196
0.0005,0.0001,1,0.01,1,VM,0.0,0.0
0.0005,0.0001,1,0.01,1,Other,0.020261278625490594,0.03259973342078906
0.0005,0.0001,1,0.01,2,PMEC,0.023203707770515912,0.03276806746497281
0.0005,0.0001,1,0.01,2,VM,0.0,0.0
0.0005,0.0001,1,0.01,2,Other,0.02117728865868268,0.03237250918214223
0.0005,0.0001,1,0.05,0,PMEC,0.010831262386180322,0.04520236475184973
0.0005,0.0001,1,0.05,0,VM,0.0,0.0
0.0005,0.0001,1,0.05,0,Other,0.005907789671493892,0.04621086873932614
0.0005,0.0001,1,0.05,1,PMEC,0.012239977952217868,0.04522330538247266
0.0005,0.0001,1,0.05,1,VM,0.0,0.0
0.0005,0.0001,1,0.05,1,Other,0.0067315977514264,0.046155066178573484
0.0005,0.0001,1,0.05,2,PMEC,0.011858893792020386,0.0449591841587318
0.0005,0.0001,1,0.05,2,VM,0.0,0.0
0.0005,0.0001,1,0.05,2,Other,0.005926543365719136,0.046389378069128365
0.0005,0.0001,1,0.1,0,PMEC,0.0075137198445519955,0.06825574030922307
0.0005,0.0001,1,0.1,0,VM,0.0,0.0
0.0005,0.0001,1,0.1,0,Other,0.004429362376287312,0.06877650151368558
0.0005,0.0001,1,0.1,1,PMEC,0.007511083751474562,0.06795756283582176
0.0005,0.0001,1,0.1,1,VM,0.0,0.0
0.0005,0.0001,1,0.1,1,Other,0.004305658317272951,0.06912214677977739
0.0005,0.0001,1,0.1,2,PMEC,0.008492699864849596,0.06772353095215956
0.0005,0.0001,1,0.1,2,VM,0.0,0.0
0.0005,0.0001,1,0.1,2,Other,0.004698736629405411,0.06893774232228454
0.0005,0.0001,1.5,0.001,0,PMEC,0.028488308691857103,0.030587642065273063
0.0005,0.0001,1.5,0.001,0,VM,0.0,0.0
0.0005,0.0001,1.5,0.001,0,Other,0.026599247462686257,0.028879052575411596
0.0005,0.0001,1.5,0.001,1,PMEC,0.026757162666169634,0.028622810079515455
0.0005,0.0001,1.5,0.001,1,VM,0.0,0.0
0.0005,0.0001,1.5,0.001,1,Other,0.02686116836196215,0.028371389873685687
0.0005,0.0001,1.5,0.001,2,PMEC,0.026462559098254478,0.028693121917029024
0.0005,0.0001,1.5,0.001,2,VM,0.0,0.0
0.0005,0.0001,1.5,0.001,2,Other,0.025367238283323847,0.02752486832126821
0.0005,0.0001,1.5,0.005,0,PMEC,0.02784686604680867,0.0329668358680441
0.0005,0.0001,1.5,0.005,0,VM,0.0,0.0
0.0005,0.0001,1.5,0.005,0,Other,0.02539502761104715,0.031647545558930644
0.0005,0.0001,1.5,0.005,1,PMEC,0.02685720411969339,0.03194080723859735
0.0005,0.0001,1.5,0.005,1,VM,0.0,0.0
0.0005,0.0001,1.5,0.005,1,Other,0.02556645247810463,0.03153101231018013
0.0005,0.0001,1.5,0.005,2,PMEC,0.027220454270891977,0.032787121874425756
0.0005,0.0001,1.5,0.005,2,VM,0.0,0.0
0.0005,0.0001,1.5,0.005,2,Other,0.02500551609357655,0.031022777935552037
0.0005,0.0001,1.5,0.01,0,PMEC,0.023254689275386996,0.032195855355505676
0.0005,0.0001,1.5,0.01,0,VM,0.0,0.0
0.0005,0.0001,1.5,0.01,0,Other,0.021595524530169705,0.03248080058644331
0.0005,0.0001,1.5,0.01,1,PMEC,0.024433907622005112,0.03328959232310192
0.0005,0.0001,1.5,0.01,1,VM,0.0,0.0
0.0005,0.0001,1.5,0.01,1,Other,0.021343642029050956,0.032752558456010765
0.0005,0.0001,1.5,0.01,2,PMEC,0.022817783220866084,0.03210476493224073
0.0005,0.0001,1.5,0.01,2,VM,0.0,0.0
0.0005,0.0001,1.5,0.01,2,Other,0.020443380100150635,0.032440645803383565
0.0005,0.0001,1.5,0.05,0,PMEC,0.01168280688106866,0.044626930621700596
0.0005,0.0001,1.5,0.05,0,VM,0.0,0.0
0.0005,0.0001,1.5,0.05,0,Other,0.006575442824174435,0.046132477771055364
0.0005,0.0001,1.5,0.05,1,PMEC,0.010537309272538702,0.04464778716626252
0.0005,0.0001,1.5,0.05,1,VM,0.0,0.0
0.0005,0.0001,1.5,0.05,1,Other,0.006191212436633798,0.04608821360964367
0.0005,0.0001,1.5,0.05,2,PMEC,0.010868441311313913,0.04487395548953094
0.0005,0.0001,1.5,0.05,2,VM,0.0,0.0
0.0005,0.0001,1.5,0.05,2,Other,0.00634353482566665,0.04612316878471471
0.0005,0.0001,1.5,0.1,0,PMEC,0.007782377458730478,0.06794699191292736
0.0005,0.0001,1.5,0.1,0,VM,0.0,0.0
0.0005,0.0001,1.5,0.1,0,Other,0.004633920071886813,0.06916930482981289
0.0005,0.0001,1.5,0.1,1,PMEC,0.007559229330359892,0.06712651926229893
0.0005,0.0001,1.5,0.1,1,VM,0.0,0.0
0.0005,0.0001,1.5,0.1,1,Other,0.004637230977613937,0.06954803833654946
0.0005,0.0001,1.5,0.1,2,PMEC,0.008108675936748636,0.06714586984136912
0.0005,0.0001,1.5,0.1,2,VM,0.0,0.0
0.0005,0.0001,1.5,0.1,2,Other,0.004372296290567148,0.06867611200263908
0.0005,0.0001,2,0.001,0,PMEC,0.025215181812515336,0.02749635857686797
0.0005,0.0001,2,0.001,0,VM,0.0,0.0
0.0005,0.0001,2,0.001,0,Other,0.02566249071692399,0.027965860592348412
0.0005,0.0001,2,0.001,1,PMEC,0.029494848741147606,0.03128528882510469
0.0005,0.0001,2,0.001,1,VM,0.0,0.0
0.0005,0.0001,2,0.001,1,Other,0.026368581881852208,0.028252763346662896
0.0005,0.0001,2,0.001,2,PMEC,0.027403089247946995,0.02928032682160675
0.0005,0.0001,2,0.001,2,VM,0.0,0.0
0.0005,0.0001,2,0.001,2,Other,0.026414024518303988,0.02824346687103598
0.0005,0.0001,2,0.005,0,PMEC,0.027356969815371328,0.03279855820942207
0.0005,0.0001,2,0.005,0,VM,0.0,0.0
0.0005,0.0001,2,0.005,0,Other,0.02635988379916837,0.03191719735912722
0.0005,0.0001,2,0.005,1,PMEC,0.027948781866631876,0.0335279241955099
0.0005,0.0001,2,0.005,1,VM,0.0,0.0
0.0005,0.0001,2,0.005,1,Other,0.025469594560724788,0.03151742971321338
0.0005,0.0001,2,0.005,2,PMEC,0.027180677901625507,0.032552039611770556
0.0005,0.0001,2,0.005,2,VM,0.0,0.0
0.0005,0.0001,2,0.005,2,Other,0.02592670104224846,0.032077775786964344
0.0005,0.0001,2,0.01,0,PMEC,0.022615367559955347,0.03298315793159154
0.0005,0.0001,2,0.01,0,VM,0.0,0.0
0.0005,0.0001,2,0.01,0,Other,0.02018694215035565,0.03241539480981626
0.0005,0.0001,2,0.01,1,PMEC,0.02301043412494367,0.032614314509654636
0.0005,0.0001,2,0.01,1,VM,0.0,0.0
0.0005,0.0001,2,0.01,1,Other,0.020934058851632294,0.032193409304786515
0.0005,0.0001,2,0.01,2,PMEC,0.023051682972050583,0.032289630436505616
0.0005,0.0001,2,0.01,2,VM,0.0,0.0
0.0005,0.0001,2,0.01,2,Other,0.02021606210260514,0.03207251437579496
0.0005,0.0001,2,0.05,0,PMEC,0.012492154923213672,0.04535095422749092
0.0005,0.0001,2,0.05,0,VM,0.0,0.0
0.0005,0.0001,2,0.05,0,Other,0.006436730159854857,0.04605605067807205
0.0005,0.0001,2,0.05,1,PMEC,0.011464446616022847,0.044462424030587526
0.0005,0.0001,2,0.05,1,VM,0.0,0.0
0.0005,0.0001,2,0.05,1,Other,0.006880331170662748,0.04625154691596967
0.0005,0.0001,2,0.05,2,PMEC,0.012144881112817252,0.04477027983814233
0.0005,0.0001,2,0.05,2,VM,0.0,0.0
0.0005,0.0001,2,0.05,2,Other,0.006904276350783022,0.046247965311818774
0.0005,0.0001,2,0.1,0,PMEC,0.008106220830103261,0.06738244885065948
0.0005,0.0001,2,0.1,0,VM,0.0,0.0
0.0005,0.0001,2,0.1,0,Other,0.004430948357260861,0.06897514893131976
0.0005,0.0001,2,0.1,1,PMEC,0.008136579732535771,0.06746332873015791
0.0005,0.0001,2,0.1,1,VM,0.0,0.0
0.0005,0.0001,2,0.1,1,Other,0.004690974933881388,0.06911772862236164
0.0005,0.0001,2,0.1,2,PMEC,0.006942030768161506,0.06743400081597432
0.0005,0.0001,2,0.1,2,VM,0.0,0.0
0.0005,0.0001,2,0.1,2,Other,0.004798218923534853,0.06931095219644617
0.0005,0.0005,0.75,0.001,0,PMEC,0.027462026541277818,0.029460351927259883
0.0005,0.0005,0.75,0.001,0,VM,0.0,0.0
0.0005,0.0005,0.75,0.001,0,Other,0.026286914747649857,0.028362771179685452
0.0005,0.0005,0.75,0.001,1,PMEC,0.027638477456439006,0.02935545445096515
0.0005,0.0005,0.75,0.001,1,VM,0.0,0.0
0.0005,0.0005,0.75,0.001,1,Other,0.026171731694847423,0.028083575645566083
0.0005,0.0005,0.75,0.001,2,PMEC,0.026471548592764536,0.028570117799668372
0.0005,0.0005,0.75,0.001,2,VM,0.0,0.0
0.0005,0.0005,0.75,0.001,2,Other,0.025689087369117562,0.027789980175354157
0.0005,0.0005,0.75,0.005,0,PMEC,0.02720945605956321,0.03215284049320748
0.0005,0.0005,0.75,0.005,0,VM,0.0,0.0
0.0005,0.0005,0.75,0.005,0,Other,0.025813559942058913,0.0316333032109381
0.0005,0.0005,0.75,0.005,1,PMEC,0.02774683049498964,0.032620796726502886
0.0005,0.0005,0.75,0.005,1,VM,0.0,0.0
0.0005,0.0005,0.75,0.005,1,Other,0.024892365763036186,0.031005185539383483
0.0005,0.0005,0.75,0.005,2,PMEC,0.027816499862295976,0.03306971145902904
0.0005,0.0005,0.75,0.005,2,VM,0.0,0.0
0.0005,0.0005,0.75,0.005,2,Other,0.026280782035324017,0.032172109007469564
0.0005,0.0005,0.75,0.01,0,PMEC,0.02283141822524489,0.03235640032347475
0.0005,0.0005,0.75,0.01,0,VM,0.0,0.0
0.0005,0.0005,0.75,0.01,0,Other,0.02083790896731844,0.03236746169689137
0.0005,0.0005,0.75,0.01,1,PMEC,0.021877531620346995,0.03163918520848931
0.0005,0.0005,0.75,0.01,1,VM,0.0,0.0
0.0005,0.0005,0.75,0.01,1,Other,0.020537865877383328,0.03233091648153329
0.0005,0.0005,0.75,0.01,2,PMEC,0.023089433821564562,0.03242856873485208
0.0005,0.0005,0.75,0.01,2,VM,0.0,0.0
0.0005,0.0005,0.75,0.01,2,Other,0.021198208682685866,0.03280287141693145
0.0005,0.0005,0.75,0.05,0,PMEC,0.011910322416137676,0.045219558227595956
0.0005,0.0005,0.75,0.05,0,VM,0.0,0.0
0.0005,0.0005,0.75,0.05,0,Other,0.0073591351197174176,0.046186197557353745
0.0005,0.0005,0.75,0.05,1,PMEC,0.011611001748061192,0.0447542231736369
0.0005,0.0005,0.75,0.05,1,VM,0.0,0.0
0.0005,0.0005,0.75,0.05,1,Other,0.006818437506155802,0.04608377335354532
0.0005,0.0005,0.75,0.05,2,PMEC,0.011984234442879256,0.04495397108860644
0.0005,0.0005,0.75,0.05,2,VM,0.0,0.0
0.0005,0.0005,0.75,0.05,2,Other,0.006547607674789052,0.046154505668061674
0.0005,0.0005,0.75,0.1,0,PMEC,0.006578537353828131,0.06755780261906667
0.0005,0.0005,0.75,0.1,0,VM,0.0,0.0
0.0005,0.0005,0.75,0.1,0,Other,0.004125975625995932,0.0694294431518258
0.0005,0.0005,0.75,0.1,1,PMEC,0.007515342136987803,0.06776688979666369
0.0005,0.0005,0.75,0.1,1,VM,0.0,0.0
0.0005,0.0005,0.75,0.1,1,Other,0.004511268732993003,0.0691525608121054
0.0005,0.0005,0.75,0.1,2,PMEC,0.007686441973173015,0.06779524347917248
0.0005,0.0005,0.75,0.1,2,VM,0.0,0.0
0.0005,0.0005,0.75,0.1,2,Other,0.0047750260678260424,0.06921649014749653
0.0005,0.0005,1,0.001,0,PMEC,0.02765767691393374,0.02990581146662556
0.0005,0.0005,1,0.001,0,VM,0.0,0.0
0.0005,0.0005,1,0.001,0,Other,0.026450372614155938,0.028573073670702775
0.0005,0.0005,1,0.001,1,PMEC,0.025381460389717614,0.02794322191027164
0.0005,0.0005,1,0.001,1,VM,0.0,0.0
0.0005,0.0005,1,0.001,1,Other,0.025162735953541477,0.02751725269300828
0.0005,0.0005,1,0.001,2,PMEC,0.02643936840425918,0.028530055463512935
0.0005,0.0005,1,0.001,2,VM,0.0,0.0
0.0005,0.0005,1,0.001,2,Other,0.02581308025032054,0.027753909297088694
0.0005,0.0005,1,0.005,0,PMEC,0.026382811882218214,0.03177069803814252
0.0005,0.0005,1,0.005,0,VM,0.0,0.0
0.0005,0.0005,1,0.005,0,Other,0.0259957863433075,0.03215746858129186
0.0005,0.0005,1,0.005,1,PMEC,0.027236535084748527,0.032566301669847204
0.0005,0.0005,1,0.005,1,VM,0.0,0.0
0.0005,0.0005,1,0.005,1,Other,0.02557728932289149,0.03183690172581089
0.0005,0.0005,1,0.005,2,PMEC,0.027205474189602185,0.032472368065720326
0.0005,0.0005,1,0.005,2,VM,0.0,0.0
0.0005,0.0005,1,0.005,2,Other,0.026674073216080858,0.0323917811553247
0.0005,0.0005,1,0.01,0,PMEC,0.023306013781390657,0.03279936213427418
0.0005,0.0005,1,0.01,0,VM,0.0,0.0
0.0005,0.0005,1,0.01,0,Other,0.02061080978229423,0.03277132337199053
0.0005,0.0005,1,0.01,1,PMEC,0.02349929365528608,0.032429768196058105
0.0005,0.0005,1,0.01,1,VM,0.0,0.0
0.0005,0.0005,1,0.01,1,Other,0.021393644482400852,0.032706109972307516
0.0005,0.0005,1,0.01,2,PMEC,0.02362570018510274,0.032825969806399936
0.0005,0.0005,1,0.01,2,VM,0.0,0.0
0.0005,0.0005,1,0.01,2,Other,0.02036904686059495,0.03245936717807147
0.0005,0.0005,1,0.05,0,PMEC,0.012717992010727874,0.045078421738790425
0.0005,0.0005,1,0.05,0,VM,0.0,0.0
0.0005,0.0005,1,0.05,0,Other,0.006479160109267603,0.04609712854369907
0.0005,0.0005,1,0.05,1,PMEC,0.01117889299493506,0.045193029669837764
0.0005,0.0005,1,0.05,1,VM,0.0,0.0
0.0005,0.0005,1,0.05,1,Other,0.006332488724762244,0.04601131823841318
0.0005,0.0005,1,0.05,2,PMEC,0.010999293229919991,0.04496203838959932
0.0005,0.0005,1,0.05,2,VM,0.0,0.0
0.0005,0.0005,1,0.05,2,Other,0.005521145600573439,0.046286654940586806
0.0005,0.0005,1,0.1,0,PMEC,0.0072316754907722144,0.0675400163175959
0.0005,0.0005,1,0.1,0,VM,0.0,0.0
0.0005,0.0005,1,0.1,0,Other,0.004607548005196031,0.06920092731307038
0.0005,0.0005,1,0.1,1,PMEC,0.007245588706486761,0.06801944890622545
0.0005,0.0005,1,0.1,1,VM,0.0,0.0
0.0005,0.0005,1,0.1,1,Other,0.004514343271314291,0.06905543407606149
0.0005,0.0005,1,0.1,2,PMEC,0.007407696508224091,0.06762142282178488
0.0005,0.0005,1,0.1,2,VM,0.0,0.0
0.0005,0.0005,1,0.1,2,Other,0.00457950940931728,0.0693815647199031
0.0005,0.0005,1.5,0.001,0,PMEC,0.027288269565530522,0.029248562656656322
0.0005,0.0005,1.5,0.001,0,VM,0.0,0.0
0.0005,0.0005,1.5,0.001,0,Other,0.025979558774842097,0.028194429723480102
0.0005,0.0005,1.5,0.001,1,PMEC,0.028696420610412873,0.030591161416578
0.0005,0.0005,1.5,0.001,1,VM,0.0,0.0
0.0005,0.0005,1.5,0.001,1,Other,0.026173942309633602,0.027970926500174156
0.0005,0.0005,1.5,0.001,2,PMEC,0.0259225458012628,0.028001299088940924
0.0005,0.0005,1.5,0.001,2,VM,0.0,0.0
0.0005,0.0005,1.5,0.001,2,Other,0.026552491227310574,0.028532755264606448
0.0005,0.0005,1.5,0.005,0,PMEC,0.027080205116223336,0.03276269757539152
0.0005,0.0005,1.5,0.005,0,VM,0.0,0.0
0.0005,0.0005,1.5,0.005,0,Other,0.02484580809615564,0.031016962684078733
0.0005,0.0005,1.5,0.005,1,PMEC,0.02662762427372953,0.03209290126174515
0.0005,0.0005,1.5,0.005,1,VM,0.0,0.0
0.0005,0.0005,1.5,0.005,1,Other,0.02644894933262083,0.032041562925602306
0.0005,0.0005,1.5,0.005,2,PMEC,0.027370814990538374,0.03250148104415512
0.0005,0.0005,1.5,0.005,2,VM,0.0,0.0
0.0005,0.0005,1.5,0.005,2,Other,0.026340679511843258,0.03209860985690359
0.0005,0.0005,1.5,0.01,0,PMEC,0.02355047631555064,0.03245995791214314
0.0005,0.0005,1.5,0.01,0,VM,0.0,0.0
0.0005,0.0005,1.5,0.01,0,Other,0.021317182689650625,0.0323538021209437
0.0005,0.0005,1.5,0.01,1,PMEC,0.023994581034093448,0.03292613512010149
0.0005,0.0005,1.5,0.01,1,VM,0.0,0.0
0.0005,0.0005,1.5,0.01,1,Other,0.02125708327079871,0.03279990363021497
0.0005,0.0005,1.5,0.01,2,PMEC,0.0227057500551438,0.03222236882756094
0.0005,0.0005,1.5,0.01,2,VM,0.0,0.0
0.0005,0.0005,1.5,0.01,2,Other,0.020487180200248402,0.03219518519382068
0.0005,0.0005,1.5,0.05,0,PMEC,0.010846545070541334,0.04465943371257842
0.0005,0.0005,1.5,0.05,0,VM,0.0,0.0
0.0005,0.0005,1.5,0.05,0,Other,0.006705995434560368,0.04610311589711416
0.0005,0.0005,1.5,0.05,1,PMEC,0.011011600454534736,0.04512577369338132
0.0005,0.0005,1.5,0.05,1,VM,0.0,0.0
0.0005,0.0005,1.5,0.05,1,Other,0.006206814867295964,0.04615570126566267
0.0005,0.0005,1.5,0.05,2,PMEC,0.010658493411362022,0.044296582012965095
0.0005,0.0005,1.5,0.05,2,VM,0.0,0.0
0.0005,0.0005,1.5,0.05,2,Other,0.0066292644206511955,0.046383662629225796
0.0005,0.0005,1.5,0.1,0,PMEC,0.007678878462677125,0.06692398712443083
0.0005,0.0005,1.5,0.1,0,VM,0.0,0.0
0.0005,0.0005,1.5,0.1,0,Other,0.004636428265684741,0.06894415002684073
0.0005,0.0005,1.5,0.1,1,PMEC,0.006546058152216509,0.08554742949125407
0.0005,0.0005,1.5,0.1,1,VM,0.0,0.0
0.0005,0.0005,1.5,0.1,1,Other,0.005878176676430478,0.09117503599769451
0.0005,0.0005,1.5,0.1,2,PMEC,0.0076421338696596956,0.06845008075685766
0.0005,0.0005,1.5,0.1,2,VM,0.0,0.0
0.0005,0.0005,1.5,0.1,2,Other,0.004724312473412748,0.06902195037551716
0.0005,0.0005,2,0.001,0,PMEC,0.027069717730716192,0.029076340120262507
0.0005,0.0005,2,0.001,0,VM,0.0,0.0
0.0005,0.0005,2,0.001,0,Other,0.02645191098160851,0.02821506066408347
0.0005,0.0005,2,0.001,1,PMEC,0.0259105749686234,0.027856958130853104
0.0005,0.0005,2,0.001,1,VM,0.0,0.0
0.0005,0.0005,2,0.001,1,Other,0.026374081270966875,0.028286362412381062
0.0005,0.0005,2,0.001,2,PMEC,0.027227681983136312,0.02926514802110538
0.0005,0.0005,2,0.001,2,VM,0.0,0.0
0.0005,0.0005,2,0.001,2,Other,0.026305581599988644,0.02831065425109439
0.0005,0.0005,2,0.005,0,PMEC,0.02816916942152399,0.03331526476418402
0.0005,0.0005,2,0.005,0,VM,0.0,0.0
0.0005,0.0005,2,0.005,0,Other,0.025718374827757434,0.03167488347933799
0.0005,0.0005,2,0.005,1,PMEC,0.02757225652509544,0.03299292239601641
0.0005,0.0005,2,0.005,1,VM,0.0,0.0
0.0005,0.0005,2,0.005,1,Other,0.025907903684716873,0.0315823212749465
0.0005,0.0005,2,0.005,2,PMEC,0.02704066087438742,0.03248894071545927
0.0005,0.0005,2,0.005,2,VM,0.0,0.0
0.0005,0.0005,2,0.005,2,Other,0.02585323422832545,0.031965987052547995
0.0005,0.0005,2,0.01,0,PMEC,0.02360147066213375,0.03283111225174879
0.0005,0.0005,2,0.01,0,VM,0.0,0.0
0.0005,0.0005,2,0.01,0,Other,0.02066623547002188,0.03266455244918764
0.0005,0.0005,2,0.01,1,PMEC,0.023664837697274253,0.032741553390888224
0.0005,0.0005,2,0.01,1,VM,0.0,0.0
0.0005,0.0005,2,0.01,1,Other,0.021648049290003604,0.032582100916942115
0.0005,0.0005,2,0.01,2,PMEC,0.02382081933133151,0.032147803305730756
0.0005,0.0005,2,0.01,2,VM,0.0,0.0
0.0005,0.0005,2,0.01,2,Other,0.02107066686904465,0.03205508371502778
0.0005,0.0005,2,0.05,0,PMEC,0.01261079433345063,0.04480600578865787
0.0005,0.0005,2,0.05,0,VM,0.0,0.0
0.0005,0.0005,2,0.05,0,Other,0.0063586201259999975,0.04600265119146125
0.0005,0.0005,2,0.05,1,PMEC,0.011542447942434808,0.044462680392034215
0.0005,0.0005,2,0.05,1,VM,0.0,0.0
0.0005,0.0005,2,0.05,1,Other,0.0066639641756891105,0.04616402383596844
0.0005,0.0005,2,0.05,2,PMEC,0.011312993585214395,0.044782367258584956
0.0005,0.0005,2,0.05,2,VM,0.0,0.0
0.0005,0.0005,2,0.05,2,Other,0.006408470694621779,0.04616578925148921
0.0005,0.0005,2,0.1,0,PMEC,0.006502379666973668,0.06739948069225384
0.0005,0.0005,2,0.1,0,VM,0.0,0.0
0.0005,0.0005,2,0.1,0,Other,0.005008357980991165,0.06963401562970199
0.0005,0.0005,2,0.1,1,PMEC,0.007773997383154229,0.06708147886670347
0.0005,0.0005,2,0.1,1,VM,0.0,0.0
0.0005,0.0005,2,0.1,1,Other,0.0041479627697019305,0.0693301005456571
0.0005,0.0005,2,0.1,2,PMEC,0.007923244023409843,0.06732301299364495
0.0005,0.0005,2,0.1,2,VM,0.0,0.0
0.0005,0.0005,2,0.1,2,Other,0.004715246196026088,0.0688549863052238
0.0005,0.001,0.75,0.001,0,PMEC,0.025281198463016855,0.02748043130424266
0.0005,0.001,0.75,0.001,0,VM,0.0,0.0
0.0005,0.001,0.75,0.001,0,Other,0.024434955160693547,0.02646344933237958
0.0005,0.001,0.75,0.001,1,PMEC,0.02720967664812103,0.029351730480725254
0.0005,0.001,0.75,0.001,1,VM,0.0,0.0
0.0005,0.001,0.75,0.001,1,Other,0.02533779555721585,0.02719965021792023
0.0005,0.001,0.75,0.001,2,PMEC,0.026853453047836765,0.02901330380768295
0.0005,0.001,0.75,0.001,2,VM,0.0,0.0
0.0005,0.001,0.75,0.001,2,Other,0.02535977705430509,0.027300286047750193
0.0005,0.001,0.75,0.005,0,PMEC,0.026680230939652806,0.03211571476085385
0.0005,0.001,0.75,0.005,0,VM,0.0,0.0
0.0005,0.001,0.75,0.005,0,Other,0.024771523811134642,0.031240046004946058
0.0005,0.001,0.75,0.005,1,PMEC,0.027721080076607424,0.03265595410246571
0.0005,0.001,0.75,0.005,1,VM,0.0,0.0
0.0005,0.001,0.75,0.005,1,Other,0.02534142878945655,0.03177468065799533
0.0005,0.001,0.75,0.005,2,PMEC,0.027066735853939154,0.03215962013882807
0.0005,0.001,0.75,0.005,2,VM,0.0,0.0
0.0005,0.001,0.75,0.005,2,Other,0.024764434871167623,0.03179448320262583
0.0005,0.001,0.75,0.01,0,PMEC,0.02235488991317375,0.03182824717784801
0.0005,0.001,0.75,0.01,0,VM,0.0,0.0
0.0005,0.001,0.75,0.01,0,Other,0.020544648122208062,0.03220111764017022
0.0005,0.001,0.75,0.01,1,PMEC,0.02216868877224322,0.03172728010326935
0.0005,0.001,0.75,0.01,1,VM,0.0,0.0
0.0005,0.001,0.75,0.01,1,Other,0.019809968335591035,0.032306021154576564
0.0005,0.001,0.75,0.01,2,PMEC,0.023496217608265826,0.03262811982593259
0.0005,0.001,0.75,0.01,2,VM,0.0,0.0
0.0005,0.001,0.75,0.01,2,Other,0.021385733800072068,0.032470732970517176
0.0005,0.001,0.75,0.05,0,PMEC,0.01122843410546396,0.0447383502383053
0.0005,0.001,0.75,0.05,0,VM,0.0,0.0
0.0005,0.001,0.75,0.05,0,Other,0.006137232541628465,0.04612236571370154
0.0005,0.001,0.75,0.05,1,PMEC,0.011224743913423003,0.04520254773925046
0.0005,0.001,0.75,0.05,1,VM,0.0,0.0
0.0005,0.001,0.75,0.05,1,Other,0.006803063832457321,0.0460986268745076
0.0005,0.001,0.75,0.05,2,PMEC,0.010501602616669334,0.04479352091485723
0.0005,0.001,0.75,0.05,2,VM,0.0,0.0
0.0005,0.001,0.75,0.05,2,Other,0.00707439499817657,0.04601722418791865
0.0005,0.001,0.75,0.1,0,PMEC,0.008210469320173672,0.06747068957641755
0.0005,0.001,0.75,0.1,0,VM,0.0,0.0
0.0005,0.001,0.75,0.1,0,Other,0.005006543402080089,0.06923390054093743
0.0005,0.001,0.75,0.1,1,PMEC,0.007944988550831113,0.06751820547859258
0.0005,0.001,0.75,0.1,1,VM,0.0,0.0
0.0005,0.001,0.75,0.1,1,Other,0.004442173052899757,0.06921183939140998
0.0005,0.001,0.75,0.1,2,PMEC,0.00743267673255125,0.0676404501516183
0.0005,0.001,0.75,0.1,2,VM,0.0,0.0
0.0005,0.001,0.75,0.1,2,Other,0.004534242164835016,0.06883315563965774
0.0005,0.001,1,0.001,0,PMEC,0.027727244384633278,0.02983079002549331
0.0005,0.001,1,0.001,0,VM,0.0,0.0
0.0005,0.001,1,0.001,0,Other,0.02591386050140919,0.027912988178370728
0.0005,0.001,1,0.001,1,PMEC,0.026432827057535566,0.028464004723281634
0.0005,0.001,1,0.001,1,VM,0.0,0.0
0.0005,0.001,1,0.001,1,Other,0.024914003298143823,0.02701239446651669
0.0005,0.001,1,0.001,2,PMEC,0.02702265816524437,0.028993396354104715
0.0005,0.001,1,0.001,2,VM,0.0,0.0
0.0005,0.001,1,0.001,2,Other,0.025967267751882336,0.027690558786263805
0.0005,0.001,1,0.005,0,PMEC,0.026203548953919877,0.03172531026417044
0.0005,0.001,1,0.005,0,VM,0.0,0.0
0.0005,0.001,1,0.005,0,Other,0.02359219056881274,0.030556594694707364
0.0005,0.001,1,0.005,1,PMEC,0.0263526162465221,0.03195432627963766
0.0005,0.001,1,0.005,1,VM,0.0,0.0
0.0005,0.001,1,0.005,1,Other,0.02524293578763042,0.031666482617406906
0.0005,0.001,1,0.005,2,PMEC,0.027131712872958035,0.032403919649902316
0.0005,0.001,1,0.005,2,VM,0.0,0.0
0.0005,0.001,1,0.005,2,Other,0.025624439099587528,0.03142361354915735
0.0005,0.001,1,0.01,0,PMEC,0.022797559032471194,0.03265171031829086
0.0005,0.001,1,0.01,0,VM,0.0,0.0
0.0005,0.001,1,0.01,0,Other,0.020081322939361358,0.03259477501527013
0.0005,0.001,1,0.01,1,PMEC,0.02207325555559672,0.031417666968577125
0.0005,0.001,1,0.01,1,VM,0.0,0.0
0.0005,0.001,1,0.01,1,Other,0.020231253056545117,0.03242429357941575
0.0005,0.001,1,0.01,2,PMEC,0.023152225478726356,0.03203269167671975
0.0005,0.001,1,0.01,2,VM,0.0,0.0
0.0005,0.001,1,0.01,2,Other,0.02094492863903991,0.032606783263966564
0.0005,0.001,1,0.05,0,PMEC,0.011331354452015857,0.04456150367469434
0.0005,0.001,1,0.05,0,VM,0.0,0.0
0.0005,0.001,1,0.05,0,Other,0.0063365851354014145,0.04604589903718672
0.0005,0.001,1,0.05,1,PMEC,0.012055888467052616,0.04498831839553797
0.0005,0.001,1,0.05,1,VM,0.0,0.0
0.0005,0.001,1,0.05,1,Other,0.007255372713899801,0.04610800705764958
0.0005,0.001,1,0.05,2,PMEC,0.011612633736497164,0.044713465142675005
0.0005,0.001,1,0.05,2,VM,0.0,0.0
0.0005,0.001,1,0.05,2,Other,0.006234062669499305,0.046182473301598075
0.0005,0.001,1,0.1,0,PMEC,0.008438867864332206,0.06759287050734955
0.0005,0.001,1,0.1,0,VM,0.0,0.0
0.0005,0.001,1,0.1,0,Other,0.005201990736748853,0.06943101760872915
0.0005,0.001,1,0.1,1,PMEC,0.007030380342102061,0.06757574686750524
0.0005,0.001,1,0.1,1,VM,0.0,0.0
0.0005,0.001,1,0.1,1,Other,0.004738422019350989,0.06895198071202148
0.0005,0.001,1,0.1,2,PMEC,0.006061762711609989,0.08850852389969638
0.0005,0.001,1,0.1,2,VM,0.0,0.0
0.0005,0.001,1,0.1,2,Other,0.0075364112847057995,0.09381306281531314
0.0005,0.001,1.5,0.001,0,PMEC,0.02525994432205541,0.02760799607810942
0.0005,0.001,1.5,0.001,0,VM,0.0,0.0
0.0005,0.001,1.5,0.001,0,Other,0.0262167495751563,0.028059064635742696
0.0005,0.001,1.5,0.001,1,PMEC,0.024634267494090294,0.02682222116637627
0.0005,0.001,1.5,0.001,1,VM,0.0,0.0
0.0005,0.001,1.5,0.001,1,Other,0.024638569274466126,0.026754991825327624
0.0005,0.001,1.5,0.001,2,PMEC,0.026726444220374176,0.029086812578793045
0.0005,0.001,1.5,0.001,2,VM,0.0,0.0
0.0005,0.001,1.5,0.001,2,Other,0.02529044941606121,0.027501735347662315
0.0005,0.001,1.5,0.005,0,PMEC,0.028102914394853296,0.033218175674805735
0.0005,0.001,1.5,0.005,0,VM,0.0,0.0
0.0005,0.001,1.5,0.005,0,Other,0.026600444057313002,0.03197207135025465
0.0005,0.001,1.5,0.005,1,PMEC,0.027468827971920014,0.03253425974281525
0.0005,0.001,1.5,0.005,1,VM,0.0,0.0
0.0005,0.001,1.5,0.005,1,Other,0.025595139141373787,0.031404169044913506
0.0005,0.001,1.5,0.005,2,PMEC,0.02632257454976688,0.031511298365345525
0.0005,0.001,1.5,0.005,2,VM,0.0,0.0
0.0005,0.001,1.5,0.005,2,Other,0.02456483319907432,0.0307240132489354
0.0005,0.001,1.5,0.01,0,PMEC,0.023739059906816132,0.032534045382362854
0.0005,0.001,1.5,0.01,0,VM,0.0,0.0
0.0005,0.001,1.5,0.01,0,Other,0.02111674933092089,0.03230688662143438
0.0005,0.001,1.5,0.01,1,PMEC,0.02325151999443803,0.03237755812221215
0.0005,0.001,1.5,0.01,1,VM,0.0,0.0
0.0005,0.001,1.5,0.01,1,Other,0.019365650324999043,0.03214227710044547
0.0005,0.001,1.5,0.01,2,PMEC,0.023340670089361058,0.03223610196459631
0.0005,0.001,1.5,0.01,2,VM,0.0,0.0
0.0005,0.001,1.5,0.01,2,Other,0.02129834568921607,0.03284471838840911
0.0005,0.001,1.5,0.05,0,PMEC,0.010961583231811893,0.04479682010554828
0.0005,0.001,1.5,0.05,0,VM,0.0,0.0
0.0005,0.001,1.5,0.05,0,Other,0.0068325695785811155,0.04592649129270741
0.0005,0.001,1.5,0.05,1,PMEC,0.010022673821712213,0.04483528128172655
0.0005,0.001,1.5,0.05,1,VM,0.0,0.0
0.0005,0.001,1.5,0.05,1,Other,0.006036825015557513,0.0460355056656062
0.0005,0.001,1.5,0.05,2,PMEC,0.011598563856229177,0.044582507567360555
0.0005,0.001,1.5,0.05,2,VM,0.0,0.0
0.0005,0.001,1.5,0.05,2,Other,0.005990011628941209,0.04611735046829213
0.0005,0.001,1.5,0.1,0,PMEC,0.007141500561233999,0.06770052888616551
0.0005,0.001,1.5,0.1,0,VM,0.0,0.0
0.0005,0.001,1.5,0.1,0,Other,0.00421918130272143,0.0690689522323208
0.0005,0.001,1.5,0.1,1,PMEC,0.0075718669306404345,0.06748360264557822
0.0005,0.001,1.5,0.1,1,VM,0.0,0.0
0.0005,0.001,1.5,0.1,1,Other,0.004831156803831724,0.06908958270785923
0.0005,0.001,1.5,0.1,2,PMEC,0.007297999618132475,0.06702194519301206
0.0005,0.001,1.5,0.1,2,VM,0.0,0.0
0.0005,0.001,1.5,0.1,2,Other,0.004750836381814624,0.06914522396454838
0.0005,0.001,2,0.001,0,PMEC,0.025550782260396067,0.028437702319805976
0.0005,0.001,2,0.001,0,VM,0.0,0.0
0.0005,0.001,2,0.001,0,Other,0.025244454166680006,0.02758706052018253
0.0005,0.001,2,0.001,1,PMEC,0.024530481638565953,0.027206795265923005
0.0005,0.001,2,0.001,1,VM,0.0,0.0
0.0005,0.001,2,0.001,1,Other,0.024108331345820928,0.026344213727057645
0.0005,0.001,2,0.001,2,PMEC,0.025491625237682943,0.02765537810130177
0.0005,0.001,2,0.001,2,VM,0.0,0.0
0.0005,0.001,2,0.001,2,Other,0.02496230283053662,0.02730106623440683
0.0005,0.001,2,0.005,0,PMEC,0.025814831226789795,0.031581130637648606
0.0005,0.001,2,0.005,0,VM,0.0,0.0
0.0005,0.001,2,0.005,0,Other,0.02473322339701443,0.031024488590763007
0.0005,0.001,2,0.005,1,PMEC,0.02753513621403591,0.03294550776083752
0.0005,0.001,2,0.005,1,VM,0.0,0.0
0.0005,0.001,2,0.005,1,Other,0.02564425761262183,0.03161100557398329
0.0005,0.001,2,0.005,2,PMEC,0.0271309080676224,0.0319825948379837
0.0005,0.001,2,0.005,2,VM,0.0,0.0
0.0005,0.001,2,0.005,2,Other,0.025472992998397764,0.031549627019597744
0.0005,0.001,2,0.01,0,PMEC,0.022324451854635306,0.031674986870552535
0.0005,0.001,2,0.01,0,VM,0.0,0.0
0.0005,0.001,2,0.01,0,Other,0.020169408846842513,0.03240041308754313
0.0005,0.001,2,0.01,1,PMEC,0.022872221889621538,0.032743155068901075
0.0005,0.001,2,0.01,1,VM,0.0,0.0
0.0005,0.001,2,0.01,1,Other,0.020439611064798607,0.03231165587523708
0.0005,0.001,2,0.01,2,PMEC,0.02325677217687319,0.03247140073185446
0.0005,0.001,2,0.01,2,VM,0.0,0.0
0.0005,0.001,2,0.01,2,Other,0.02070404584593853,0.03227034098474623
0.0005,0.001,2,0.05,0,PMEC,0.011181546825296231,0.04460117708433394
0.0005,0.001,2,0.05,0,VM,0.0,0.0
0.0005,0.001,2,0.05,0,Other,0.006883077910483559,0.04605438433049948
0.0005,0.001,2,0.05,1,PMEC,0.011557375178777257,0.044866818316949705
0.0005,0.001,2,0.05,1,VM,0.0,0.0
0.0005,0.001,2,0.05,1,Other,0.006786399652875434,0.0462622642672405
0.0005,0.001,2,0.05,2,PMEC,0.01078921887387533,0.044972696008469225
0.0005,0.001,2,0.05,2,VM,0.0,0.0
0.0005,0.001,2,0.05,2,Other,0.006606152761175012,0.04592604165820251
0.0005,0.001,2,0.1,0,PMEC,0.006399323994160705,0.06765481369488413
0.0005,0.001,2,0.1,0,VM,0.0,0.0
0.0005,0.001,2,0.1,0,Other,0.004378710061881109,0.06918263947676735
0.0005,0.001,2,0.1,1,PMEC,0.0074581916424982875,0.06767246294939944
0.0005,0.001,2,0.1,1,VM,0.0,0.0
0.0005,0.001,2,0.1,1,Other,0.0043253199881753595,0.06906813346033618
0.0005,0.001,2,0.1,2,PMEC,0.007677679640849036,0.06767483832466457
0.0005,0.001,2,0.1,2,VM,0.0,0.0
0.0005,0.001,2,0.1,2,Other,0.004706379292727133,0.06886753265633735
0.0005,0.005,0.75,0.001,0,PMEC,0.02543458200898843,0.028370250470860874
0.0005,0.005,0.75,0.001,0,VM,0.0,0.0
0.0005,0.005,0.75,0.001,0,Other,0.024906991447348904,0.02756578388271756
0.0005,0.005,0.75,0.001,1,PMEC,0.024587511345178725,0.02815386292081315
0.0005,0.005,0.75,0.001,1,VM,0.0,0.0
0.0005,0.005,0.75,0.001,1,Other,0.025118060061374153,0.02790087461132774
0.0005,0.005,0.75,0.001,2,PMEC,0.0251084156225374,0.02840205532596446
0.0005,0.005,0.75,0.001,2,VM,0.0,0.0
0.0005,0.005,0.75,0.001,2,Other,0.026848047491345478,0.029427042890389058
0.0005,0.005,0.75,0.005,0,PMEC,0.02669727211967593,0.03228124685471912
0.0005,0.005,0.75,0.005,0,VM,0.0,0.0
0.0005,0.005,0.75,0.005,0,Other,0.024724720644839864,0.030869383113103225
0.0005,0.005,0.75,0.005,1,PMEC,0.026346172035628314,0.03158316307282074
0.0005,0.005,0.75,0.005,1,VM,0.0,0.0
0.0005,0.005,0.75,0.005,1,Other,0.024841003725300098,0.031054664417434014
0.0005,0.005,0.75,0.005,2,PMEC,0.02598347626309309,0.03130286758661393
0.0005,0.005,0.75,0.005,2,VM,0.0,0.0
0.0005,0.005,0.75,0.005,2,Other,0.025578927256213753,0.03117645086944092
0.0005,0.005,0.75,0.01,0,PMEC,0.02263753075318153,0.032037878772791434
0.0005,0.005,0.75,0.01,0,VM,0.0,0.0
0.0005,0.005,0.75,0.01,0,Other,0.020751197334689667,0.03185197745973906
0.0005,0.005,0.75,0.01,1,PMEC,0.022597113485877122,0.03212873430666135
0.0005,0.005,0.75,0.01,1,VM,0.0,0.0
0.0005,0.005,0.75,0.01,1,Other,0.020281498846914676,0.03209237698407966
0.0005,0.005,0.75,0.01,2,PMEC,0.02175404671615993,0.03139049991466468
0.0005,0.005,0.75,0.01,2,VM,0.0,0.0
0.0005,0.005,0.75,0.01,2,Other,0.02085459293170008,0.032158055627341586
0.0005,0.005,0.75,0.05,0,PMEC,0.01139779305728461,0.044688171165206875
0.0005,0.005,0.75,0.05,0,VM,0.0,0.0
0.0005,0.005,0.75,0.05,0,Other,0.006271842813180259,0.046046561754075115
0.0005,0.005,0.75,0.05,1,PMEC,0.012501145210321262,0.044930595358816966
0.0005,0.005,0.75,0.05,1,VM,0.0,0.0
0.0005,0.005,0.75,0.05,1,Other,0.006500938879322701,0.04624145355233226
0.0005,0.005,0.75,0.05,2,PMEC,0.011938486876632787,0.045154143169009855
0.0005,0.005,0.75,0.05,2,VM,0.0,0.0
0.0005,0.005,0.75,0.05,2,Other,0.006407999244896601,0.0461541751665574
0.0005,0.005,0.75,0.1,0,PMEC,0.0077927413167977735,0.06822814702026603
0.0005,0.005,0.75,0.1,0,VM,0.0,0.0
0.0005,0.005,0.75,0.1,0,Other,0.0053608316601267535,0.06940850073502064
0.0005,0.005,0.75,0.1,1,PMEC,0.00833436411090026,0.06766117547603136
0.0005,0.005,0.75,0.1,1,VM,0.0,0.0
0.0005,0.005,0.75,0.1,1,Other,0.004487346227765487,0.06920065699595496
0.0005,0.005,0.75,0.1,2,PMEC,0.007781360630168133,0.06813995480300954
0.0005,0.005,0.75,0.1,2,VM,0.0,0.0
0.0005,0.005,0.75,0.1,2,Other,0.004512138303127439,0.06956551950781133
0.0005,0.005,1,0.001,0,PMEC,0.02860032135775956,0.03115249933948445
0.0005,0.005,1,0.001,0,VM,0.0,0.0
0.0005,0.005,1,0.001,0,Other,0.027865358412000323,0.030147974699476894
0.0005,0.005,1,0.001,1,PMEC,0.025564543801698383,0.029370011601014514
0.0005,0.005,1,0.001,1,VM,0.0,0.0
0.0005,0.005,1,0.001,1,Other,0.02458678353020843,0.02798243884679341
0.0005,0.005,1,0.001,2,PMEC,0.02425583999229603,0.028382720538834037
0.0005,0.005,1,0.001,2,VM,0.0,0.0
0.0005,0.005,1,0.001,2,Other,0.02515295073512962,0.028638001730739486
0.0005,0.005,1,0.005,0,PMEC,0.025182307979398355,0.031021284169742428
0.0005,0.005,1,0.005,0,VM,0.0,0.0
0.0005,0.005,1,0.005,0,Other,0.024497902014960538,0.031214003846913474
0.0005,0.005,1,0.005,1,PMEC,0.02497620980050209,0.030733971898191402
0.0005,0.005,1,0.005,1,VM,0.0,0.0
0.0005,0.005,1,0.005,1,Other,0.0248920358198445,0.030540557398168838
0.0005,0.005,1,0.005,2,PMEC,0.025908212061177802,0.03143001884545101
0.0005,0.005,1,0.005,2,VM,0.0,0.0
0.0005,0.005,1,0.005,2,Other,0.02498401948865954,0.0313166638008951
0.0005,0.005,1,0.01,0,PMEC,0.022065942952826007,0.032107296927457896
0.0005,0.005,1,0.01,0,VM,0.0,0.0
0.0005,0.005,1,0.01,0,Other,0.020432518707792537,0.03224314837273602
0.0005,0.005,1,0.01,1,PMEC,0.023123117573333442,0.0321704661216142
0.0005,0.005,1,0.01,1,VM,0.0,0.0
0.0005,0.005,1,0.01,1,Other,0.02013128015169591,0.03224345760342628
0.0005,0.005,1,0.01,2,PMEC,0.022029904590758858,0.0320255262022504
0.0005,0.005,1,0.01,2,VM,0.0,0.0
0.0005,0.005,1,0.01,2,Other,0.020295222225603645,0.03207410366948935
0.0005,0.005,1,0.05,0,PMEC,0.011117237310187184,0.04460897433056428
0.0005,0.005,1,0.05,0,VM,0.0,0.0
0.0005,0.005,1,0.05,0,Other,0.006577291768060443,0.0460139712397851
0.0005,0.005,1,0.05,1,PMEC,0.011848928917322395,0.04473867555733123
0.0005,0.005,1,0.05,1,VM,0.0,0.0
0.0005,0.005,1,0.05,1,Other,0.0074662125789403625,0.04616842072850906
0.0005,0.005,1,0.05,2,PMEC,0.011310884057926025,0.045210927891534344
0.0005,0.005,1,0.05,2,VM,0.0,0.0
0.0005,0.005,1,0.05,2,Other,0.006124870680317163,0.046056055088611415
0.0005,0.005,1,0.1,0,PMEC,0.008226536693007538,0.06719522843190935
0.0005,0.005,1,0.1,0,VM,0.0,0.0
0.0005,0.005,1,0.1,0,Other,0.0048531333290584705,0.06915751981642639
0.0005,0.005,1,0.1,1,PMEC,0.006381166502971102,0.06800157394822587
0.0005,0.005,1,0.1,1,VM,0.0,0.0
0.0005,0.005,1,0.1,1,Other,0.004370445333322296,0.06928034239757978
0.0005,0.005,1,0.1,2,PMEC,0.007741438237196513,0.06750722758851735
0.0005,0.005,1,0.1,2,VM,0.0,0.0
0.0005,0.005,1,0.1,2,Other,0.004068030817829146,0.06964278801093331
0.0005,0.005,1.5,0.001,0,PMEC,0.024693062684834278,0.029369021030647098
0.0005,0.005,1.5,0.001,0,VM,0.0,0.0
0.0005,0.005,1.5,0.001,0,Other,0.027576712325932517,0.03067537114058558
0.0005,0.005,1.5,0.001,1,PMEC,0.02347564862685247,0.028579342344219664
0.0005,0.005,1.5,0.001,1,VM,0.0,0.0
0.0005,0.005,1.5,0.001,1,Other,0.025454022952851825,0.029407211411111887
0.0005,0.005,1.5,0.001,2,PMEC,0.026336228914032412,0.030353725213000456
0.0005,0.005,1.5,0.001,2,VM,0.0,0.0
0.0005,0.005,1.5,0.001,2,Other,0.027208475472039088,0.030502571843886862
0.0005,0.005,1.5,0.005,0,PMEC,0.02428726829014827,0.03115600277266151
0.0005,0.005,1.5,0.005,0,VM,0.0,0.0
0.0005,0.005,1.5,0.005,0,Other,0.024548840646308495,0.031036963894147767
0.0005,0.005,1.5,0.005,1,PMEC,0.024258816912900015,0.031234069599016232
0.0005,0.005,1.5,0.005,1,VM,0.0,0.0
0.0005,0.005,1.5,0.005,1,Other,0.024911441744221708,0.031437398310391995
0.0005,0.005,1.5,0.005,2,PMEC,0.024367151909265104,0.03108133396745958
0.0005,0.005,1.5,0.005,2,VM,0.0,0.0
0.0005,0.005,1.5,0.005,2,Other,0.02425428212149884,0.03099007342263482
0.0005,0.005,1.5,0.01,0,PMEC,0.02218932440440035,0.03126400400558053
0.0005,0.005,1.5,0.01,0,VM,0.0,0.0
0.0005,0.005,1.5,0.01,0,Other,0.02098145106510007,0.03239379953735221
0.0005,0.005,1.5,0.01,1,PMEC,0.021314302423301297,0.03195950970621107
0.0005,0.005,1.5,0.01,1,VM,0.0,0.0
0.0005,0.005,1.5,0.01,1,Other,0.019996513817491575,0.03192056601482239
0.0005,0.005,1.5,0.01,2,PMEC,0.021551581376908734,0.031674362777649276
0.0005,0.005,1.5,0.01,2,VM,0.0,0.0
0.0005,0.005,1.5,0.01,2,Other,0.01957473772318216,0.03241131285189613
0.0005,0.005,1.5,0.05,0,PMEC,0.010276642878007367,0.0446464879531264
0.0005,0.005,1.5,0.05,0,VM,0.0,0.0
0.0005,0.005,1.5,0.05,0,Other,0.005444152353571063,0.046069267349056774
0.0005,0.005,1.5,0.05,1,PMEC,0.011985532792524909,0.044925307761820396
0.0005,0.005,1.5,0.05,1,VM,0.0,0.0
0.0005,0.005,1.5,0.05,1,Other,0.006397230213232352,0.04604666936509305
0.0005,0.005,1.5,0.05,2,PMEC,0.011377661597039448,0.04513117086421991
0.0005,0.005,1.5,0.05,2,VM,0.0,0.0
0.0005,0.005,1.5,0.05,2,Other,0.0063829937179797815,0.04609391049803662
0.0005,0.005,1.5,0.1,0,PMEC,0.00738091512165882,0.067905222008059
0.0005,0.005,1.5,0.1,0,VM,0.0,0.0
0.0005,0.005,1.5,0.1,0,Other,0.004530911381292749,0.06867672335789955
0.0005,0.005,1.5,0.1,1,PMEC,0.006708854980219264,0.0680579103097556
0.0005,0.005,1.5,0.1,1,VM,0.0,0.0
0.0005,0.005,1.5,0.1,1,Other,0.004133777240785224,0.06963008527165417
0.0005,0.005,1.5,0.1,2,PMEC,0.00760895089299056,0.06745403916915191
0.0005,0.005,1.5,0.1,2,VM,0.0,0.0
0.0005,0.005,1.5,0.1,2,Other,0.004478185886011889,0.06886105649543842
0.0005,0.005,2,0.001,0,PMEC,0.02490360145487493,0.030357307385985296
0.0005,0.005,2,0.001,0,VM,0.0,0.0
0.0005,0.005,2,0.001,0,Other,0.025285594996945278,0.029278127622568716
0.0005,0.005,2,0.001,1,PMEC,0.02319054852134004,0.030503791224542186
0.0005,0.005,2,0.001,1,VM,0.0,0.0
0.0005,0.005,2,0.001,1,Other,0.025262572438562125,0.03035144355032492
0.0005,0.005,2,0.001,2,PMEC,0.023831280319321406,0.029426710526996493
0.0005,0.005,2,0.001,2,VM,0.0,0.0
0.0005,0.005,2,0.001,2,Other,0.026161368329277495,0.029973104798981538
0.0005,0.005,2,0.005,0,PMEC,0.023780706813883015,0.030813899335145403
0.0005,0.005,2,0.005,0,VM,0.0,0.0
0.0005,0.005,2,0.005,0,Other,0.024317440275096067,0.03111202352204968
0.0005,0.005,2,0.005,1,PMEC,0.024390011250772135,0.032225562553067126
0.0005,0.005,2,0.005,1,VM,0.0,0.0
0.0005,0.005,2,0.005,1,Other,0.022949619915791298,0.030713252565314392
0.0005,0.005,2,0.005,2,PMEC,0.024797432612391295,0.03231740007053788
0.0005,0.005,2,0.005,2,VM,0.0,0.0
0.0005,0.005,2,0.005,2,Other,0.02501529010163175,0.03178384470071899
0.0005,0.005,2,0.01,0,PMEC,0.02106451099696594,0.031439814573605805
0.0005,0.005,2,0.01,0,VM,0.0,0.0
0.0005,0.005,2,0.01,0,Other,0.019767589135939113,0.03195802595877171
0.0005,0.005,2,0.01,1,PMEC,0.020065891209816635,0.03143171622009356
0.0005,0.005,2,0.01,1,VM,0.0,0.0
0.0005,0.005,2,0.01,1,Other,0.019027146683405282,0.03198846802576924
0.0005,0.005,2,0.01,2,PMEC,0.021803700460766167,0.03193194041544555
0.0005,0.005,2,0.01,2,VM,0.0,0.0
0.0005,0.005,2,0.01,2,Other,0.02059558625442726,0.032184418246746234
0.0005,0.005,2,0.05,0,PMEC,0.012092983748366997,0.044753317574791056
0.0005,0.005,2,0.05,0,VM,0.0,0.0
0.0005,0.005,2,0.05,0,Other,0.006043869512865791,0.046117518088539075
0.0005,0.005,2,0.05,1,PMEC,0.011104927728302256,0.044866470175660166
0.0005,0.005,2,0.05,1,VM,0.0,0.0
0.0005,0.005,2,0.05,1,Other,0.005838131952145115,0.04580600692699653
0.0005,0.005,2,0.05,2,PMEC,0.01019272355155357,0.04517192856431679
0.0005,0.005,2,0.05,2,VM,0.0,0.0
0.0005,0.005,2,0.05,2,Other,0.005751548682070075,0.046050591526996795
0.0005,0.005,2,0.1,0,PMEC,0.006666960797451491,0.06774189196243575
0.0005,0.005,2,0.1,0,VM,0.0,0.0
0.0005,0.005,2,0.1,0,Other,0.004424603951176816,0.0689616563378776
0.0005,0.005,2,0.1,1,PMEC,0.00722312616585381,0.06759709081934051
0.0005,0.005,2,0.1,1,VM,0.0,0.0
0.0005,0.005,2,0.1,1,Other,0.004535044749458361,0.06909398252249664
0.0005,0.005,2,0.1,2,PMEC,0.007851589634317419,0.0678738134631029
0.0005,0.005,2,0.1,2,VM,0.0,0.0
0.0005,0.005,2,0.1,2,Other,0.005048033191691636,0.06953427883642618
0.0005,0.01,0.75,0.001,0,PMEC,0.02537626401254057,0.03010061215664535
0.0005,0.01,0.75,0.001,0,VM,0.0,0.0
0.0005,0.01,0.75,0.001,0,Other,0.02538848688072163,0.028980288726833062
0.0005,0.01,0.75,0.001,1,PMEC,0.02474635141473625,0.029346933592970175
0.0005,0.01,0.75,0.001,1,VM,0.0,0.0
0.0005,0.01,0.75,0.001,1,Other,0.026611532583731404,0.03011297397695166
0.0005,0.01,0.75,0.001,2,PMEC,0.024362217975935786,0.029354077800308916
0.0005,0.01,0.75,0.001,2,VM,0.0,0.0
0.0005,0.01,0.75,0.001,2,Other,0.02564669897196338,0.02974075860206755
0.0005,0.01,0.75,0.005,0,PMEC,0.024947492018504665,0.031165636290211157
0.0005,0.01,0.75,0.005,0,VM,0.0,0.0
0.0005,0.01,0.75,0.005,0,Other,0.0255357503648272,0.03164682504318265
0.0005,0.01,0.75,0.005,1,PMEC,0.02597735478236973,0.03196369463179155
0.0005,0.01,0.75,0.005,1,VM,0.0,0.0
0.0005,0.01,0.75,0.005,1,Other,0.025842531691392102,0.03211653271978366
0.0005,0.01,0.75,0.005,2,PMEC,0.02403200105697501,0.030529910474317735
0.0005,0.01,0.75,0.005,2,VM,0.0,0.0
0.0005,0.01,0.75,0.005,2,Other,0.02532180959916304,0.03166216034549605
0.0005,0.01,0.75,0.01,0,PMEC,0.021930599051177703,0.031805928815660495
0.0005,0.01,0.75,0.01,0,VM,0.0,0.0
0.0005,0.01,0.75,0.01,0,Other,0.020095876445214243,0.032258019885356405
0.0005,0.01,0.75,0.01,1,PMEC,0.0223137645292543,0.032543872013969806
0.0005,0.01,0.75,0.01,1,VM,0.0,0.0
0.0005,0.01,0.75,0.01,1,Other,0.020263335689914903,0.03254010472239176
0.0005,0.01,0.75,0.01,2,PMEC,0.022715192141740944,0.03210520612482106
0.0005,0.01,0.75,0.01,2,VM,0.0,0.0
0.0005,0.01,0.75,0.01,2,Other,0.019824800209565376,0.03268337681202132
0.0005,0.01,0.75,0.05,0,PMEC,0.010269898455926131,0.04467181786253464
0.0005,0.01,0.75,0.05,0,VM,0.0,0.0
0.0005,0.01,0.75,0.05,0,Other,0.006467804951525636,0.04600840395985405
0.0005,0.01,0.75,0.05,1,PMEC,0.01061332397031131,0.04498429204976715
0.0005,0.01,0.75,0.05,1,VM,0.0,0.0
0.0005,0.01,0.75,0.05,1,Other,0.006048262375340794,0.04611300952756087
0.0005,0.01,0.75,0.05,2,PMEC,0.011573578586835801,0.04493959679392182
0.0005,0.01,0.75,0.05,2,VM,0.0,0.0
0.0005,0.01,0.75,0.05,2,Other,0.00625701233028605,0.046021926647828885
0.0005,0.01,0.75,0.1,0,PMEC,0.0068675244474281204,0.06769098728897535
0.0005,0.01,0.75,0.1,0,VM,0.0,0.0
0.0005,0.01,0.75,0.1,0,Other,0.004585376458523083,0.06919292888421504
0.0005,0.01,0.75,0.1,1,PMEC,0.006787826725130009,0.06773748368505995
0.0005,0.01,0.75,0.1,1,VM,0.0,0.0
0.0005,0.01,0.75,0.1,1,Other,0.004023403051010901,0.06943651037704514
0.0005,0.01,0.75,0.1,2,PMEC,0.00828104800041199,0.06780626976415184
0.0005,0.01,0.75,0.1,2,VM,0.0,0.0
0.0005,0.01,0.75,0.1,2,Other,0.004293943412487451,0.06949245756075428
0.0005,0.01,1,0.001,0,PMEC,0.020782586033437342,0.02749298386501406
0.0005,0.01,1,0.001,0,VM,0.0,0.0
0.0005,0.01,1,0.001,0,Other,0.02387579591856326,0.028664692746402855
0.0005,0.01,1,0.001,1,PMEC,0.023463402144339576,0.02891136635285365
0.0005,0.01,1,0.001,1,VM,0.0,0.0
0.0005,0.01,1,0.001,1,Other,0.02664228033766177,0.030422207453222903
0.0005,0.01,1,0.001,2,PMEC,0.023041300359218114,0.029382615539924967
0.0005,0.01,1,0.001,2,VM,0.0,0.0
0.0005,0.01,1,0.001,2,Other,0.02378628387905598,0.02835383228599699
0.0005,0.01,1,0.005,0,PMEC,0.0227118411303181,0.03063160594115813
0.0005,0.01,1,0.005,0,VM,0.0,0.0
0.0005,0.01,1,0.005,0,Other,0.024022216067770195,0.031000335704737727
0.0005,0.01,1,0.005,1,PMEC,0.02213772866183586,0.029212225925947546
0.0005,0.01,1,0.005,1,VM,0.0,0.0
0.0005,0.01,1,0.005,1,Other,0.023920702872426928,0.031082215871709513
0.0005,0.01,1,0.005,2,PMEC,0.02355129266602407,0.03106148218874425
0.0005,0.01,1,0.005,2,VM,0.0,0.0
0.0005,0.01,1,0.005,2,Other,0.02418254945728161,0.030678395605550354
0.0005,0.01,1,0.01,0,PMEC,0.020509530784771007,0.03127917295820192
0.0005,0.01,1,0.01,0,VM,0.0,0.0
0.0005,0.01,1,0.01,0,Other,0.018351634398007997,0.03143855492298144
0.0005,0.01,1,0.01,1,PMEC,0.022061500146371867,0.03244111982735331
0.0005,0.01,1,0.01,1,VM,0.0,0.0
0.0005,0.01,1,0.01,1,Other,0.020448809571445285,0.03241120924837036
0.0005,0.01,1,0.01,2,PMEC,0.021780143701412895,0.03189088752668175
0.0005,0.01,1,0.01,2,VM,0.0,0.0
0.0005,0.01,1,0.01,2,Other,0.02051485312767869,0.03222148086251628
0.0005,0.01,1,0.05,0,PMEC,0.011312479500048917,0.044807133680290254
0.0005,0.01,1,0.05,0,VM,0.0,0.0
0.0005,0.01,1,0.05,0,Other,0.006495134772310743,0.04609542933055831
0.0005,0.01,1,0.05,1,PMEC,0.010247200608006775,0.04488016452466514
0.0005,0.01,1,0.05,1,VM,0.0,0.0
0.0005,0.01,1,0.05,1,Other,0.005983608593959903,0.04620613648269359
0.0005,0.01,1,0.05,2,PMEC,0.010021450316425002,0.04476336470626103
0.0005,0.01,1,0.05,2,VM,0.0,0.0
0.0005,0.01,1,0.05,2,Other,0.006164222781720644,0.046172384098646345
0.0005,0.01,1,0.1,0,PMEC,0.007959029810610484,0.06810930478914082
0.0005,0.01,1,0.1,0,VM,0.0,0.0
0.0005,0.01,1,0.1,0,Other,0.004458765484890732,0.0692660886420979
0.0005,0.01,1,0.1,1,PMEC,0.007513207310462516,0.06780525592649975
0.0005,0.01,1,0.1,1,VM,0.0,0.0
0.0005,0.01,1,0.1,1,Other,0.004641032345536208,0.06907040841456304
0.0005,0.01,1,0.1,2,PMEC,0.007517512347171187,0.06773989089920616
0.0005,0.01,1,0.1,2,VM,0.0,0.0
0.0005,0.01,1,0.1,2,Other,0.003902282417419162,0.06941185428602271
0.0005,0.01,1.5,0.001,0,PMEC,0.02238314857635759,0.03055112414725427
0.0005,0.01,1.5,0.001,0,VM,0.0,0.0
0.0005,0.01,1.5,0.001,0,Other,0.02307915142143904,0.029633349353884675
0.0005,0.01,1.5,0.001,1,PMEC,0.020862317536626148,0.028813153174819077
0.0005,0.01,1.5,0.001,1,VM,0.0,0.0
0.0005,0.01,1.5,0.001,1,Other,0.022536863773329117,0.02826300652439203
0.0005,0.01,1.5,0.001,2,PMEC,0.018417256184756172,0.027407469960787
0.0005,0.01,1.5,0.001,2,VM,0.0,0.0
0.0005,0.01,1.5,0.001,2,Other,0.023300755785937457,0.028540933826624027
0.0005,0.01,1.5,0.005,0,PMEC,0.020833063849052494,0.030089897662986264
0.0005,0.01,1.5,0.005,0,VM,0.0,0.0
0.0005,0.01,1.5,0.005,0,Other,0.02124910536103628,0.029766478420948605
0.0005,0.01,1.5,0.005,1,PMEC,0.021756622267146166,0.031116129893013943
0.0005,0.01,1.5,0.005,1,VM,0.0,0.0
0.0005,0.01,1.5,0.005,1,Other,0.022105846042657945,0.030412963905748904
0.0005,0.01,1.5,0.005,2,PMEC,0.020390349022633703,0.029891213315662225
0.0005,0.01,1.5,0.005,2,VM,0.0,0.0
0.0005,0.01,1.5,0.005,2,Other,0.02259190749957275,0.03093841699176795
0.0005,0.01,1.5,0.01,0,PMEC,0.022125248931379883,0.0327653874532065
0.0005,0.01,1.5,0.01,0,VM,0.0,0.0
0.0005,0.01,1.5,0.01,0,Other,0.019641584298226992,0.03245191296351802
0.0005,0.01,1.5,0.01,1,PMEC,0.020106070242143594,0.031741993285028997
0.0005,0.01,1.5,0.01,1,VM,0.0,0.0
0.0005,0.01,1.5,0.01,1,Other,0.018644903490628365,0.03216540180119117
0.0005,0.01,1.5,0.01,2,PMEC,0.020907616356162926,0.03229098262777341
0.0005,0.01,1.5,0.01,2,VM,0.0,0.0
0.0005,0.01,1.5,0.01,2,Other,0.020217145960013373,0.032528007654547
0.0005,0.01,1.5,0.05,0,Other,0.005896915489478994,0.04628464748361934
0.0005,0.01,1.5,0.05,0,PMEC,0.010368855875766352,0.04504999077745229
0.0005,0.01,1.5,0.05,0,VM,0.0,0.0
0.0005,0.01,1.5,0.05,1,PMEC,0.010405458083050939,0.04555856696482402
0.0005,0.01,1.5,0.05,1,VM,0.0,0.0
0.0005,0.01,1.5,0.05,1,Other,0.006291069742173069,0.04568644772873222
0.0005,0.01,1.5,0.05,2,PMEC,0.010658366894187213,0.044756979233319776
0.0005,0.01,1.5,0.05,2,VM,0.0,0.0
0.0005,0.01,1.5,0.05,2,Other,0.006461194160924785,0.04591897713708413
0.0005,0.01,1.5,0.1,0,PMEC,0.006247013187360756,0.06800464825706432
0.0005,0.01,1.5,0.1,0,VM,0.0,0.0
0.0005,0.01,1.5,0.1,0,Other,0.0039203704461573735,0.0695438608159842
0.0005,0.01,1.5,0.1,1,PMEC,0.006897351170366284,0.06820522492017465
0.0005,0.01,1.5,0.1,1,VM,0.0,0.0
0.0005,0.01,1.5,0.1,1,Other,0.0045396125877537365,0.06874377673459095
0.0005,0.01,1.5,0.1,2,PMEC,0.006879595218735278,0.06766517531269399
0.0005,0.01,1.5,0.1,2,VM,0.0,0.0
0.0005,0.01,1.5,0.1,2,Other,0.004525141274469107,0.06900715278084871
0.0005,0.01,2,0.001,0,PMEC,0.019598463371591306,0.02943418013660315
0.0005,0.01,2,0.001,0,VM,0.0,0.0
0.0005,0.01,2,0.001,0,Other,0.023675773527577118,0.029460251147832458
0.0005,0.01,2,0.001,1,PMEC,0.01597198845207959,0.027099693505759224
0.0005,0.01,2,0.001,1,VM,0.0,0.0
0.0005,0.01,2,0.001,1,Other,0.0236468417913083,0.029935766586347286
0.0005,0.01,2,0.001,2,PMEC,0.021856888279647064,0.030861598114785928
0.0005,0.01,2,0.001,2,VM,0.0,0.0
0.0005,0.01,2,0.001,2,Other,0.023782774331537807,0.030028539079037856
0.0005,0.01,2,0.005,0,PMEC,0.018796208489969463,0.029959728880268977
0.0005,0.01,2,0.005,0,VM,0.0,0.0
0.0005,0.01,2,0.005,0,Other,0.02250664949623426,0.03110697544312262
0.0005,0.01,2,0.005,1,PMEC,0.019260369211988256,0.03077012138827768
0.0005,0.01,2,0.005,1,VM,0.0,0.0
0.0005,0.01,2,0.005,1,Other,0.02117483462946187,0.030728920902190014
0.0005,0.01,2,0.005,2,PMEC,0.019039990163676326,0.03043992643552949
0.0005,0.01,2,0.005,2,VM,0.0,0.0
0.0005,0.01,2,0.005,2,Other,0.02063816081373524,0.029592459732041058
0.0005,0.01,2,0.01,0,PMEC,0.017740312590047463,0.030719937549161438
0.0005,0.01,2,0.01,0,VM,0.0,0.0
0.0005,0.01,2,0.01,0,Other,0.017961919589933612,0.032005480623720106
0.0005,0.01,2,0.01,1,PMEC,0.017936572820522644,0.031169808473775276
0.0005,0.01,2,0.01,1,VM,0.0,0.0
0.0005,0.01,2,0.01,1,Other,0.017122672899853687,0.03194044542748144
0.0005,0.01,2,0.01,2,PMEC,0.01830548005099071,0.03129379809802726
0.0005,0.01,2,0.01,2,VM,0.0,0.0
0.0005,0.01,2,0.01,2,Other,0.01758037272503215,0.03202134066285052
0.0005,0.01,2,0.05,0,PMEC,0.010318329660002129,0.04505253396617478
0.0005,0.01,2,0.05,0,VM,0.0,0.0
0.0005,0.01,2,0.05,0,Other,0.0048121012479076086,0.0460141318661008
0.0005,0.01,2,0.05,1,PMEC,0.010629227811562872,0.045435685633755704
0.0005,0.01,2,0.05,1,VM,0.0,0.0
0.0005,0.01,2,0.05,1,Other,0.006463115866713246,0.0461281885251246
0.0005,0.01,2,0.05,2,PMEC,0.01066828910096623,0.04507642070300412
0.0005,0.01,2,0.05,2,VM,0.0,0.0
0.0005,0.01,2,0.05,2,Other,0.005469613754264135,0.04591516133133962
0.0005,0.01,2,0.1,0,PMEC,0.007316039337704201,0.06837840283725442
0.0005,0.01,2,0.1,0,VM,0.0,0.0
0.0005,0.01,2,0.1,0,Other,0.004455265653312644,0.06958983958726732
0.0005,0.01,2,0.1,1,PMEC,0.0073601836423267866,0.06818402868776884
0.0005,0.01,2,0.1,1,VM,0.0,0.0
0.0005,0.01,2,0.1,1,Other,0.004328259090598631,0.06903006614009712
0.0005,0.01,2,0.1,2,PMEC,0.00805504542102005,0.06815942891830871
0.0005,0.01,2,0.1,2,VM,0.0,0.0
0.0005,0.01,2,0.1,2,Other,0.004928586128937852,0.06895710448246005
0.0005,0.05,0.75,0.001,0,PMEC,0.013791236031034222,0.029956605528008984
0.0005,0.05,0.75,0.001,0,VM,0.0,0.0
0.0005,0.05,0.75,0.001,0,Other,0.022016390719745288,0.030247398713192843
0.0005,0.05,0.75,0.001,1,PMEC,0.010321314429099082,0.029846089821064424
0.0005,0.05,0.75,0.001,1,VM,0.0,0.0
0.0005,0.05,0.75,0.001,1,Other,0.021776123159875743,0.030990303429644765
0.0005,0.05,0.75,0.001,2,PMEC,0.010345197799166603,0.02850842339253595
0.0005,0.05,0.75,0.001,2,VM,0.0,0.0
0.0005,0.05,0.75,0.001,2,Other,0.0202431614749342,0.02956605041759921
0.0005,0.05,0.75,0.005,0,PMEC,0.013529726819955349,0.03183083429361318
0.0005,0.05,0.75,0.005,0,VM,0.0,0.0
0.0005,0.05,0.75,0.005,0,Other,0.01859240959757287,0.03104591390711188
0.0005,0.05,0.75,0.005,1,PMEC,0.011476598752731099,0.029957401727835516
0.0005,0.05,0.75,0.005,1,VM,0.0,0.0
0.0005,0.05,0.75,0.005,1,Other,0.016975742775001197,0.029871115493403072
0.0005,0.05,0.75,0.005,2,PMEC,0.012209796003086556,0.03110501383468052
0.0005,0.05,0.75,0.005,2,VM,0.0,0.0
0.0005,0.05,0.75,0.005,2,Other,0.01567988704942484,0.029891863416215015
0.0005,0.05,0.75,0.01,0,PMEC,0.009717642289574335,0.031940958349110996
0.0005,0.05,0.75,0.01,0,VM,0.0,0.0
0.0005,0.05,0.75,0.01,0,Other,0.0125369386683153,0.03152018288454895
0.0005,0.05,0.75,0.01,1,PMEC,0.011627853529479544,0.03221954549341675
0.0005,0.05,0.75,0.01,1,VM,0.0,0.0
0.0005,0.05,0.75,0.01,1,Other,0.012729407725158499,0.031386467062082764
0.0005,0.05,0.75,0.01,2,PMEC,0.013247546676611032,0.03319724289155054
0.0005,0.05,0.75,0.01,2,VM,0.0,0.0
0.0005,0.05,0.75,0.01,2,Other,0.016072063650325326,0.032854309706713776
0.0005,0.05,0.75,0.05,0,PMEC,0.008297582772376636,0.04574323971052048
0.0005,0.05,0.75,0.05,0,VM,0.0,0.0
0.0005,0.05,0.75,0.05,0,Other,0.005810462934340248,0.04594102262770309
0.0005,0.05,0.75,0.05,1,PMEC,0.009059139952542985,0.04634974858947512
0.0005,0.05,0.75,0.05,1,VM,0.0,0.0
0.0005,0.05,0.75,0.05,1,Other,0.005551281917872368,0.04605124209069421
0.0005,0.05,0.75,0.05,2,PMEC,0.007768634315876925,0.04587418338300371
0.0005,0.05,0.75,0.05,2,VM,0.0,0.0
0.0005,0.05,0.75,0.05,2,Other,0.0057495683480708725,0.04590916354922144
0.0005,0.05,0.75,0.1,0,PMEC,0.0069272175665029525,0.06955107851867104
0.0005,0.05,0.75,0.1,0,VM,0.0,0.0
0.0005,0.05,0.75,0.1,0,Other,0.004159184463255456,0.06889772194058456
0.0005,0.05,0.75,0.1,1,PMEC,0.00689843864642862,0.06874396117644249
0.0005,0.05,0.75,0.1,1,VM,0.0,0.0
0.0005,0.05,0.75,0.1,1,Other,0.004107918159220426,0.06882493066842164
0.0005,0.05,0.75,0.1,2,PMEC,0.0059491662300479465,0.06994589617691539
0.0005,0.05,0.75,0.1,2,VM,0.0,0.0
0.0005,0.05,0.75,0.1,2,Other,0.0043342654997362085,0.06903031828357703
0.0005,0.05,1,0.001,0,PMEC,0.01011094926319162,0.028943458494139533
0.0005,0.05,1,0.001,0,VM,0.0,0.0
0.0005,0.05,1,0.001,0,Other,0.020584126249823618,0.02965712045433228
0.0005,0.05,1,0.001,1,PMEC,0.007475132953950801,0.02809302923782398
0.0005,0.05,1,0.001,1,VM,0.0,0.0
0.0005,0.05,1,0.001,1,Other,0.021350844141943787,0.030155782277022657
0.0005,0.05,1,0.001,2,PMEC,0.01009402806861275,0.030536410573269286
0.0005,0.05,1,0.001,2,VM,0.0,0.0
0.0005,0.05,1,0.001,2,Other,0.018540905031264536,0.03034252194523846
0.0005,0.05,1,0.005,0,PMEC,0.009577958973320672,0.032353917152282564
0.0005,0.05,1,0.005,0,VM,0.0,0.0
0.0005,0.05,1,0.005,0,Other,0.01605441245529286,0.030828256479440475
0.0005,0.05,1,0.005,1,PMEC,0.0056873295176148135,0.031028221285739253
0.0005,0.05,1,0.005,1,VM,0.0,0.0
0.0005,0.05,1,0.005,1,Other,0.014054242489280082,0.030720934870933695
0.0005,0.05,1,0.005,2,PMEC,0.006026593257734384,0.029250723729191748
0.0005,0.05,1,0.005,2,VM,0.0,0.0
0.0005,0.05,1,0.005,2,Other,0.015877344526079768,0.030396118109332113
0.0005,0.05,1,0.01,0,PMEC,0.010868872152471397,0.0342762451310496
0.0005,0.05,1,0.01,0,VM,0.0,0.0
0.0005,0.05,1,0.01,0,Other,0.013820643628536269,0.03305355164383199
0.0005,0.05,1,0.01,1,PMEC,0.00984886321993526,0.035549519168193267
0.0005,0.05,1,0.01,1,VM,0.0,0.0
0.0005,0.05,1,0.01,1,Other,0.012842897486627786,0.033230413741861385
0.0005,0.05,1,0.01,2,PMEC,0.007341729551291975,0.030584144594449372
0.0005,0.05,1,0.01,2,VM,0.0,0.0
0.0005,0.05,1,0.01,2,Other,0.010261309777448643,0.030480918166206326
0.0005,0.05,1,0.05,0,PMEC,0.0067268999688773964,0.046755779460736974
0.0005,0.05,1,0.05,0,VM,0.0,0.0
0.0005,0.05,1,0.05,0,Other,0.0054611112645341015,0.045762242369714004
0.0005,0.05,1,0.05,1,PMEC,0.007381532484622572,0.0469108957451197
0.0005,0.05,1,0.05,1,VM,0.0,0.0
0.0005,0.05,1,0.05,1,Other,0.005440189508193789,0.045942605380990646
0.0005,0.05,1,0.05,2,PMEC,0.006811866938171001,0.04702998159062363
0.0005,0.05,1,0.05,2,VM,0.0,0.0
0.0005,0.05,1,0.05,2,Other,0.004952395580920719,0.04589831144983979
0.0005,0.05,1,0.1,0,PMEC,0.006752605284440248,0.07034658201116645
0.0005,0.05,1,0.1,0,VM,0.0,0.0
0.0005,0.05,1,0.1,0,Other,0.004741094599497539,0.06926969603998438
0.0005,0.05,1,0.1,1,PMEC,0.006009686478811872,0.06988129563567644
0.0005,0.05,1,0.1,1,VM,0.0,0.0
0.0005,0.05,1,0.1,1,Other,0.0037714919897578704,0.06868120377282781
0.0005,0.05,1,0.1,2,PMEC,0.007409228806857603,0.07041575260337933
0.0005,0.05,1,0.1,2,VM,0.0,0.0
0.0005,0.05,1,0.1,2,Other,0.003535241595088063,0.0693485045029484
0.0005,0.05,1.5,0.001,0,PMEC,0.010135707254347726,0.03272470939943429
0.0005,0.05,1.5,0.001,0,VM,0.0,0.0
0.0005,0.05,1.5,0.001,0,Other,0.017231688858182437,0.03027632828044727
0.0005,0.05,1.5,0.001,1,PMEC,0.01138034476651004,0.03186479059205496
0.0005,0.05,1.5,0.001,1,VM,0.0,0.0
0.0005,0.05,1.5,0.001,1,Other,0.01880667613728353,0.02997373853626168
0.0005,0.05,1.5,0.001,2,PMEC,0.007446400361426959,0.0307722082336675
0.0005,0.05,1.5,0.001,2,VM,0.0,0.0
0.0005,0.05,1.5,0.001,2,Other,0.019760656818887185,0.030967980357697437
0.0005,0.05,1.5,0.005,0,PMEC,0.00521126453162302,0.03280267917341613
0.0005,0.05,1.5,0.005,0,VM,0.0,0.0
0.0005,0.05,1.5,0.005,0,Other,0.010853145611436143,0.030400911839163106
0.0005,0.05,1.5,0.005,1,PMEC,0.007714498038536707,0.03369876736446807
0.0005,0.05,1.5,0.005,1,VM,0.0,0.0
0.0005,0.05,1.5,0.005,1,Other,0.017329242241787345,0.03171769664789593
0.0005,0.05,1.5,0.005,2,PMEC,0.007837154845036961,0.03145980420488915
0.0005,0.05,1.5,0.005,2,VM,0.0,0.0
0.0005,0.05,1.5,0.005,2,Other,0.018823121987679527,0.03155941208376786
0.0005,0.05,1.5,0.01,0,PMEC,0.007641742610403477,0.03486032042943976
0.0005,0.05,1.5,0.01,0,VM,0.0,0.0
0.0005,0.05,1.5,0.01,0,Other,0.01307040071936528,0.03239462367025443
0.0005,0.05,1.5,0.01,1,PMEC,0.006369445986440139,0.03305776302114556
0.0005,0.05,1.5,0.01,1,VM,0.0,0.0
0.0005,0.05,1.5,0.01,1,Other,0.008943337689371545,0.03174533612901009
0.0005,0.05,1.5,0.01,2,PMEC,0.006150452348654522,0.034296804945044036
0.0005,0.05,1.5,0.01,2,VM,0.0,0.0
0.0005,0.05,1.5,0.01,2,Other,0.014774807131333412,0.03248987000705297
0.0005,0.05,1.5,0.05,0,PMEC,0.004886696221476357,0.0497295400989068
0.0005,0.05,1.5,0.05,0,VM,0.0,0.0
0.0005,0.05,1.5,0.05,0,Other,0.003792898767433283,0.046061642870157835
0.0005,0.05,1.5,0.05,1,PMEC,0.005423316451649772,0.04925306879628297
0.0005,0.05,1.5,0.05,1,VM,0.0,0.0
0.0005,0.05,1.5,0.05,1,Other,0.004100824362902078,0.04570570508930355
0.0005,0.05,1.5,0.05,2,PMEC,0.004306410208040769,0.04929906846025099
0.0005,0.05,1.5,0.05,2,VM,0.0,0.0
0.0005,0.05,1.5,0.05,2,Other,0.0033271484343827176,0.045715434436161495
0.0005,0.05,1.5,0.1,0,PMEC,0.005708960432317276,0.07280404692488249
0.0005,0.05,1.5,0.1,0,VM,0.0,0.0
0.0005,0.05,1.5,0.1,0,Other,0.0035615895309405073,0.06910526488846729
0.0005,0.05,1.5,0.1,1,PMEC,0.005368082373993957,0.07394120187914097
0.0005,0.05,1.5,0.1,1,VM,0.0,0.0
0.0005,0.05,1.5,0.1,1,Other,0.0038210991734236146,0.06945558622464403
0.0005,0.05,1.5,0.1,2,PMEC,0.00507988112208085,0.0731466061374212
0.0005,0.05,1.5,0.1,2,VM,0.0,0.0
0.0005,0.05,1.5,0.1,2,Other,0.003561668470882492,0.06928539307714478
0.0005,0.05,2,0.001,0,PMEC,0.0038507530880020004,0.030898882363884654
0.0005,0.05,2,0.001,0,VM,0.0,0.0
0.0005,0.05,2,0.001,0,Other,0.018899633387737005,0.02994495465673177
0.0005,0.05,2,0.001,1,PMEC,0.009942923954039297,0.032909331348490445
0.0005,0.05,2,0.001,1,VM,0.0,0.0
0.0005,0.05,2,0.001,1,Other,0.019616609313605586,0.031072498016590854
0.0005,0.05,2,0.001,2,PMEC,0.008507871797544002,0.03257562359723563
0.0005,0.05,2,0.001,2,VM,0.0,0.0
0.0005,0.05,2,0.001,2,Other,0.02192278475473031,0.03213285074350839
0.0005,0.05,2,0.005,0,PMEC,0.004324252190828507,0.03350257060326997
0.0005,0.05,2,0.005,0,VM,0.0,0.0
0.0005,0.05,2,0.005,0,Other,0.01795699678144355,0.03236069958121561
0.0005,0.05,2,0.005,1,PMEC,0.010071349737898127,0.03784342628670188
0.0005,0.05,2,0.005,1,VM,0.0,0.0
0.0005,0.05,2,0.005,1,Other,0.01591024092916736,0.03324491449776545
0.0005,0.05,2,0.005,2,PMEC,0.007943755996301724,0.03667289750373605
0.0005,0.05,2,0.005,2,VM,0.0,0.0
0.0005,0.05,2,0.005,2,Other,0.016823785937427664,0.03239110992614981
0.0005,0.05,2,0.01,0,PMEC,0.004189303011675843,0.035595402345837183
0.0005,0.05,2,0.01,0,VM,0.0,0.0
0.0005,0.05,2,0.01,0,Other,0.009354907341208847,0.03170491315877079
0.0005,0.05,2,0.01,1,PMEC,0.009164061966224359,0.03831014095083674
0.0005,0.05,2,0.01,1,VM,0.0,0.0
0.0005,0.05,2,0.01,1,Other,0.01309963197727293,0.03353825201180086
0.0005,0.05,2,0.01,2,PMEC,0.006609571735170189,0.035552242734631284
0.0005,0.05,2,0.01,2,VM,0.0,0.0
0.0005,0.05,2,0.01,2,Other,0.011635129388816442,0.0322556003969841
0.0005,0.05,2,0.05,0,PMEC,0.0024005476871940424,0.05070512606802784
0.0005,0.05,2,0.05,0,VM,0.0,0.0
0.0005,0.05,2,0.05,0,Other,0.0040916428542893185,0.04585077445821298
0.0005,0.05,2,0.05,1,PMEC,0.0032508402138969753,0.05134728859763894
0.0005,0.05,2,0.05,1,VM,0.0,0.0
0.0005,0.05,2,0.05,1,Other,0.003896030107762149,0.045938216063791434
0.0005,0.05,2,0.05,2,PMEC,0.0036271416954493105,0.05141979638475245
0.0005,0.05,2,0.05,2,VM,0.0,0.0
0.0005,0.05,2,0.05,2,Other,0.004171114606654071,0.045769282935930834
0.0005,0.05,2,0.1,0,PMEC,0.004878732038539644,0.07699500497026159
0.0005,0.05,2,0.1,0,VM,0.0,0.0
0.0005,0.05,2,0.1,0,Other,0.0034451312222013907,0.06907815842762988
0.0005,0.05,2,0.1,1,PMEC,0.005163296851082566,0.08568752251060467
0.0005,0.05,2,0.1,1,VM,0.0,0.0
0.0005,0.05,2,0.1,1,Other,0.005600988039100932,0.08617261177194711
0.0005,0.05,2,0.1,2,PMEC,0.004303620096616886,0.07728531989151713
0.0005,0.05,2,0.1,2,VM,0.0,0.0
0.0005,0.05,2,0.1,2,Other,0.003095967838532715,0.06916215413829203
0.0005,0.1,0.75,0.001,0,PMEC,0.012918291011178593,0.032630610006127464
0.0005,0.1,0.75,0.001,0,VM,0.0,0.0
0.0005,0.1,0.75,0.001,0,Other,0.02428759647351813,0.03273429966045407
0.0005,0.1,0.75,0.001,1,PMEC,0.010305838442746686,0.031679239417026404
0.0005,0.1,0.75,0.001,1,VM,0.0,0.0
0.0005,0.1,0.75,0.001,1,Other,0.02026419509715345,0.030502815935616996
0.0005,0.1,0.75,0.001,2,PMEC,0.0070655933306249166,0.031263860775966025
0.0005,0.1,0.75,0.001,2,VM,0.0,0.0
0.0005,0.1,0.75,0.001,2,Other,0.019699218212065682,0.030758639391382455
0.0005,0.1,0.75,0.005,0,PMEC,0.008068989881080593,0.03272452237353075
0.0005,0.1,0.75,0.005,0,VM,0.0,0.0
0.0005,0.1,0.75,0.005,0,Other,0.016291878737333697,0.03118331247151162
0.0005,0.1,0.75,0.005,1,PMEC,0.009250071706772457,0.034101337284316205
0.0005,0.1,0.75,0.005,1,VM,0.0,0.0
0.0005,0.1,0.75,0.005,1,Other,0.01529756710440813,0.0309745377729338
0.0005,0.1,0.75,0.005,2,PMEC,0.0026594141686513595,0.03107207130027867
0.0005,0.1,0.75,0.005,2,VM,0.0,0.0
0.0005,0.1,0.75,0.005,2,Other,0.012009336398929631,0.029829759778952115
0.0005,0.1,0.75,0.01,0,PMEC,0.005608268791683679,0.03252054490721126
0.0005,0.1,0.75,0.01,0,VM,0.0,0.0
0.0005,0.1,0.75,0.01,0,Other,0.0116431207180964,0.032301943865686876
0.0005,0.1,0.75,0.01,1,PMEC,0.005917207291078323,0.03358390403549025
0.0005,0.1,0.75,0.01,1,VM,0.0,0.0
0.0005,0.1,0.75,0.01,1,Other,0.010835948409764878,0.03223876467528127
0.0005,0.1,0.75,0.01,2,PMEC,0.006793122241700364,0.03435424218303988
0.0005,0.1,0.75,0.01,2,VM,0.0,0.0
0.0005,0.1,0.75,0.01,2,Other,0.01246317901030918,0.03337950616887933
0.0005,0.1,0.75,0.05,0,PMEC,0.004683298490792869,0.049263652455139285
0.0005,0.1,0.75,0.05,0,VM,0.0,0.0
0.0005,0.1,0.75,0.05,0,Other,0.004876363221488678,0.04595740158506462
0.0005,0.1,0.75,0.05,1,PMEC,0.0057995494938058835,0.04934493692197146
0.0005,0.1,0.75,0.05,1,VM,0.0,0.0
0.0005,0.1,0.75,0.05,1,Other,0.0046561427452946344,0.0460196654583646
0.0005,0.1,0.75,0.05,2,PMEC,0.003820834262129117,0.049492994655302075
0.0005,0.1,0.75,0.05,2,VM,0.0,0.0
0.0005,0.1,0.75,0.05,2,Other,0.0038427991073869527,0.045820508056174346
0.0005,0.1,0.75,0.1,0,PMEC,0.00515221342491607,0.07302387537312877
0.0005,0.1,0.75,0.1,0,VM,0.0,0.0
0.0005,0.1,0.75,0.1,0,Other,0.0034244347222200295,0.06911341755707155
0.0005,0.1,0.75,0.1,1,PMEC,0.004936472206250411,0.07316272751404525
0.0005,0.1,0.75,0.1,1,VM,0.0,0.0
0.0005,0.1,0.75,0.1,1,Other,0.003678159793122802,0.06888480784997503
0.0005,0.1,0.75,0.1,2,PMEC,0.0054173758868480675,0.07319044132489697
0.0005,0.1,0.75,0.1,2,VM,0.0,0.0
0.0005,0.1,0.75,0.1,2,Other,0.003960692461942018,0.06860708290072845
0.0005,0.1,1,0.001,0,PMEC,0.006919282370631374,0.031029591883985557
0.0005,0.1,1,0.001,0,VM,0.0,0.0
0.0005,0.1,1,0.001,0,Other,0.017998079053035156,0.029361456119662906
0.0005,0.1,1,0.001,1,PMEC,0.0051350642261237,0.03385562873158557
0.0005,0.1,1,0.001,1,VM,0.0,0.0
0.0005,0.1,1,0.001,1,Other,0.01794702543614825,0.03189453380671841
0.0005,0.1,1,0.001,2,PMEC,0.002548895158254243,0.03064391839309435
0.0005,0.1,1,0.001,2,VM,0.0,0.0
0.0005,0.1,1,0.001,2,Other,0.01222856357162391,0.02796564506846202
0.0005,0.1,1,0.005,0,PMEC,0.004555102503080568,0.03422483575773651
0.0005,0.1,1,0.005,0,VM,0.0,0.0
0.0005,0.1,1,0.005,0,Other,0.014796553177061805,0.03200021076799955
0.0005,0.1,1,0.005,1,PMEC,0.004971496498577098,0.03323527326109005
0.0005,0.1,1,0.005,1,VM,0.0,0.0
0.0005,0.1,1,0.005,1,Other,0.01468815455931049,0.030526588581980246
0.0005,0.1,1,0.005,2,PMEC,0.00659388858379062,0.033620670897829455
0.0005,0.1,1,0.005,2,VM,0.0,0.0
0.0005,0.1,1,0.005,2,Other,0.016788741290425298,0.03171544232492817
0.0005,0.1,1,0.01,0,PMEC,0.007669462026735246,0.036343519638513226
0.0005,0.1,1,0.01,0,VM,0.0,0.0
0.0005,0.1,1,0.01,0,Other,0.014899575416925132,0.03309983881579396
0.0005,0.1,1,0.01,1,PMEC,0.006388323633121244,0.03580912529114306
0.0005,0.1,1,0.01,1,VM,0.0,0.0
0.0005,0.1,1,0.01,1,Other,0.011024596476576677,0.03249182412311589
0.0005,0.1,1,0.01,2,PMEC,0.005780763259773216,0.03491648597246282
0.0005,0.1,1,0.01,2,VM,0.0,0.0
0.0005,0.1,1,0.01,2,Other,0.013737061295063505,0.03357600860185914
0.0005,0.1,1,0.05,0,PMEC,0.0037247526129786743,0.051974444408193377
0.0005,0.1,1,0.05,0,VM,0.0,0.0
0.0005,0.1,1,0.05,0,Other,0.003918308008874803,0.0459169369274175
0.0005,0.1,1,0.05,1,PMEC,0.0028120663664435337,0.052343537086166805
0.0005,0.1,1,0.05,1,VM,0.0,0.0
0.0005,0.1,1,0.05,1,Other,0.0035574433421113813,0.04606458254027643
0.0005,0.1,1,0.05,2,PMEC,0.0030933362014760367,0.051131173122866566
0.0005,0.1,1,0.05,2,VM,0.0,0.0
0.0005,0.1,1,0.05,2,Other,0.0036633068126227437,0.045886331249275415
0.0005,0.1,1,0.1,0,PMEC,0.004369480955356379,0.08840027572016813
0.0005,0.1,1,0.1,0,VM,0.0,0.0
0.0005,0.1,1,0.1,0,Other,0.00648076885193379,0.09136631850594074
0.0005,0.1,1,0.1,1,PMEC,0.006106363468311029,0.08951828393734236
0.0005,0.1,1,0.1,1,VM,0.0,0.0
0.0005,0.1,1,0.1,1,Other,0.005064853126833115,0.09014650613355399
0.0005,0.1,1,0.1,2,PMEC,0.0045089889173860155,0.07642576952873986
0.0005,0.1,1,0.1,2,VM,0.0,0.0
0.0005,0.1,1,0.1,2,Other,0.0037013091676733486,0.06918722209445831
0.0005,0.1,1.5,0.001,0,PMEC,0.007932847857570627,0.036973118390989206
0.0005,0.1,1.5,0.001,0,VM,0.0,0.0
0.0005,0.1,1.5,0.001,0,Other,0.02375455371393578,0.033944743000457245
0.0005,0.1,1.5,0.001,1,PMEC,0.006224933527601059,0.03419683698195853
0.0005,0.1,1.5,0.001,1,VM,0.0,0.0
0.0005,0.1,1.5,0.001,1,Other,0.019309484374523678,0.030677459705596054
0.0005,0.1,1.5,0.001,2,PMEC,0.00787042338507732,0.03737066124901459
0.0005,0.1,1.5,0.001,2,VM,0.0,0.0
0.0005,0.1,1.5,0.001,2,Other,0.018172311215630035,0.030836574935306595
0.0005,0.1,1.5,0.005,0,PMEC,0.006123486810081645,0.041010189354157664
0.0005,0.1,1.5,0.005,0,VM,0.0,0.0
0.0005,0.1,1.5,0.005,0,Other,0.015634756483187445,0.03310629895209478
0.0005,0.1,1.5,0.005,1,PMEC,0.0066048526889116305,0.039759800550932686
0.0005,0.1,1.5,0.005,1,VM,0.0,0.0
0.0005,0.1,1.5,0.005,1,Other,0.01455144966539864,0.031704490792396005
0.0005,0.1,1.5,0.005,2,PMEC,0.007502926940276298,0.03914478881204621
0.0005,0.1,1.5,0.005,2,VM,0.0,0.0
0.0005,0.1,1.5,0.005,2,Other,0.015165481846534466,0.031596850785400275
0.0005,0.1,1.5,0.01,0,PMEC,0.005471090168054123,0.04091296696640975
0.0005,0.1,1.5,0.01,0,VM,0.0,0.0
0.0005,0.1,1.5,0.01,0,Other,0.011980452008679999,0.033108205913550265
0.0005,0.1,1.5,0.01,1,PMEC,0.0075739974785943185,0.040008872731062496
0.0005,0.1,1.5,0.01,1,VM,0.0,0.0
0.0005,0.1,1.5,0.01,1,Other,0.012900029625909993,0.032634237437892843
0.0005,0.1,1.5,0.01,2,PMEC,0.006344201566237261,0.041179244866730726
0.0005,0.1,1.5,0.01,2,VM,0.0,0.0
0.0005,0.1,1.5,0.01,2,Other,0.012806057733299965,0.03355058196047027
0.0005,0.1,1.5,0.05,0,PMEC,0.003846427516070947,0.057637569399996466
0.0005,0.1,1.5,0.05,0,VM,0.0,0.0
0.0005,0.1,1.5,0.05,0,Other,0.0035205645942537156,0.04606103257889541
0.0005,0.1,1.5,0.05,1,PMEC,0.002621949416946035,0.058675519087840224
0.0005,0.1,1.5,0.05,1,VM,0.0,0.0
0.0005,0.1,1.5,0.05,1,Other,0.0029267555577085244,0.04588456641486126
0.0005,0.1,1.5,0.05,2,PMEC,0.006968363839987302,0.0747400980633299
0.0005,0.1,1.5,0.05,2,VM,0.0,0.0
0.0005,0.1,1.5,0.05,2,Other,0.007067040646198913,0.07024803694389901
0.0005,0.1,1.5,0.1,0,PMEC,0.006083661706432984,0.08915245453491392
0.0005,0.1,1.5,0.1,0,VM,0.0,0.0
0.0005,0.1,1.5,0.1,0,Other,0.006030715640769552,0.08800164802084166
0.0005,0.1,1.5,0.1,1,PMEC,0.0064583010196648406,0.08989980076810593
0.0005,0.1,1.5,0.1,1,VM,0.0,0.0
0.0005,0.1,1.5,0.1,1,Other,0.006039316769631229,0.09083472183205697
0.0005,0.1,1.5,0.1,2,PMEC,0.0066944134946443305,0.0907448893613359
0.0005,0.1,1.5,0.1,2,VM,0.0,0.0
0.0005,0.1,1.5,0.1,2,Other,0.005007041607478284,0.08829351677022713
0.0005,0.1,2,0.001,0,PMEC,0.013913381918383863,0.06070029101627809
0.0005,0.1,2,0.001,0,VM,0.0,0.0
0.0005,0.1,2,0.001,0,Other,0.021968597635713547,0.05025387956601861
0.0005,0.1,2,0.001,1,PMEC,0.011081554610873305,0.0574653335814267
0.0005,0.1,2,0.001,1,VM,0.0,0.0
0.0005,0.1,2,0.001,1,Other,0.017751014609355457,0.05489385514223673
0.0005,0.1,2,0.001,2,PMEC,0.015375253478908895,0.06048103253641031
0.0005,0.1,2,0.001,2,VM,0.0,0.0
0.0005,0.1,2,0.001,2,Other,0.01881553234807016,0.05869057592272794
0.0005,0.1,2,0.005,0,PMEC,0.007473295025502837,0.05430043918944497
0.0005,0.1,2,0.005,0,VM,0.0,0.0
0.0005,0.1,2,0.005,0,Other,0.014139444448359918,0.05373314535569171
0.0005,0.1,2,0.005,1,PMEC,0.011606804156502361,0.0550484117755372
0.0005,0.1,2,0.005,1,VM,0.0,0.0
0.0005,0.1,2,0.005,1,Other,0.01544295276156152,0.05852557164066225
0.0005,0.1,2,0.005,2,PMEC,0.015755268838591838,0.06442071653869587
0.0005,0.1,2,0.005,2,VM,0.0,0.0
0.0005,0.1,2,0.005,2,Other,0.017833609237130794,0.06447862125026341
0.0005,0.1,2,0.01,0,PMEC,0.007236208167543946,0.06252280035095238
0.0005,0.1,2,0.01,0,VM,0.0,0.0
0.0005,0.1,2,0.01,0,Other,0.011904063733908836,0.04610237632882155
0.0005,0.1,2,0.01,1,PMEC,0.006802722725579329,0.04844073355684617
0.0005,0.1,2,0.01,1,VM,0.0,0.0
0.0005,0.1,2,0.01,1,Other,0.015116023156390941,0.03412517989687699
0.0005,0.1,2,0.01,2,PMEC,0.0088923253514383,0.05953960243565088
0.0005,0.1,2,0.01,2,VM,0.0,0.0
0.0005,0.1,2,0.01,2,Other,0.008201747105790387,0.05225736764041636
0.0005,0.1,2,0.05,0,PMEC,0.006134691561141282,0.07327323862789596
0.0005,0.1,2,0.05,0,VM,0.0,0.0
0.0005,0.1,2,0.05,0,Other,0.005550916515693433,0.06784301428710189
0.0005,0.1,2,0.05,1,PMEC,0.006751954725297755,0.07062203406064717
0.0005,0.1,2,0.05,1,VM,0.0,0.0
0.0005,0.1,2,0.05,1,Other,0.006633637304395453,0.07121161248290517
0.0005,0.1,2,0.05,2,PMEC,0.004987455798389471,0.07492320604371326
0.0005,0.1,2,0.05,2,VM,0.0,0.0
0.0005,0.1,2,0.05,2,Other,0.007267213488049722,0.07224815230770525
0.0005,0.1,2,0.1,0,PMEC,0.004814149910734901,0.09280249044993454
0.0005,0.1,2,0.1,0,VM,0.0,0.0
0.0005,0.1,2,0.1,0,Other,0.0053404474217829696,0.09120972043146411
0.0005,0.1,2,0.1,1,PMEC,0.006793007260249087,0.09099981771799097
0.0005,0.1,2,0.1,1,VM,0.0,0.0
0.0005,0.1,2,0.1,1,Other,0.005453539329806179,0.08814491421764427
0.0005,0.1,2,0.1,2,PMEC,0.006327921931330574,0.09522792055375506
0.0005,0.1,2,0.1,2,VM,0.0,0.0
0.0005,0.1,2,0.1,2,Other,0.007109393121892266,0.09777988393101518
0.001,0.0001,0.75,0.001,0,PMEC,0.026654503055219006,0.02872680890961587
0.001,0.0001,0.75,0.001,0,VM,0.0,0.0
0.001,0.0001,0.75,0.001,0,Other,0.026249387298558496,0.02815125667201378
0.001,0.0001,0.75,0.001,1,PMEC,0.029025859307471487,0.030900530446606102
0.001,0.0001,0.75,0.001,1,VM,0.0,0.0
0.001,0.0001,0.75,0.001,1,Other,0.02601982334803342,0.027906687321107706
0.001,0.0001,0.75,0.001,2,PMEC,0.029955791243199876,0.03189740761402828
0.001,0.0001,0.75,0.001,2,VM,0.0,0.0
0.001,0.0001,0.75,0.001,2,Other,0.027150379422552485,0.029043473338438604
0.001,0.0001,0.75,0.005,0,PMEC,0.027550863398936972,0.03277146053926858
0.001,0.0001,0.75,0.005,0,VM,0.0,0.0
0.001,0.0001,0.75,0.005,0,Other,0.025858360310705764,0.031733683126898594
0.001,0.0001,0.75,0.005,1,PMEC,0.026958477741247978,0.032109082070355816
0.001,0.0001,0.75,0.005,1,VM,0.0,0.0
0.001,0.0001,0.75,0.005,1,Other,0.026473466125471648,0.03200987169094862
0.001,0.0001,0.75,0.005,2,PMEC,0.027695360082196103,0.032721016537972755
0.001,0.0001,0.75,0.005,2,VM,0.0,0.0
0.001,0.0001,0.75,0.005,2,Other,0.02679632761388605,0.03230300926664425
0.001,0.0001,0.75,0.01,0,PMEC,0.02341556055615292,0.0325062488487229
0.001,0.0001,0.75,0.01,0,VM,0.0,0.0
0.001,0.0001,0.75,0.01,0,Other,0.020118651985075765,0.03226379356927907
0.001,0.0001,0.75,0.01,1,PMEC,0.022975444280798174,0.03210746205974341
0.001,0.0001,0.75,0.01,1,VM,0.0,0.0
0.001,0.0001,0.75,0.01,1,Other,0.020714733132616476,0.03239131881137824
0.001,0.0001,0.75,0.01,2,PMEC,0.0233045711279365,0.032229840575770656
0.001,0.0001,0.75,0.01,2,VM,0.0,0.0
0.001,0.0001,0.75,0.01,2,Other,0.021267855924738552,0.03218558304637651
0.001,0.0001,0.75,0.05,0,PMEC,0.01196815730190827,0.04466435619781868
0.001,0.0001,0.75,0.05,0,VM,0.0,0.0
0.001,0.0001,0.75,0.05,0,Other,0.007331681548855916,0.046214700512849906
0.001,0.0001,0.75,0.05,1,PMEC,0.012069525141363543,0.04485050185651901
0.001,0.0001,0.75,0.05,1,VM,0.0,0.0
0.001,0.0001,0.75,0.05,1,Other,0.006069686672832784,0.04622498476295476
0.001,0.0001,0.75,0.05,2,PMEC,0.012277773278999288,0.04425054354774839
0.001,0.0001,0.75,0.05,2,VM,0.0,0.0
0.001,0.0001,0.75,0.05,2,Other,0.006269603902239533,0.0463633647322111
0.001,0.0001,0.75,0.1,0,PMEC,0.007192032300327024,0.06683043853532994
0.001,0.0001,0.75,0.1,0,VM,0.0,0.0
0.001,0.0001,0.75,0.1,0,Other,0.004569365460063555,0.06914311073695843
0.001,0.0001,0.75,0.1,1,PMEC,0.008002748018890516,0.06783256283621038
0.001,0.0001,0.75,0.1,1,VM,0.0,0.0
0.001,0.0001,0.75,0.1,1,Other,0.004507330917410919,0.06938915411387166
0.001,0.0001,0.75,0.1,2,PMEC,0.00804250694478218,0.06798549230268612
0.001,0.0001,0.75,0.1,2,VM,0.0,0.0
0.001,0.0001,0.75,0.1,2,Other,0.0044090496073527635,0.06964665129292813
0.001,0.0001,1,0.001,0,PMEC,0.02840848554255269,0.03020333276475729
0.001,0.0001,1,0.001,0,VM,0.0,0.0
0.001,0.0001,1,0.001,0,Other,0.026465936806242426,0.02819928269869993
0.001,0.0001,1,0.001,1,PMEC,0.028433529278364268,0.03045450702439111
0.001,0.0001,1,0.001,1,VM,0.0,0.0
0.001,0.0001,1,0.001,1,Other,0.027359770300400935,0.02939704873157257
0.001,0.0001,1,0.001,2,PMEC,0.026920316659785157,0.02875018041410333
0.001,0.0001,1,0.001,2,VM,0.0,0.0
0.001,0.0001,1,0.001,2,Other,0.027698534784405583,0.029409260128619306
0.001,0.0001,1,0.005,0,PMEC,0.02708087738206465,0.03273132566572357
0.001,0.0001,1,0.005,0,VM,0.0,0.0
0.001,0.0001,1,0.005,0,Other,0.02624415947861572,0.032004480874812946
0.001,0.0001,1,0.005,1,PMEC,0.0268362237426367,0.032348562442307
0.001,0.0001,1,0.005,1,VM,0.0,0.0
0.001,0.0001,1,0.005,1,Other,0.025759102897855397,0.031657930806801536
0.001,0.0001,1,0.005,2,PMEC,0.02844521806398785,0.03348298505851041
0.001,0.0001,1,0.005,2,VM,0.0,0.0
0.001,0.0001,1,0.005,2,Other,0.025970026528429703,0.03169551639748614
0.001,0.0001,1,0.01,0,PMEC,0.023584087189561613,0.03248797189188379
0.001,0.0001,1,0.01,0,VM,0.0,0.0
0.001,0.0001,1,0.01,0,Other,0.020039119053716047,0.03234094621625467
0.001,0.0001,1,0.01,1,PMEC,0.02359003856311703,0.032987149837739455
0.001,0.0001,1,0.01,1,VM,0.0,0.0
0.001,0.0001,1,0.01,1,Other,0.020099728470437495,0.03229057538111527
0.001,0.0001,1,0.01,2,PMEC,0.024293880932989394,0.03302784867230794
0.001,0.0001,1,0.01,2,VM,0.0,0.0
0.001,0.0001,1,0.01,2,Other,0.02142512367023931,0.03261101355120749
0.001,0.0001,1,0.05,0,PMEC,0.011736438763391905,0.04452692495320429
0.001,0.0001,1,0.05,0,VM,0.0,0.0
0.001,0.0001,1,0.05,0,Other,0.00709827515853325,0.04588712896475825
0.001,0.0001,1,0.05,1,PMEC,0.011950457967741175,0.04467769479550348
0.001,0.0001,1,0.05,1,VM,0.0,0.0
0.001,0.0001,1,0.05,1,Other,0.006017378389430053,0.046045008626975414
0.001,0.0001,1,0.05,2,PMEC,0.012608717624137605,0.04517345532056113
0.001,0.0001,1,0.05,2,VM,0.0,0.0
0.001,0.0001,1,0.05,2,Other,0.006971222260406594,0.04611825262988025
0.001,0.0001,1,0.1,0,PMEC,0.007446963175096514,0.06688369450056139
0.001,0.0001,1,0.1,0,VM,0.0,0.0
0.001,0.0001,1,0.1,0,Other,0.004963494403482978,0.06922416449954219
0.001,0.0001,1,0.1,1,PMEC,0.006555935198476409,0.06756842517636648
0.001,0.0001,1,0.1,1,VM,0.0,0.0
0.001,0.0001,1,0.1,1,Other,0.004667260525451259,0.06906836168598453
0.001,0.0001,1,0.1,2,PMEC,0.008953779612248565,0.06794034561291223
0.001,0.0001,1,0.1,2,VM,0.0,0.0
0.001,0.0001,1,0.1,2,Other,0.004384748780195198,0.06955052822308432
0.001,0.0001,1.5,0.001,0,PMEC,0.028973307253861404,0.030602086578373204
0.001,0.0001,1.5,0.001,0,VM,0.0,0.0
0.001,0.0001,1.5,0.001,0,Other,0.02693689441882807,0.028524596646797514
0.001,0.0001,1.5,0.001,1,PMEC,0.027029146320578595,0.029363275591297193
0.001,0.0001,1.5,0.001,1,VM,0.0,0.0
0.001,0.0001,1.5,0.001,1,Other,0.02573113046058459,0.02776478318134843
0.001,0.0001,1.5,0.001,2,PMEC,0.029226785841725514,0.0309772041677891
0.001,0.0001,1.5,0.001,2,VM,0.0,0.0
0.001,0.0001,1.5,0.001,2,Other,0.026503090660528895,0.028489453509609828
0.001,0.0001,1.5,0.005,0,PMEC,0.02682539258895734,0.032435127710204
0.001,0.0001,1.5,0.005,0,VM,0.0,0.0
0.001,0.0001,1.5,0.005,0,Other,0.02558904757192,0.03157990622411305
0.001,0.0001,1.5,0.005,1,PMEC,0.02724616620166734,0.032097773329807
0.001,0.0001,1.5,0.005,1,VM,0.0,0.0
0.001,0.0001,1.5,0.005,1,Other,0.02692034441461735,0.03239848077106101
0.001,0.0001,1.5,0.005,2,PMEC,0.02556347635296573,0.03176394615311313
0.001,0.0001,1.5,0.005,2,VM,0.0,0.0
0.001,0.0001,1.5,0.005,2,Other,0.025386151569703006,0.03161723270900264
0.001,0.0001,1.5,0.01,0,PMEC,0.02338467886403917,0.03263448297442254
0.001,0.0001,1.5,0.01,0,VM,0.0,0.0
0.001,0.0001,1.5,0.01,0,Other,0.02057210235694877,0.032141155523717296
0.001,0.0001,1.5,0.01,1,PMEC,0.023381287209909733,0.032464070027793945
0.001,0.0001,1.5,0.01,1,VM,0.0,0.0
0.001,0.0001,1.5,0.01,1,Other,0.02098446741678131,0.032151674161073174
0.001,0.0001,1.5,0.01,2,PMEC,0.02308192505370473,0.031918429479113435
0.001,0.0001,1.5,0.01,2,VM,0.0,0.0
0.001,0.0001,1.5,0.01,2,Other,0.022098407452629233,0.03244592697918966
0.001,0.0001,1.5,0.05,0,PMEC,0.011047984698429195,0.044995463213673266
0.001,0.0001,1.5,0.05,0,VM,0.0,0.0
0.001,0.0001,1.5,0.05,0,Other,0.006324718905099895,0.04623990179838949
0.001,0.0001,1.5,0.05,1,PMEC,0.0111302625889492,0.04473993348434193
0.001,0.0001,1.5,0.05,1,VM,0.0,0.0
0.001,0.0001,1.5,0.05,1,Other,0.0061850889567080635,0.04616754644552652
0.001,0.0001,1.5,0.05,2,PMEC,0.010905745238334392,0.04489678880421985
0.001,0.0001,1.5,0.05,2,VM,0.0,0.0
0.001,0.0001,1.5,0.05,2,Other,0.006693253458354776,0.04596038125129218
0.001,0.0001,1.5,0.1,0,PMEC,0.008139480559070222,0.06791365910027675
0.001,0.0001,1.5,0.1,0,VM,0.0,0.0
0.001,0.0001,1.5,0.1,0,Other,0.004620484397844168,0.06899820934734514
0.001,0.0001,1.5,0.1,1,PMEC,0.00895972360340835,0.0677940811305238
0.001,0.0001,1.5,0.1,1,VM,0.0,0.0
0.001,0.0001,1.5,0.1,1,Other,0.00484192424738781,0.06925135033117212
0.001,0.0001,1.5,0.1,2,PMEC,0.008101367211719158,0.06718064088195609
0.001,0.0001,1.5,0.1,2,VM,0.0,0.0
0.001,0.0001,1.5,0.1,2,Other,0.004569007358183948,0.06929584770293254
0.001,0.0001,2,0.001,0,PMEC,0.027863968355271163,0.029950107853948454
0.001,0.0001,2,0.001,0,VM,0.0,0.0
0.001,0.0001,2,0.001,0,Other,0.026687467311105714,0.02883960880707843
0.001,0.0001,2,0.001,1,PMEC,0.02941377075208048,0.03129729046413208
0.001,0.0001,2,0.001,1,VM,0.0,0.0
0.001,0.0001,2,0.001,1,Other,0.027541203119064165,0.029324898402019253
0.001,0.0001,2,0.001,2,PMEC,0.029712207226325303,0.03169953066015802
0.001,0.0001,2,0.001,2,VM,0.0,0.0
0.001,0.0001,2,0.001,2,Other,0.027671293552429355,0.0296657093974788
0.001,0.0001,2,0.005,0,PMEC,0.027649959891627596,0.03283817925735165
0.001,0.0001,2,0.005,0,VM,0.0,0.0
0.001,0.0001,2,0.005,0,Other,0.02607253421129424,0.03223443396284459
0.001,0.0001,2,0.005,1,PMEC,0.027868842387639422,0.033108832767596755
0.001,0.0001,2,0.005,1,VM,0.0,0.0
0.001,0.0001,2,0.005,1,Other,0.026982361458652265,0.03255731227296443
0.001,0.0001,2,0.005,2,PMEC,0.02763844568765606,0.03246840430245181
0.001,0.0001,2,0.005,2,VM,0.0,0.0
0.001,0.0001,2,0.005,2,Other,0.025163507978451554,0.03095459464171523
0.001,0.0001,2,0.01,0,PMEC,0.02288385531332323,0.03216569744003342
0.001,0.0001,2,0.01,0,VM,0.0,0.0
0.001,0.0001,2,0.01,0,Other,0.020992450335414067,0.03276365113946562
0.001,0.0001,2,0.01,1,PMEC,0.023730478303604675,0.03246308124994005
0.001,0.0001,2,0.01,1,VM,0.0,0.0
0.001,0.0001,2,0.01,1,Other,0.02155537763487909,0.03256122449094037
0.001,0.0001,2,0.01,2,PMEC,0.02282340711141367,0.032387787839688646
0.001,0.0001,2,0.01,2,VM,0.0,0.0
0.001,0.0001,2,0.01,2,Other,0.020394013983017878,0.03205410935110293
0.001,0.0001,2,0.05,0,PMEC,0.011094174542815574,0.04464790193725345
0.001,0.0001,2,0.05,0,VM,0.0,0.0
0.001,0.0001,2,0.05,0,Other,0.006507645279445794,0.04600563166423444
0.001,0.0001,2,0.05,1,PMEC,0.012546436845488508,0.04441675557580166
0.001,0.0001,2,0.05,1,VM,0.0,0.0
0.001,0.0001,2,0.05,1,Other,0.006772951576050818,0.04622083254960961
0.001,0.0001,2,0.05,2,PMEC,0.011906404715433984,0.0447405139699379
0.001,0.0001,2,0.05,2,VM,0.0,0.0
0.001,0.0001,2,0.05,2,Other,0.00677652982498189,0.04604753782534377
0.001,0.0001,2,0.1,0,PMEC,0.007822055187630935,0.06761667351954172
0.001,0.0001,2,0.1,0,VM,0.0,0.0
0.001,0.0001,2,0.1,0,Other,0.003989442673100608,0.06942903268393676
0.001,0.0001,2,0.1,1,PMEC,0.007232978204462197,0.06757507149229815
0.001,0.0001,2,0.1,1,VM,0.0,0.0
0.001,0.0001,2,0.1,1,Other,0.004524766595785628,0.06951749367964179
0.001,0.0001,2,0.1,2,PMEC,0.007721018583927626,0.06762907183385818
0.001,0.0001,2,0.1,2,VM,0.0,0.0
0.001,0.0001,2,0.1,2,Other,0.004422178689321485,0.06945025338860249
0.001,0.0005,0.75,0.001,0,PMEC,0.026418091446320843,0.02862308349914119
0.001,0.0005,0.75,0.001,0,VM,0.0,0.0
0.001,0.0005,0.75,0.001,0,Other,0.024973942882875938,0.02697190385714162
0.001,0.0005,0.75,0.001,1,PMEC,0.027464537151574344,0.029210993910829423
0.001,0.0005,0.75,0.001,1,VM,0.0,0.0
0.001,0.0005,0.75,0.001,1,Other,0.02616585275391396,0.028097426208557257
0.001,0.0005,0.75,0.001,2,PMEC,0.0253962568539368,0.027485074335401774
0.001,0.0005,0.75,0.001,2,VM,0.0,0.0
0.001,0.0005,0.75,0.001,2,Other,0.02581043851815475,0.02794051948376181
0.001,0.0005,0.75,0.005,0,PMEC,0.02803670715257803,0.03339349628640325
0.001,0.0005,0.75,0.005,0,VM,0.0,0.0
0.001,0.0005,0.75,0.005,0,Other,0.02570091210855296,0.03154895320860433
0.001,0.0005,0.75,0.005,1,PMEC,0.027435870287221727,0.03286640182758948
0.001,0.0005,0.75,0.005,1,VM,0.0,0.0
0.001,0.0005,0.75,0.005,1,Other,0.02639895724342981,0.03215928812032352
0.001,0.0005,0.75,0.005,2,PMEC,0.02750831408034596,0.03281380186205391
0.001,0.0005,0.75,0.005,2,VM,0.0,0.0
0.001,0.0005,0.75,0.005,2,Other,0.026336305120774468,0.03189313502758161
0.001,0.0005,0.75,0.01,0,PMEC,0.02457126214621909,0.032904079640277466
0.001,0.0005,0.75,0.01,0,VM,0.0,0.0
0.001,0.0005,0.75,0.01,0,Other,0.021175444247752608,0.03261253056526153
0.001,0.0005,0.75,0.01,1,PMEC,0.024389703317027212,0.03327196643076817
0.001,0.0005,0.75,0.01,1,VM,0.0,0.0
0.001,0.0005,0.75,0.01,1,Other,0.021401513539636728,0.03268175640977624
0.001,0.0005,0.75,0.01,2,PMEC,0.02314260857459084,0.03202472300238666
0.001,0.0005,0.75,0.01,2,VM,0.0,0.0
0.001,0.0005,0.75,0.01,2,Other,0.021270724111994908,0.03280189317830593
0.001,0.0005,0.75,0.05,0,PMEC,0.01173453854122365,0.04518715174045305
0.001,0.0005,0.75,0.05,0,VM,0.0,0.0
0.001,0.0005,0.75,0.05,0,Other,0.0068900815081686636,0.04615262617101337
0.001,0.0005,0.75,0.05,1,PMEC,0.011111678017731979,0.04491024919913509
0.001,0.0005,0.75,0.05,1,VM,0.0,0.0
0.001,0.0005,0.75,0.05,1,Other,0.006093365015707011,0.04606972329437743
0.001,0.0005,0.75,0.05,2,PMEC,0.01188863601623173,0.044508206302870036
0.001,0.0005,0.75,0.05,2,VM,0.0,0.0
0.001,0.0005,0.75,0.05,2,Other,0.006347988477739828,0.0463547634816781
0.001,0.0005,0.75,0.1,0,PMEC,0.007323286301957818,0.06770701801558734
0.001,0.0005,0.75,0.1,0,VM,0.0,0.0
0.001,0.0005,0.75,0.1,0,Other,0.004124371233315979,0.06919169844759597
0.001,0.0005,0.75,0.1,1,PMEC,0.007127076978415371,0.06779393645149168
0.001,0.0005,0.75,0.1,1,VM,0.0,0.0
0.001,0.0005,0.75,0.1,1,Other,0.004718546272054862,0.06941607183019799
0.001,0.0005,0.75,0.1,2,PMEC,0.007193125183293319,0.0675119442533288
0.001,0.0005,0.75,0.1,2,VM,0.0,0.0
0.001,0.0005,0.75,0.1,2,Other,0.004998268865591187,0.06914936046677575
0.001,0.0005,1,0.001,0,PMEC,0.02675980613116385,0.028728979881233456
0.001,0.0005,1,0.001,0,VM,0.0,0.0
0.001,0.0005,1,0.001,0,Other,0.025050715696073082,0.027145620327121915
0.001,0.0005,1,0.001,1,PMEC,0.02717231104496923,0.029295059772734205
0.001,0.0005,1,0.001,1,VM,0.0,0.0
0.001,0.0005,1,0.001,1,Other,0.02580982181846379,0.027882912669028957
0.001,0.0005,1,0.001,2,PMEC,0.02754731035146051,0.029631305049122855
0.001,0.0005,1,0.001,2,VM,0.0,0.0
0.001,0.0005,1,0.001,2,Other,0.026675918596600828,0.028686271198434053
0.001,0.0005,1,0.005,0,PMEC,0.027683698897825702,0.03317485220148049
0.001,0.0005,1,0.005,0,VM,0.0,0.0
0.001,0.0005,1,0.005,0,Other,0.025926619130986144,0.031933584506907135
0.001,0.0005,1,0.005,1,PMEC,0.02805244395487457,0.03331059036797422
0.001,0.0005,1,0.005,1,VM,0.0,0.0
0.001,0.0005,1,0.005,1,Other,0.026421777498611916,0.03181784323576325
0.001,0.0005,1,0.005,2,PMEC,0.028478308466566238,0.033539083913092335
0.001,0.0005,1,0.005,2,VM,0.0,0.0
0.001,0.0005,1,0.005,2,Other,0.026420017932933526,0.03217569714488595
0.001,0.0005,1,0.01,0,PMEC,0.023476639805223177,0.03274004061651428
0.001,0.0005,1,0.01,0,VM,0.0,0.0
0.001,0.0005,1,0.01,0,Other,0.021588968929485704,0.032328763519245164
0.001,0.0005,1,0.01,1,PMEC,0.022567788181275753,0.031843604580793466
0.001,0.0005,1,0.01,1,VM,0.0,0.0
0.001,0.0005,1,0.01,1,Other,0.020075319987681438,0.031864637962098576
0.001,0.0005,1,0.01,2,PMEC,0.023638093488930728,0.03231689859219261
0.001,0.0005,1,0.01,2,VM,0.0,0.0
0.001,0.0005,1,0.01,2,Other,0.02126469885538547,0.03241847171195692
0.001,0.0005,1,0.05,0,PMEC,0.012000066428969725,0.04523355692387807
0.001,0.0005,1,0.05,0,VM,0.0,0.0
0.001,0.0005,1,0.05,0,Other,0.005265842628629896,0.046240501528912854
0.001,0.0005,1,0.05,1,PMEC,0.011215675464127993,0.044395354133236184
0.001,0.0005,1,0.05,1,VM,0.0,0.0
0.001,0.0005,1,0.05,1,Other,0.006251954063303354,0.04622928754354097
0.001,0.0005,1,0.05,2,PMEC,0.01193959086689182,0.04497012844958218
0.001,0.0005,1,0.05,2,VM,0.0,0.0
0.001,0.0005,1,0.05,2,Other,0.006153085936788869,0.04598330693736437
0.001,0.0005,1,0.1,0,PMEC,0.008074713998388107,0.06780022743976316
0.001,0.0005,1,0.1,0,VM,0.0,0.0
0.001,0.0005,1,0.1,0,Other,0.004317246602408365,0.06969891021389345
0.001,0.0005,1,0.1,1,PMEC,0.007843122544035887,0.06755141917374294
0.001,0.0005,1,0.1,1,VM,0.0,0.0
0.001,0.0005,1,0.1,1,Other,0.004805995049084905,0.06950410672372045
0.001,0.0005,1,0.1,2,PMEC,0.008615696723251989,0.06769103408819614
0.001,0.0005,1,0.1,2,VM,0.0,0.0
0.001,0.0005,1,0.1,2,Other,0.004677799310109493,0.0691617396257976
0.001,0.0005,1.5,0.001,0,PMEC,0.02646548214571277,0.028382061409291105
0.001,0.0005,1.5,0.001,0,VM,0.0,0.0
0.001,0.0005,1.5,0.001,0,Other,0.0271298143469339,0.029000698571083512
0.001,0.0005,1.5,0.001,1,PMEC,0.02654396728518911,0.02867762612590632
0.001,0.0005,1.5,0.001,1,VM,0.0,0.0
0.001,0.0005,1.5,0.001,1,Other,0.025148800610235115,0.027050590640132537
0.001,0.0005,1.5,0.001,2,PMEC,0.026264422671790185,0.028149273711906057
0.001,0.0005,1.5,0.001,2,VM,0.0,0.0
0.001,0.0005,1.5,0.001,2,Other,0.025333570856122933,0.027264397506908348
0.001,0.0005,1.5,0.005,0,PMEC,0.02748235592111101,0.032654240387921814
0.001,0.0005,1.5,0.005,0,VM,0.0,0.0
0.001,0.0005,1.5,0.005,0,Other,0.025240438018245222,0.031084656268286822
0.001,0.0005,1.5,0.005,1,PMEC,0.026307415191244618,0.032159601433373354
0.001,0.0005,1.5,0.005,1,VM,0.0,0.0
0.001,0.0005,1.5,0.005,1,Other,0.024836589076193266,0.03156869209943743
0.001,0.0005,1.5,0.005,2,PMEC,0.02734080850408662,0.03226302905395402
0.001,0.0005,1.5,0.005,2,VM,0.0,0.0
0.001,0.0005,1.5,0.005,2,Other,0.025727343507332696,0.031642289704161615
0.001,0.0005,1.5,0.01,0,PMEC,0.02371908548887608,0.03242958977670045
0.001,0.0005,1.5,0.01,0,VM,0.0,0.0
0.001,0.0005,1.5,0.01,0,Other,0.02133316783484302,0.03260383999079743
0.001,0.0005,1.5,0.01,1,PMEC,0.023205078935077585,0.03219427469240357
0.001,0.0005,1.5,0.01,1,VM,0.0,0.0
0.001,0.0005,1.5,0.01,1,Other,0.020641933663173108,0.03225258289910315
0.001,0.0005,1.5,0.01,2,PMEC,0.02375936101831536,0.03281886818526692
0.001,0.0005,1.5,0.01,2,VM,0.0,0.0
0.001,0.0005,1.5,0.01,2,Other,0.021071827773959682,0.033025851984560414
0.001,0.0005,1.5,0.05,0,PMEC,0.012546792439115042,0.04488743464368528
0.001,0.0005,1.5,0.05,0,VM,0.0,0.0
0.001,0.0005,1.5,0.05,0,Other,0.006591606203680758,0.045783676806538075
0.001,0.0005,1.5,0.05,1,PMEC,0.011339766450080242,0.04487414523061079
0.001,0.0005,1.5,0.05,1,VM,0.0,0.0
0.001,0.0005,1.5,0.05,1,Other,0.006673378919543259,0.04618883667953613
0.001,0.0005,1.5,0.05,2,PMEC,0.012422691967168048,0.04448564669789324
0.001,0.0005,1.5,0.05,2,VM,0.0,0.0
0.001,0.0005,1.5,0.05,2,Other,0.006324276042367246,0.04615763007283591
0.001,0.0005,1.5,0.1,0,PMEC,0.007264343544604232,0.0676601146310955
0.001,0.0005,1.5,0.1,0,VM,0.0,0.0
0.001,0.0005,1.5,0.1,0,Other,0.003958698517277571,0.0692054636286064
0.001,0.0005,1.5,0.1,1,PMEC,0.008526303681348248,0.06765484218793258
0.001,0.0005,1.5,0.1,1,VM,0.0,0.0
0.001,0.0005,1.5,0.1,1,Other,0.005176853872197146,0.06927275351558397
0.001,0.0005,1.5,0.1,2,PMEC,0.0071493643319349934,0.06775925215707224
0.001,0.0005,1.5,0.1,2,VM,0.0,0.0
0.001,0.0005,1.5,0.1,2,Other,0.004614047216222218,0.06948247326042944
0.001,0.0005,2,0.001,0,PMEC,0.024815911398472747,0.02741705120781069
0.001,0.0005,2,0.001,0,VM,0.0,0.0
0.001,0.0005,2,0.001,0,Other,0.025428519262556896,0.027562735926477597
0.001,0.0005,2,0.001,1,PMEC,0.027600849200074322,0.029494335321268366
0.001,0.0005,2,0.001,1,VM,0.0,0.0
0.001,0.0005,2,0.001,1,Other,0.026874683398956965,0.02887267234316445
0.001,0.0005,2,0.001,2,PMEC,0.02627172202931485,0.02850321814361348
0.001,0.0005,2,0.001,2,VM,0.0,0.0
0.001,0.0005,2,0.001,2,Other,0.02658532017606357,0.028471673960174568
0.001,0.0005,2,0.005,0,PMEC,0.02780435786082875,0.032670406302200285
0.001,0.0005,2,0.005,0,VM,0.0,0.0
0.001,0.0005,2,0.005,0,Other,0.02588458920395697,0.03149048738732486
0.001,0.0005,2,0.005,1,PMEC,0.02680070141770401,0.03253825939239478
0.001,0.0005,2,0.005,1,VM,0.0,0.0
0.001,0.0005,2,0.005,1,Other,0.02569595839763608,0.0318495397457982
0.001,0.0005,2,0.005,2,PMEC,0.027472859334922262,0.033105604643427884
0.001,0.0005,2,0.005,2,VM,0.0,0.0
0.001,0.0005,2,0.005,2,Other,0.02652281859277023,0.032343905759281213
0.001,0.0005,2,0.01,0,PMEC,0.023872420610615775,0.03331307328469924
0.001,0.0005,2,0.01,0,VM,0.0,0.0
0.001,0.0005,2,0.01,0,Other,0.021410866737062655,0.03287833001670204
0.001,0.0005,2,0.01,1,PMEC,0.023194653906692068,0.03247661233161157
0.001,0.0005,2,0.01,1,VM,0.0,0.0
0.001,0.0005,2,0.01,1,Other,0.020195161652501105,0.032144178374941906
0.001,0.0005,2,0.01,2,PMEC,0.02418056586722303,0.03295510620006994
0.001,0.0005,2,0.01,2,VM,0.0,0.0
0.001,0.0005,2,0.01,2,Other,0.02100915604323125,0.03282828816268969
0.001,0.0005,2,0.05,0,PMEC,0.011818176508657262,0.04515484669576909
0.001,0.0005,2,0.05,0,VM,0.0,0.0
0.001,0.0005,2,0.05,0,Other,0.006539507112464708,0.04599865669632412
0.001,0.0005,2,0.05,1,PMEC,0.011564041483015337,0.04486343074881114
0.001,0.0005,2,0.05,1,VM,0.0,0.0
0.001,0.0005,2,0.05,1,Other,0.007161962051273037,0.04614091235098199
0.001,0.0005,2,0.05,2,PMEC,0.010487499182942863,0.04494988355179608
0.001,0.0005,2,0.05,2,VM,0.0,0.0
0.001,0.0005,2,0.05,2,Other,0.006948816567644103,0.04627175184001999
0.001,0.0005,2,0.1,0,PMEC,0.0075594295792142715,0.06738692224777085
0.001,0.0005,2,0.1,0,VM,0.0,0.0
0.001,0.0005,2,0.1,0,Other,0.0044703400171641995,0.069168691848498
0.001,0.0005,2,0.1,1,PMEC,0.009101832414595222,0.06770156487136114
0.001,0.0005,2,0.1,1,VM,0.0,0.0
0.001,0.0005,2,0.1,1,Other,0.004554326782229183,0.06881433436081698
0.001,0.0005,2,0.1,2,PMEC,0.007165995461581303,0.0674435754184009
0.001,0.0005,2,0.1,2,VM,0.0,0.0
0.001,0.0005,2,0.1,2,Other,0.005222849704752781,0.06902786771839554
0.001,0.001,0.75,0.001,0,PMEC,0.02731459372351154,0.029486164562475305
0.001,0.001,0.75,0.001,0,VM,0.0,0.0
0.001,0.001,0.75,0.001,0,Other,0.025723274967411478,0.027835907415536442
0.001,0.001,0.75,0.001,1,PMEC,0.02666471668452178,0.028848269973883338
0.001,0.001,0.75,0.001,1,VM,0.0,0.0
0.001,0.001,0.75,0.001,1,Other,0.025771434749617614,0.028028087028300026
0.001,0.001,0.75,0.001,2,PMEC,0.02552313986744332,0.027935349797161065
0.001,0.001,0.75,0.001,2,VM,0.0,0.0
0.001,0.001,0.75,0.001,2,Other,0.025522603783968315,0.02759645915728256
0.001,0.001,0.75,0.005,0,PMEC,0.027297233360726196,0.03213859385045083
0.001,0.001,0.75,0.005,0,VM,0.0,0.0
0.001,0.001,0.75,0.005,0,Other,0.02561839238066893,0.031450597802600185
0.001,0.001,0.75,0.005,1,PMEC,0.02612823803971677,0.031363956606828974
0.001,0.001,0.75,0.005,1,VM,0.0,0.0
0.001,0.001,0.75,0.005,1,Other,0.02679631186074071,0.0322123842426013
0.001,0.001,0.75,0.005,2,PMEC,0.026676689041247658,0.03206206243835841
0.001,0.001,0.75,0.005,2,VM,0.0,0.0
0.001,0.001,0.75,0.005,2,Other,0.025783696071236924,0.0319117454652937
0.001,0.001,0.75,0.01,0,PMEC,0.024188536582771668,0.032809283356912466
0.001,0.001,0.75,0.01,0,VM,0.0,0.0
0.001,0.001,0.75,0.01,0,Other,0.02033818155083906,0.03227782770919415
0.001,0.001,0.75,0.01,1,PMEC,0.02318627829570408,0.03298219710410358
0.001,0.001,0.75,0.01,1,VM,0.0,0.0
0.001,0.001,0.75,0.01,1,Other,0.02105077174074107,0.032705525102006174
0.001,0.001,0.75,0.01,2,PMEC,0.023784916746216297,0.03230248848598085
0.001,0.001,0.75,0.01,2,VM,0.0,0.0
0.001,0.001,0.75,0.01,2,Other,0.021764942375646246,0.033002125397313675
0.001,0.001,0.75,0.05,0,PMEC,0.012363899477717693,0.044732001147840164
0.001,0.001,0.75,0.05,0,VM,0.0,0.0
0.001,0.001,0.75,0.05,0,Other,0.006021776564298236,0.046228294762373744
0.001,0.001,0.75,0.05,1,PMEC,0.012041669360454385,0.045067131356781004
0.001,0.001,0.75,0.05,1,VM,0.0,0.0
0.001,0.001,0.75,0.05,1,Other,0.005926516452901174,0.04610377247881901
0.001,0.001,0.75,0.05,2,PMEC,0.011012985853001622,0.04521729234627924
0.001,0.001,0.75,0.05,2,VM,0.0,0.0
0.001,0.001,0.75,0.05,2,Other,0.00623817261738882,0.04600694409069013
0.001,0.001,0.75,0.1,0,PMEC,0.008383312637138839,0.06762014475045863
0.001,0.001,0.75,0.1,0,VM,0.0,0.0
0.001,0.001,0.75,0.1,0,Other,0.0044155869233692855,0.06928938899688397
0.001,0.001,0.75,0.1,1,PMEC,0.00808642316105314,0.06775509045019448
0.001,0.001,0.75,0.1,1,VM,0.0,0.0
0.001,0.001,0.75,0.1,1,Other,0.0041485318081966776,0.06911979787747674
0.001,0.001,0.75,0.1,2,PMEC,0.007910684585016429,0.06775819694548232
0.001,0.001,0.75,0.1,2,VM,0.0,0.0
0.001,0.001,0.75,0.1,2,Other,0.004298328205188021,0.06962410749277283
0.001,0.001,1,0.001,0,PMEC,0.02611116303335118,0.028278149418242863
0.001,0.001,1,0.001,0,VM,0.0,0.0
0.001,0.001,1,0.001,0,Other,0.026252104618023745,0.028109132176293974
0.001,0.001,1,0.001,1,PMEC,0.02684458649879603,0.02916485757203461
0.001,0.001,1,0.001,1,VM,0.0,0.0
0.001,0.001,1,0.001,1,Other,0.025916946717376373,0.027981843575980683
0.001,0.001,1,0.001,2,PMEC,0.026845834926990372,0.02907415536774071
0.001,0.001,1,0.001,2,VM,0.0,0.0
0.001,0.001,1,0.001,2,Other,0.027212470379698477,0.02899967432618949
0.001,0.001,1,0.005,0,PMEC,0.027261128125612575,0.032860081079694646
0.001,0.001,1,0.005,0,VM,0.0,0.0
0.001,0.001,1,0.005,0,Other,0.025578662251956936,0.031573563535473574
0.001,0.001,1,0.005,1,PMEC,0.028345157388517707,0.033487420774771064
0.001,0.001,1,0.005,1,VM,0.0,0.0
0.001,0.001,1,0.005,1,Other,0.02608665417318334,0.031771027483009445
0.001,0.001,1,0.005,2,PMEC,0.026840113327527112,0.032327640264998916
0.001,0.001,1,0.005,2,VM,0.0,0.0
0.001,0.001,1,0.005,2,Other,0.0253799619887,0.031560080626036234
0.001,0.001,1,0.01,0,PMEC,0.023708831909537466,0.032794320223785346
0.001,0.001,1,0.01,0,VM,0.0,0.0
0.001,0.001,1,0.01,0,Other,0.02104806074950764,0.03242218820903116
0.001,0.001,1,0.01,1,PMEC,0.02426960443324345,0.03290489484293508
0.001,0.001,1,0.01,1,VM,0.0,0.0
0.001,0.001,1,0.01,1,Other,0.020913635604106414,0.032236187693891326
0.001,0.001,1,0.01,2,PMEC,0.02322388695513789,0.03198102516566725
0.001,0.001,1,0.01,2,VM,0.0,0.0
0.001,0.001,1,0.01,2,Other,0.020272688628631207,0.03222031137796726
0.001,0.001,1,0.05,0,PMEC,0.01130229461969015,0.044535766542882216
0.001,0.001,1,0.05,0,VM,0.0,0.0
0.001,0.001,1,0.05,0,Other,0.006679534446465753,0.04609938199018777
0.001,0.001,1,0.05,1,PMEC,0.012077838150833815,0.044927917018687806
0.001,0.001,1,0.05,1,VM,0.0,0.0
0.001,0.001,1,0.05,1,Other,0.006055439748144352,0.04599351756817387
0.001,0.001,1,0.05,2,PMEC,0.012193419018549128,0.04474361292933343
0.001,0.001,1,0.05,2,VM,0.0,0.0
0.001,0.001,1,0.05,2,Other,0.006275120609592865,0.04628915371488873
0.001,0.001,1,0.1,0,PMEC,0.007590561192789717,0.06768369929937544
0.001,0.001,1,0.1,0,VM,0.0,0.0
0.001,0.001,1,0.1,0,Other,0.004725827585056802,0.0690841144593863
0.001,0.001,1,0.1,1,PMEC,0.007954329148261975,0.06753753944558398
0.001,0.001,1,0.1,1,VM,0.0,0.0
0.001,0.001,1,0.1,1,Other,0.004804188511247798,0.06905811579587384
0.001,0.001,1,0.1,2,PMEC,0.007829962590767523,0.06795159280170125
0.001,0.001,1,0.1,2,VM,0.0,0.0
0.001,0.001,1,0.1,2,Other,0.0042804048471676934,0.06920391552661764
0.001,0.001,1.5,0.001,0,PMEC,0.025620763111450895,0.02774538724262777
0.001,0.001,1.5,0.001,0,VM,0.0,0.0
0.001,0.001,1.5,0.001,0,Other,0.02494271070646116,0.027016592626878663
0.001,0.001,1.5,0.001,1,PMEC,0.025284785522055295,0.027416799626035968
0.001,0.001,1.5,0.001,1,VM,0.0,0.0
0.001,0.001,1.5,0.001,1,Other,0.0247339705816087,0.026766574551551747
0.001,0.001,1.5,0.001,2,PMEC,0.026496646284778855,0.02895823977500703
0.001,0.001,1.5,0.001,2,VM,0.0,0.0
0.001,0.001,1.5,0.001,2,Other,0.02547181804075121,0.027449649465094927
0.001,0.001,1.5,0.005,0,PMEC,0.02753116798140505,0.03286035008723089
0.001,0.001,1.5,0.005,0,VM,0.0,0.0
0.001,0.001,1.5,0.005,0,Other,0.024442545450380736,0.03159975312934256
0.001,0.001,1.5,0.005,1,PMEC,0.025912022633024223,0.03158356828422483
0.001,0.001,1.5,0.005,1,VM,0.0,0.0
0.001,0.001,1.5,0.005,1,Other,0.024682433761430263,0.031239811978311525
0.001,0.001,1.5,0.005,2,PMEC,0.026947642504025884,0.032648921086160916
0.001,0.001,1.5,0.005,2,VM,0.0,0.0
0.001,0.001,1.5,0.005,2,Other,0.025643296755931775,0.031652119899039044
0.001,0.001,1.5,0.01,0,PMEC,0.023425510795997254,0.03213090976868125
0.001,0.001,1.5,0.01,0,VM,0.0,0.0
0.001,0.001,1.5,0.01,0,Other,0.02200510555485153,0.0330549979227121
0.001,0.001,1.5,0.01,1,PMEC,0.02325023102753242,0.03273486111393729
0.001,0.001,1.5,0.01,1,VM,0.0,0.0
0.001,0.001,1.5,0.01,1,Other,0.02104686429381918,0.03237209425396859
0.001,0.001,1.5,0.01,2,PMEC,0.02369225027525197,0.03246344419648741
0.001,0.001,1.5,0.01,2,VM,0.0,0.0
0.001,0.001,1.5,0.01,2,Other,0.02092897729866021,0.032729414184383694
0.001,0.001,1.5,0.05,0,PMEC,0.01254804055178558,0.045041715502768635
0.001,0.001,1.5,0.05,0,VM,0.0,0.0
0.001,0.001,1.5,0.05,0,Other,0.00600921002227879,0.046359511568711716
0.001,0.001,1.5,0.05,1,PMEC,0.01213181686707383,0.04465087241999744
0.001,0.001,1.5,0.05,1,VM,0.0,0.0
0.001,0.001,1.5,0.05,1,Other,0.006324904225939252,0.046250607224546846
0.001,0.001,1.5,0.05,2,PMEC,0.011919361688854288,0.04524285380383917
0.001,0.001,1.5,0.05,2,VM,0.0,0.0
0.001,0.001,1.5,0.05,2,Other,0.006088350715609995,0.046233089596238945
0.001,0.001,1.5,0.1,0,PMEC,0.008173659521297658,0.06781196445412375
0.001,0.001,1.5,0.1,0,VM,0.0,0.0
0.001,0.001,1.5,0.1,0,Other,0.00464627798727883,0.06887467380181958
0.001,0.001,1.5,0.1,1,PMEC,0.007784341184536479,0.06756757476294953
0.001,0.001,1.5,0.1,1,VM,0.0,0.0
0.001,0.001,1.5,0.1,1,Other,0.0049606680416504085,0.06897941759432152
0.001,0.001,1.5,0.1,2,PMEC,0.007876861353960802,0.06801922308378748
0.001,0.001,1.5,0.1,2,VM,0.0,0.0
0.001,0.001,1.5,0.1,2,Other,0.0044362609974413995,0.06925001413752217
0.001,0.001,2,0.001,0,PMEC,0.02711367806363838,0.029618048078245536
0.001,0.001,2,0.001,0,VM,0.0,0.0
0.001,0.001,2,0.001,0,Other,0.02614739471066039,0.02829818017646142
0.001,0.001,2,0.001,1,PMEC,0.026870220474479012,0.028998546775280673
0.001,0.001,2,0.001,1,VM,0.0,0.0
0.001,0.001,2,0.001,1,Other,0.026086742096144533,0.02796653546907933
0.001,0.001,2,0.001,2,PMEC,0.025332278680098103,0.02789411261108501
0.001,0.001,2,0.001,2,VM,0.0,0.0
0.001,0.001,2,0.001,2,Other,0.02550869964665063,0.027556772332145485
0.001,0.001,2,0.005,0,PMEC,0.026068882387371383,0.03131748088369594
0.001,0.001,2,0.005,0,VM,0.0,0.0
0.001,0.001,2,0.005,0,Other,0.02603318465962926,0.03176506521054898
0.001,0.001,2,0.005,1,PMEC,0.027657452833213966,0.03279850450792126
0.001,0.001,2,0.005,1,VM,0.0,0.0
0.001,0.001,2,0.005,1,Other,0.025406583621979187,0.0315214582227749
0.001,0.001,2,0.005,2,PMEC,0.027529087535262186,0.033037351964436565
0.001,0.001,2,0.005,2,VM,0.0,0.0
0.001,0.001,2,0.005,2,Other,0.025630019206348477,0.031314115684623854
0.001,0.001,2,0.01,0,PMEC,0.023156853350279397,0.03214909785383872
0.001,0.001,2,0.01,0,VM,0.0,0.0
0.001,0.001,2,0.01,0,Other,0.020193863570578015,0.032604825228315565
0.001,0.001,2,0.01,1,PMEC,0.0231243364168006,0.031808528758587654
0.001,0.001,2,0.01,1,VM,0.0,0.0
0.001,0.001,2,0.01,1,Other,0.0211208757402271,0.03220588983575291
0.001,0.001,2,0.01,2,PMEC,0.023565993734244988,0.03234592927553081
0.001,0.001,2,0.01,2,VM,0.0,0.0
0.001,0.001,2,0.01,2,Other,0.020651726752568527,0.032364041963638006
0.001,0.001,2,0.05,0,PMEC,0.011042163968848894,0.044830969473863384
0.001,0.001,2,0.05,0,VM,0.0,0.0
0.001,0.001,2,0.05,0,Other,0.00599440395633423,0.046191504113820794
0.001,0.001,2,0.05,1,PMEC,0.011003603363220213,0.044762555265426135
0.001,0.001,2,0.05,1,VM,0.0,0.0
0.001,0.001,2,0.05,1,Other,0.006892218721275969,0.04607718839200107
0.001,0.001,2,0.05,2,PMEC,0.01119478972618673,0.04470595779335197
0.001,0.001,2,0.05,2,VM,0.0,0.0
0.001,0.001,2,0.05,2,Other,0.00650560624094032,0.04612933448011765
0.001,0.001,2,0.1,0,PMEC,0.007804611035113513,0.06795603794775272
0.001,0.001,2,0.1,0,VM,0.0,0.0
0.001,0.001,2,0.1,0,Other,0.004367514373422354,0.06953953055009543
0.001,0.001,2,0.1,1,PMEC,0.007352922277703202,0.06760789486161482
0.001,0.001,2,0.1,1,VM,0.0,0.0
0.001,0.001,2,0.1,1,Other,0.0040589735770475135,0.06946119838442812
0.001,0.001,2,0.1,2,PMEC,0.007336043416644116,0.0676076561342898
0.001,0.001,2,0.1,2,VM,0.0,0.0
0.001,0.001,2,0.1,2,Other,0.0040539775289325265,0.0692769486701029
0.001,0.005,0.75,0.001,0,PMEC,0.024330140304590006,0.027429043395695168
0.001,0.005,0.75,0.001,0,VM,0.0,0.0
0.001,0.005,0.75,0.001,0,Other,0.025832372795673395,0.028147566285408775
0.001,0.005,0.75,0.001,1,PMEC,0.026161642589555213,0.029126630945364378
0.001,0.005,0.75,0.001,1,VM,0.0,0.0
0.001,0.005,0.75,0.001,1,Other,0.026090526992124177,0.028870092019395353
0.001,0.005,0.75,0.001,2,PMEC,0.02483135363873493,0.028158089254835362
0.001,0.005,0.75,0.001,2,VM,0.0,0.0
0.001,0.005,0.75,0.001,2,Other,0.02576889509483513,0.02854019712532723
0.001,0.005,0.75,0.005,0,PMEC,0.02633953264400022,0.0321006046307707
0.001,0.005,0.75,0.005,0,VM,0.0,0.0
0.001,0.005,0.75,0.005,0,Other,0.02489580517779224,0.030888258150334403
0.001,0.005,0.75,0.005,1,PMEC,0.024512099228324122,0.03020437335814995
0.001,0.005,0.75,0.005,1,VM,0.0,0.0
0.001,0.005,0.75,0.005,1,Other,0.023892768664669033,0.030341208557938013
0.001,0.005,0.75,0.005,2,PMEC,0.027700717919357288,0.033076940786708635
0.001,0.005,0.75,0.005,2,VM,0.0,0.0
0.001,0.005,0.75,0.005,2,Other,0.025700052201762698,0.03184814369009075
0.001,0.005,0.75,0.01,0,PMEC,0.02245294382675521,0.03214137233048748
0.001,0.005,0.75,0.01,0,VM,0.0,0.0
0.001,0.005,0.75,0.01,0,Other,0.02054851719825012,0.03256549627610483
0.001,0.005,0.75,0.01,1,PMEC,0.023926026910757337,0.03245133407249756
0.001,0.005,0.75,0.01,1,VM,0.0,0.0
0.001,0.005,0.75,0.01,1,Other,0.02144893779874698,0.0328560119246659
0.001,0.005,0.75,0.01,2,PMEC,0.022612817354044433,0.03158118070203672
0.001,0.005,0.75,0.01,2,VM,0.0,0.0
0.001,0.005,0.75,0.01,2,Other,0.020137687662775048,0.03195053250492468
0.001,0.005,0.75,0.05,0,PMEC,0.01046296620215215,0.04456078815144615
0.001,0.005,0.75,0.05,0,VM,0.0,0.0
0.001,0.005,0.75,0.05,0,Other,0.006874857367916161,0.04614663572937788
0.001,0.005,0.75,0.05,1,PMEC,0.012038729409604257,0.04441189782710536
0.001,0.005,0.75,0.05,1,VM,0.0,0.0
0.001,0.005,0.75,0.05,1,Other,0.006584967931116678,0.046162838985122745
0.001,0.005,0.75,0.05,2,PMEC,0.011531907983729238,0.04561739073362634
0.001,0.005,0.75,0.05,2,VM,0.0,0.0
0.001,0.005,0.75,0.05,2,Other,0.005897841257552931,0.04617196229793659
0.001,0.005,0.75,0.1,0,PMEC,0.007748307462342954,0.06815070594629398
0.001,0.005,0.75,0.1,0,VM,0.0,0.0
0.001,0.005,0.75,0.1,0,Other,0.004883223961011377,0.06909245331023249
0.001,0.005,0.75,0.1,1,PMEC,0.00789652162761028,0.06766320643870749
0.001,0.005,0.75,0.1,1,VM,0.0,0.0
0.001,0.005,0.75,0.1,1,Other,0.00502149462777248,0.06965051575214072
0.001,0.005,0.75,0.1,2,PMEC,0.008319835582650686,0.06797746329073866
0.001,0.005,0.75,0.1,2,VM,0.0,0.0
0.001,0.005,0.75,0.1,2,Other,0.0045850659936436415,0.06921051966822532
0.001,0.005,1,0.001,0,PMEC,0.02403401031808237,0.027921463795171957
0.001,0.005,1,0.001,0,VM,0.0,0.0
0.001,0.005,1,0.001,0,Other,0.025543694990468303,0.02870126900339952
0.001,0.005,1,0.001,1,PMEC,0.02569571186180413,0.029157225318305214
0.001,0.005,1,0.001,1,VM,0.0,0.0
0.001,0.005,1,0.001,1,Other,0.02678742365080533,0.02962360551941179
0.001,0.005,1,0.001,2,PMEC,0.025184715867173014,0.028435614149937165
0.001,0.005,1,0.001,2,VM,0.0,0.0
0.001,0.005,1,0.001,2,Other,0.027346351011532957,0.02988896574610544
0.001,0.005,1,0.005,0,PMEC,0.02577625781293598,0.0318794040006523
0.001,0.005,1,0.005,0,VM,0.0,0.0
0.001,0.005,1,0.005,0,Other,0.02512911694550411,0.03187589701448125
0.001,0.005,1,0.005,1,PMEC,0.025913735238117314,0.03191116262832965
0.001,0.005,1,0.005,1,VM,0.0,0.0
0.001,0.005,1,0.005,1,Other,0.025710632348707047,0.031656133804259176
0.001,0.005,1,0.005,2,PMEC,0.026354968817742484,0.03217802059178608
0.001,0.005,1,0.005,2,VM,0.0,0.0
0.001,0.005,1,0.005,2,Other,0.025531191548085235,0.031338397604144516
0.001,0.005,1,0.01,0,PMEC,0.022771131717578608,0.032366540755418644
0.001,0.005,1,0.01,0,VM,0.0,0.0
0.001,0.005,1,0.01,0,Other,0.020488885791719768,0.032339077763595736
0.001,0.005,1,0.01,1,PMEC,0.02287521637226386,0.03240166385959731
0.001,0.005,1,0.01,1,VM,0.0,0.0
0.001,0.005,1,0.01,1,Other,0.020776527725992755,0.03259551806901933
0.001,0.005,1,0.01,2,PMEC,0.023879051704034197,0.0332986949564631
0.001,0.005,1,0.01,2,VM,0.0,0.0
0.001,0.005,1,0.01,2,Other,0.02075674274361035,0.03245141329845774
0.001,0.005,1,0.05,0,PMEC,0.011360134958990223,0.04476596596617416
0.001,0.005,1,0.05,0,VM,0.0,0.0
0.001,0.005,1,0.05,0,Other,0.006680513262809124,0.04612216268463155
0.001,0.005,1,0.05,1,PMEC,0.0113204647587924,0.04489395865457511
0.001,0.005,1,0.05,1,VM,0.0,0.0
0.001,0.005,1,0.05,1,Other,0.0065255481231387795,0.04646379089360803
0.001,0.005,1,0.05,2,PMEC,0.012436954152993163,0.04524032488820651
0.001,0.005,1,0.05,2,VM,0.0,0.0
0.001,0.005,1,0.05,2,Other,0.006529751228471638,0.04620556373287598
0.001,0.005,1,0.1,0,PMEC,0.008034082176092127,0.06740504019092014
0.001,0.005,1,0.1,0,VM,0.0,0.0
0.001,0.005,1,0.1,0,Other,0.005013538434799457,0.06937949152124982
0.001,0.005,1,0.1,1,PMEC,0.008229745107723525,0.06728885093805574
0.001,0.005,1,0.1,1,VM,0.0,0.0
0.001,0.005,1,0.1,1,Other,0.0047587020548084035,0.06907458820536738
0.001,0.005,1,0.1,2,PMEC,0.006789439675635682,0.06861981574160224
0.001,0.005,1,0.1,2,VM,0.0,0.0
0.001,0.005,1,0.1,2,Other,0.004507979239918112,0.06951868910995447
0.001,0.005,1.5,0.001,0,PMEC,0.026587651849263323,0.031155439536576224
0.001,0.005,1.5,0.001,0,VM,0.0,0.0
0.001,0.005,1.5,0.001,0,Other,0.02734219506466916,0.031130253391536113
0.001,0.005,1.5,0.001,1,PMEC,0.02451392122583956,0.02918442883110088
0.001,0.005,1.5,0.001,1,VM,0.0,0.0
0.001,0.005,1.5,0.001,1,Other,0.02599897667112339,0.029819555869082276
0.001,0.005,1.5,0.001,2,PMEC,0.026931982652833045,0.031122661551595415
0.001,0.005,1.5,0.001,2,VM,0.0,0.0
0.001,0.005,1.5,0.001,2,Other,0.02776825791794273,0.030944272748698723
0.001,0.005,1.5,0.005,0,PMEC,0.023480728541470222,0.030352508667885192
0.001,0.005,1.5,0.005,0,VM,0.0,0.0
0.001,0.005,1.5,0.005,0,Other,0.023330784982741427,0.03048904462292286
0.001,0.005,1.5,0.005,1,PMEC,0.024462180658885332,0.031410329766328224
0.001,0.005,1.5,0.005,1,VM,0.0,0.0
0.001,0.005,1.5,0.005,1,Other,0.023569905577516932,0.03044300977182414
0.001,0.005,1.5,0.005,2,PMEC,0.024637328191622235,0.031353090235447724
0.001,0.005,1.5,0.005,2,VM,0.0,0.0
0.001,0.005,1.5,0.005,2,Other,0.024713263433584043,0.031436970562268074
0.001,0.005,1.5,0.01,0,PMEC,0.023067894634103064,0.0326107210088611
0.001,0.005,1.5,0.01,0,VM,0.0,0.0
0.001,0.005,1.5,0.01,0,Other,0.021283891776577836,0.032867268143321
0.001,0.005,1.5,0.01,1,PMEC,0.021887308275602785,0.03202238207122807
0.001,0.005,1.5,0.01,1,VM,0.0,0.0
0.001,0.005,1.5,0.01,1,Other,0.019872674167266288,0.032066534443325474
0.001,0.005,1.5,0.01,2,PMEC,0.023022442977995026,0.032513221184493
0.001,0.005,1.5,0.01,2,VM,0.0,0.0
0.001,0.005,1.5,0.01,2,Other,0.020506212027881967,0.03221631824842306
0.001,0.005,1.5,0.05,0,PMEC,0.011775845336242017,0.04487599018410377
0.001,0.005,1.5,0.05,0,VM,0.0,0.0
0.001,0.005,1.5,0.05,0,Other,0.00651178789066167,0.04618482949080587
0.001,0.005,1.5,0.05,1,PMEC,0.01165037770382282,0.04517096151777106
0.001,0.005,1.5,0.05,1,VM,0.0,0.0
0.001,0.005,1.5,0.05,1,Other,0.006226578347517279,0.04615211601135412
0.001,0.005,1.5,0.05,2,PMEC,0.011977600440073148,0.04470564875071869
0.001,0.005,1.5,0.05,2,VM,0.0,0.0
0.001,0.005,1.5,0.05,2,Other,0.006324119540370006,0.04628140443867616
0.001,0.005,1.5,0.1,0,PMEC,0.006988719014255279,0.06780364122185223
0.001,0.005,1.5,0.1,0,VM,0.0,0.0
0.001,0.005,1.5,0.1,0,Other,0.004522411340401777,0.06922584269043319
0.001,0.005,1.5,0.1,1,PMEC,0.006784599248455182,0.06750126575294585
0.001,0.005,1.5,0.1,1,VM,0.0,0.0
0.001,0.005,1.5,0.1,1,Other,0.00487548655511223,0.06933552183543597
0.001,0.005,1.5,0.1,2,PMEC,0.006561675929942053,0.06789318748840771
0.001,0.005,1.5,0.1,2,VM,0.0,0.0
0.001,0.005,1.5,0.1,2,Other,0.0043369338912623585,0.06912779717141583
0.001,0.005,2,0.001,0,PMEC,0.024138000722136368,0.030490597750981074
0.001,0.005,2,0.001,0,VM,0.0,0.0
0.001,0.005,2,0.001,0,Other,0.025045295845362168,0.029916148706032486
0.001,0.005,2,0.001,1,PMEC,0.023470421734721372,0.029031885316924005
0.001,0.005,2,0.001,1,VM,0.0,0.0
0.001,0.005,2,0.001,1,Other,0.025600444984535044,0.029489030819321263
0.001,0.005,2,0.001,2,PMEC,0.02194903400817965,0.028349755511593386
0.001,0.005,2,0.001,2,VM,0.0,0.0
0.001,0.005,2,0.001,2,Other,0.023832471095862062,0.028373892415470302
0.001,0.005,2,0.005,0,PMEC,0.02403396331260067,0.031057246926423008
0.001,0.005,2,0.005,0,VM,0.0,0.0
0.001,0.005,2,0.005,0,Other,0.02438092810269164,0.03106772033105741
0.001,0.005,2,0.005,1,PMEC,0.02312303223592347,0.030440036873158008
0.001,0.005,2,0.005,1,VM,0.0,0.0
0.001,0.005,2,0.005,1,Other,0.02341724048753726,0.03082672780547231
0.001,0.005,2,0.005,2,PMEC,0.023737891281850883,0.03146993357046885
0.001,0.005,2,0.005,2,VM,0.0,0.0
0.001,0.005,2,0.005,2,Other,0.02314379561166939,0.0305426936304891
0.001,0.005,2,0.01,0,PMEC,0.021644139516693344,0.031218233691273668
0.001,0.005,2,0.01,0,VM,0.0,0.0
0.001,0.005,2,0.01,0,Other,0.019954976598669624,0.03217693819628173
0.001,0.005,2,0.01,1,PMEC,0.02071278451545489,0.03109314635051331
0.001,0.005,2,0.01,1,VM,0.0,0.0
0.001,0.005,2,0.01,1,Other,0.01970915246225178,0.031907198233199346
0.001,0.005,2,0.01,2,PMEC,0.021916452145699067,0.03216307110679722
0.001,0.005,2,0.01,2,VM,0.0,0.0
0.001,0.005,2,0.01,2,Other,0.020257348516116085,0.032377515328293936
0.001,0.005,2,0.05,0,PMEC,0.010781173263647028,0.04459534743123835
0.001,0.005,2,0.05,0,VM,0.0,0.0
0.001,0.005,2,0.05,0,Other,0.006344629488128233,0.04597793927883209
0.001,0.005,2,0.05,1,PMEC,0.011651347864716086,0.04514832228335112
0.001,0.005,2,0.05,1,VM,0.0,0.0
0.001,0.005,2,0.05,1,Other,0.0061123870169570195,0.04601638237069225
0.001,0.005,2,0.05,2,PMEC,0.012013279825289503,0.045189758235270105
0.001,0.005,2,0.05,2,VM,0.0,0.0
0.001,0.005,2,0.05,2,Other,0.006042398982570567,0.04608022462003885
0.001,0.005,2,0.1,0,PMEC,0.006547432877927585,0.08854929118722266
0.001,0.005,2,0.1,0,VM,0.0,0.0
0.001,0.005,2,0.1,0,Other,0.005340839592722753,0.08793042211412441
0.001,0.005,2,0.1,1,PMEC,0.00691107904125184,0.06814868867091022
0.001,0.005,2,0.1,1,VM,0.0,0.0
0.001,0.005,2,0.1,1,Other,0.00405430361141182,0.06878256704811263
0.001,0.005,2,0.1,2,PMEC,0.007102862544041797,0.06781645869107222
0.001,0.005,2,0.1,2,VM,0.0,0.0
0.001,0.005,2,0.1,2,Other,0.004603900959814081,0.06943324018564058
0.001,0.01,0.75,0.001,0,PMEC,0.023333379981846862,0.028010063421710748
0.001,0.01,0.75,0.001,0,VM,0.0,0.0
0.001,0.01,0.75,0.001,0,Other,0.026037907002353484,0.02942652797137407
0.001,0.01,0.75,0.001,1,PMEC,0.02636063526608976,0.030749719870659404
0.001,0.01,0.75,0.001,1,VM,0.0,0.0
0.001,0.01,0.75,0.001,1,Other,0.02649164820604205,0.029879079647823718
0.001,0.01,0.75,0.001,2,PMEC,0.02580024987759193,0.030047445563804436
0.001,0.01,0.75,0.001,2,VM,0.0,0.0
0.001,0.01,0.75,0.001,2,Other,0.027360835511445514,0.030700228699924306
0.001,0.01,0.75,0.005,0,PMEC,0.024906781204051227,0.031357710634017925
0.001,0.01,0.75,0.005,0,VM,0.0,0.0
0.001,0.01,0.75,0.005,0,Other,0.024336610847435887,0.0310030568231394
0.001,0.01,0.75,0.005,1,PMEC,0.026065629796870292,0.032893692977246126
0.001,0.01,0.75,0.005,1,VM,0.0,0.0
0.001,0.01,0.75,0.005,1,Other,0.0247624935548583,0.031719684063794426
0.001,0.01,0.75,0.005,2,PMEC,0.025272573731710015,0.031412581591112834
0.001,0.01,0.75,0.005,2,VM,0.0,0.0
0.001,0.01,0.75,0.005,2,Other,0.024680467141033516,0.031246559652186662
0.001,0.01,0.75,0.01,0,PMEC,0.022512023915916515,0.032120673873958804
0.001,0.01,0.75,0.01,0,VM,0.0,0.0
0.001,0.01,0.75,0.01,0,Other,0.021356638906464796,0.03232008620943117
0.001,0.01,0.75,0.01,1,PMEC,0.023568729463492283,0.0329583096423111
0.001,0.01,0.75,0.01,1,VM,0.0,0.0
0.001,0.01,0.75,0.01,1,Other,0.02115214816676402,0.032342089624880103
0.001,0.01,0.75,0.01,2,PMEC,0.021859032669909042,0.031881431739980905
0.001,0.01,0.75,0.01,2,VM,0.0,0.0
0.001,0.01,0.75,0.01,2,Other,0.020401972768382844,0.032019601206715126
0.001,0.01,0.75,0.05,0,PMEC,0.010933056472580777,0.045020953702639456
0.001,0.01,0.75,0.05,0,VM,0.0,0.0
0.001,0.01,0.75,0.05,0,Other,0.00645044835601599,0.04599310023670068
0.001,0.01,0.75,0.05,1,PMEC,0.012557249032597698,0.04527011213432986
0.001,0.01,0.75,0.05,1,VM,0.0,0.0
0.001,0.01,0.75,0.05,1,Other,0.00563536134198592,0.04611828113690384
0.001,0.01,0.75,0.05,2,PMEC,0.010958496053387244,0.04484249573286887
0.001,0.01,0.75,0.05,2,VM,0.0,0.0
0.001,0.01,0.75,0.05,2,Other,0.0060020949761661925,0.046141890519644825
0.001,0.01,0.75,0.1,0,PMEC,0.007649469097934694,0.06809145831804726
0.001,0.01,0.75,0.1,0,VM,0.0,0.0
0.001,0.01,0.75,0.1,0,Other,0.005106661176542493,0.0692358480196065
0.001,0.01,0.75,0.1,1,PMEC,0.006658421502127,0.06811507752955714
0.001,0.01,0.75,0.1,1,VM,0.0,0.0
0.001,0.01,0.75,0.1,1,Other,0.004478740615400924,0.06955014462226712
0.001,0.01,0.75,0.1,2,PMEC,0.007307826843202081,0.06742433952017854
0.001,0.01,0.75,0.1,2,VM,0.0,0.0
0.001,0.01,0.75,0.1,2,Other,0.004488938205072347,0.06976404067983842
0.001,0.01,1,0.001,0,PMEC,0.02568793495064464,0.031711148947313986
0.001,0.01,1,0.001,0,VM,0.0,0.0
0.001,0.01,1,0.001,0,Other,0.026351561456689522,0.03061519807253867
0.001,0.01,1,0.001,1,PMEC,0.02573164795694958,0.03168828468880812
0.001,0.01,1,0.001,1,VM,0.0,0.0
0.001,0.01,1,0.001,1,Other,0.026480158641831338,0.0310982224622513
0.001,0.01,1,0.001,2,PMEC,0.023882279484149917,0.029338468773182424
0.001,0.01,1,0.001,2,VM,0.0,0.0
0.001,0.01,1,0.001,2,Other,0.024947639307603214,0.029012174705727242
0.001,0.01,1,0.005,0,PMEC,0.023577972784018793,0.031137313344876637
0.001,0.01,1,0.005,0,VM,0.0,0.0
0.001,0.01,1,0.005,0,Other,0.024539190339575377,0.031015915980165357
0.001,0.01,1,0.005,1,PMEC,0.022734904555730743,0.030365115514735797
0.001,0.01,1,0.005,1,VM,0.0,0.0
0.001,0.01,1,0.005,1,Other,0.023156714223718598,0.030308779886160354
0.001,0.01,1,0.005,2,PMEC,0.022843740700644467,0.029904555907434852
0.001,0.01,1,0.005,2,VM,0.0,0.0
0.001,0.01,1,0.005,2,Other,0.022656328657778373,0.02985646063675545
0.001,0.01,1,0.01,0,PMEC,0.02162373308988075,0.032024552693550284
0.001,0.01,1,0.01,0,VM,0.0,0.0
0.001,0.01,1,0.01,0,Other,0.02051190351518967,0.0321331163980003
0.001,0.01,1,0.01,1,PMEC,0.02239839840411901,0.031987679250658714
0.001,0.01,1,0.01,1,VM,0.0,0.0
0.001,0.01,1,0.01,1,Other,0.02127486732446206,0.0324482607433081
0.001,0.01,1,0.01,2,PMEC,0.021466621209296065,0.03196063115560345
0.001,0.01,1,0.01,2,VM,0.0,0.0
0.001,0.01,1,0.01,2,Other,0.019567571986844525,0.03248613603232785
0.001,0.01,1,0.05,0,PMEC,0.011013226677829741,0.04469978063635048
0.001,0.01,1,0.05,0,VM,0.0,0.0
0.001,0.01,1,0.05,0,Other,0.005955581289997454,0.04618920495144596
0.001,0.01,1,0.05,1,PMEC,0.011386688741808072,0.04534386639724157
0.001,0.01,1,0.05,1,VM,0.0,0.0
0.001,0.01,1,0.05,1,Other,0.005889056987696806,0.046157351823398945
0.001,0.01,1,0.05,2,PMEC,0.010254895275840403,0.04471376391871749
0.001,0.01,1,0.05,2,VM,0.0,0.0
0.001,0.01,1,0.05,2,Other,0.006696876541462415,0.04598820640739483
0.001,0.01,1,0.1,0,PMEC,0.007287066948471719,0.06821357286309532
0.001,0.01,1,0.1,0,VM,0.0,0.0
0.001,0.01,1,0.1,0,Other,0.0043680003229071935,0.06912078823486942
0.001,0.01,1,0.1,1,PMEC,0.00816851828865773,0.06837114143746878
0.001,0.01,1,0.1,1,VM,0.0,0.0
0.001,0.01,1,0.1,1,Other,0.005229009949723383,0.0694846134704873
0.001,0.01,1,0.1,2,PMEC,0.006706367454439093,0.06829823634509015
0.001,0.01,1,0.1,2,VM,0.0,0.0
0.001,0.01,1,0.1,2,Other,0.004227266278894017,0.06951700098017635
0.001,0.01,1.5,0.001,0,PMEC,0.02358608061907391,0.030768374697159994
0.001,0.01,1.5,0.001,0,VM,0.0,0.0
0.001,0.01,1.5,0.001,0,Other,0.026453762067325786,0.03144350919085472
0.001,0.01,1.5,0.001,1,PMEC,0.02115820681639637,0.027873610491370306
0.001,0.01,1.5,0.001,1,VM,0.0,0.0
0.001,0.01,1.5,0.001,1,Other,0.02625086760947507,0.030149681520444525
0.001,0.01,1.5,0.001,2,PMEC,0.021917457064217966,0.030077720133079237
0.001,0.01,1.5,0.001,2,VM,0.0,0.0
0.001,0.01,1.5,0.001,2,Other,0.024688640330281113,0.03042785143556917
0.001,0.01,1.5,0.005,0,PMEC,0.020966354406641304,0.029582196633866457
0.001,0.01,1.5,0.005,0,VM,0.0,0.0
0.001,0.01,1.5,0.005,0,Other,0.02327270391404487,0.03060682224460801
0.001,0.01,1.5,0.005,1,PMEC,0.02153861584677673,0.031063384219271396
0.001,0.01,1.5,0.005,1,VM,0.0,0.0
0.001,0.01,1.5,0.005,1,Other,0.022035750843546687,0.030463887240429012
0.001,0.01,1.5,0.005,2,PMEC,0.022224207145424054,0.03072063024071612
0.001,0.01,1.5,0.005,2,VM,0.0,0.0
0.001,0.01,1.5,0.005,2,Other,0.02331377951476998,0.030860384005773667
0.001,0.01,1.5,0.01,0,PMEC,0.020057510885900385,0.031126368936495865
0.001,0.01,1.5,0.01,0,VM,0.0,0.0
0.001,0.01,1.5,0.01,0,Other,0.019129559117183892,0.03150254439736689
0.001,0.01,1.5,0.01,1,PMEC,0.019250003508996947,0.031024343924311533
0.001,0.01,1.5,0.01,1,VM,0.0,0.0
0.001,0.01,1.5,0.01,1,Other,0.018666623640930906,0.03162206207282047
0.001,0.01,1.5,0.01,2,PMEC,0.019630553996566106,0.03175121404976782
0.001,0.01,1.5,0.01,2,VM,0.0,0.0
0.001,0.01,1.5,0.01,2,Other,0.019367343696811926,0.031893208286052285
0.001,0.01,1.5,0.05,0,PMEC,0.011506101694312232,0.04561817480245617
0.001,0.01,1.5,0.05,0,VM,0.0,0.0
0.001,0.01,1.5,0.05,0,Other,0.0056616587671583715,0.045780596926227844
0.001,0.01,1.5,0.05,1,PMEC,0.011660586283581138,0.04561645536056137
0.001,0.01,1.5,0.05,1,VM,0.0,0.0
0.001,0.01,1.5,0.05,1,Other,0.006478960327098187,0.04594484622502552
0.001,0.01,1.5,0.05,2,PMEC,0.010669890069336772,0.04493020584884014
0.001,0.01,1.5,0.05,2,VM,0.0,0.0
0.001,0.01,1.5,0.05,2,Other,0.005866299925598028,0.04604065657966606
0.001,0.01,1.5,0.1,0,PMEC,0.008102114846098076,0.06806131174556661
0.001,0.01,1.5,0.1,0,VM,0.0,0.0
0.001,0.01,1.5,0.1,0,Other,0.004739851938159454,0.06910110525054196
0.001,0.01,1.5,0.1,1,PMEC,0.0075880438584487835,0.06759434884155374
0.001,0.01,1.5,0.1,1,VM,0.0,0.0
0.001,0.01,1.5,0.1,1,Other,0.005160335530888754,0.06887205237756482
0.001,0.01,1.5,0.1,2,PMEC,0.008556483601863864,0.06764770098130876
0.001,0.01,1.5,0.1,2,VM,0.0,0.0
0.001,0.01,1.5,0.1,2,Other,0.004300545197566749,0.06925397821339528
0.001,0.01,2,0.001,0,PMEC,0.020981291852938424,0.030308068852793742
0.001,0.01,2,0.001,0,VM,0.0,0.0
0.001,0.01,2,0.001,0,Other,0.024090983641036474,0.030367124892659827
0.001,0.01,2,0.001,1,PMEC,0.018950324070315855,0.028325852472439617
0.001,0.01,2,0.001,1,VM,0.0,0.0
0.001,0.01,2,0.001,1,Other,0.02485927006915906,0.030203454044233826
0.001,0.01,2,0.001,2,PMEC,0.024363308384123004,0.03243956082514009
0.001,0.01,2,0.001,2,VM,0.0,0.0
0.001,0.01,2,0.001,2,Other,0.027937319645999447,0.032236160267090454
0.001,0.01,2,0.005,0,PMEC,0.02092908644296341,0.03141785448341118
0.001,0.01,2,0.005,0,VM,0.0,0.0
0.001,0.01,2,0.005,0,Other,0.022158591531974935,0.030966022206427805
0.001,0.01,2,0.005,1,PMEC,0.020960159146714532,0.03141296788686204
0.001,0.01,2,0.005,1,VM,0.0,0.0
0.001,0.01,2,0.005,1,Other,0.022537073392665873,0.03098413888560325
0.001,0.01,2,0.005,2,PMEC,0.01922245642879848,0.031062687009151532
0.001,0.01,2,0.005,2,VM,0.0,0.0
0.001,0.01,2,0.005,2,Other,0.02120053342105861,0.030462993205662148
0.001,0.01,2,0.01,0,PMEC,0.017955298883707043,0.031357397253710735
0.001,0.01,2,0.01,0,VM,0.0,0.0
0.001,0.01,2,0.01,0,Other,0.0176987903957832,0.03138768241317155
0.001,0.01,2,0.01,1,PMEC,0.017188585607243675,0.031183317174643736
0.001,0.01,2,0.01,1,VM,0.0,0.0
0.001,0.01,2,0.01,1,Other,0.01726421167664737,0.031488299039040095
0.001,0.01,2,0.01,2,PMEC,0.01888770754647122,0.03193260435201128
0.001,0.01,2,0.01,2,VM,0.0,0.0
0.001,0.01,2,0.01,2,Other,0.01848631000011347,0.03213216482453606
0.001,0.01,2,0.05,0,PMEC,0.010447980875863358,0.04522876805187841
0.001,0.01,2,0.05,0,VM,0.0,0.0
0.001,0.01,2,0.05,0,Other,0.006112176939413037,0.04607605790506198
0.001,0.01,2,0.05,1,PMEC,0.009865061839303885,0.04486915644191241
0.001,0.01,2,0.05,1,VM,0.0,0.0
0.001,0.01,2,0.05,1,Other,0.005886890320496754,0.04616099811644018
0.001,0.01,2,0.05,2,PMEC,0.011001056339047839,0.04530607845306488
0.001,0.01,2,0.05,2,VM,0.0,0.0
0.001,0.01,2,0.05,2,Other,0.006003376205852405,0.04614043790615566
0.001,0.01,2,0.1,0,PMEC,0.007088154860446465,0.06784677188637242
0.001,0.01,2,0.1,0,VM,0.0,0.0
0.001,0.01,2,0.1,0,Other,0.003991694267048932,0.0688418217941331
0.001,0.01,2,0.1,1,PMEC,0.007679413466400086,0.06811071017269359
0.001,0.01,2,0.1,1,VM,0.0,0.0
0.001,0.01,2,0.1,1,Other,0.004274546545694502,0.0689411886262878
0.001,0.01,2,0.1,2,PMEC,0.007818327812016258,0.06827849807278213
0.001,0.01,2,0.1,2,VM,0.0,0.0
0.001,0.01,2,0.1,2,Other,0.003971035584393984,0.0695135366580782
0.001,0.05,0.75,0.001,0,PMEC,0.009512502724062054,0.025488361793510585
0.001,0.05,0.75,0.001,0,VM,0.0,0.0
0.001,0.05,0.75,0.001,0,Other,0.016566776102585036,0.02648696851312041
0.001,0.05,0.75,0.001,1,PMEC,0.01079760620832359,0.02765175341770977
0.001,0.05,0.75,0.001,1,VM,0.0,0.0
0.001,0.05,0.75,0.001,1,Other,0.018512323881269683,0.028442112178769234
0.001,0.05,0.75,0.001,2,PMEC,0.016398231620473682,0.032084567655646566
0.001,0.05,0.75,0.001,2,VM,0.0,0.0
0.001,0.05,0.75,0.001,2,Other,0.02264084670263288,0.031233349072794
0.001,0.05,0.75,0.005,0,PMEC,0.010970314324798138,0.029762183840725077
0.001,0.05,0.75,0.005,0,VM,0.0,0.0
0.001,0.05,0.75,0.005,0,Other,0.015444102680509829,0.02975983912817842
0.001,0.05,0.75,0.005,1,PMEC,0.009642079923247317,0.028381942482789562
0.001,0.05,0.75,0.005,1,VM,0.0,0.0
0.001,0.05,0.75,0.005,1,Other,0.016574480497805022,0.030129686230108782
0.001,0.05,0.75,0.005,2,PMEC,0.012209998509850451,0.030508898450326418
0.001,0.05,0.75,0.005,2,VM,0.0,0.0
0.001,0.05,0.75,0.005,2,Other,0.01840044514315021,0.030566250399049123
0.001,0.05,0.75,0.01,0,PMEC,0.014133231769622811,0.033557893839064705
0.001,0.05,0.75,0.01,0,VM,0.0,0.0
0.001,0.05,0.75,0.01,0,Other,0.013596963387742906,0.03256223169216272
0.001,0.05,0.75,0.01,1,PMEC,0.014446630828595656,0.03265604970537905
0.001,0.05,0.75,0.01,1,VM,0.0,0.0
0.001,0.05,0.75,0.01,1,Other,0.015599068895024474,0.03270399080125972
0.001,0.05,0.75,0.01,2,PMEC,0.013773639066376964,0.03371412463010311
0.001,0.05,0.75,0.01,2,VM,0.0,0.0
0.001,0.05,0.75,0.01,2,Other,0.01454274249583196,0.03224529147223383
0.001,0.05,0.75,0.05,0,PMEC,0.008361022533520064,0.046109802348363454
0.001,0.05,0.75,0.05,0,VM,0.0,0.0
0.001,0.05,0.75,0.05,0,Other,0.005799213440042922,0.04606183484286219
0.001,0.05,0.75,0.05,1,PMEC,0.008532251008525947,0.04578093178110107
0.001,0.05,0.75,0.05,1,VM,0.0,0.0
0.001,0.05,0.75,0.05,1,Other,0.005591574919809469,0.04590463247307413
0.001,0.05,0.75,0.05,2,PMEC,0.008342902899701682,0.04614345160204626
0.001,0.05,0.75,0.05,2,VM,0.0,0.0
0.001,0.05,0.75,0.05,2,Other,0.005092290933810802,0.045959709548794955
0.001,0.05,0.75,0.1,0,PMEC,0.006622439797468429,0.06961129565459286
0.001,0.05,0.75,0.1,0,VM,0.0,0.0
0.001,0.05,0.75,0.1,0,Other,0.0038430374567617388,0.06919099284231331
0.001,0.05,0.75,0.1,1,PMEC,0.006128435695072561,0.06946407310522906
0.001,0.05,0.75,0.1,1,VM,0.0,0.0
0.001,0.05,0.75,0.1,1,Other,0.004484902780622867,0.06904359072416846
0.001,0.05,0.75,0.1,2,PMEC,0.006911531379457947,0.06917165163388068
0.001,0.05,0.75,0.1,2,VM,0.0,0.0
0.001,0.05,0.75,0.1,2,Other,0.004130052609329904,0.06913303970747173
0.001,0.05,1,0.001,0,PMEC,0.011975475250525799,0.031326330301272555
0.001,0.05,1,0.001,0,VM,0.0,0.0
0.001,0.05,1,0.001,0,Other,0.021110580709357795,0.030025384053887
0.001,0.05,1,0.001,1,PMEC,0.010858439548939862,0.03215246641818565
0.001,0.05,1,0.001,1,VM,0.0,0.0
0.001,0.05,1,0.001,1,Other,0.017014572254646563,0.030659525615448706
0.001,0.05,1,0.001,2,PMEC,0.011810521058196811,0.031249225171289863
0.001,0.05,1,0.001,2,VM,0.0,0.0
0.001,0.05,1,0.001,2,Other,0.020212720562894793,0.029560113850820014
0.001,0.05,1,0.005,0,PMEC,0.01107323543937132,0.03329361085144555
0.001,0.05,1,0.005,0,VM,0.0,0.0
0.001,0.05,1,0.005,0,Other,0.018206266225816753,0.03190881828197721
0.001,0.05,1,0.005,1,PMEC,0.0067172280425633404,0.029342321901329835
0.001,0.05,1,0.005,1,VM,0.0,0.0
0.001,0.05,1,0.005,1,Other,0.012708264234284282,0.028804357932509392
0.001,0.05,1,0.005,2,PMEC,0.010620506091742744,0.03087615880792419
0.001,0.05,1,0.005,2,VM,0.0,0.0
0.001,0.05,1,0.005,2,Other,0.01582643372623556,0.030282741235086855
0.001,0.05,1,0.01,0,PMEC,0.008733761989479288,0.03299222568340255
0.001,0.05,1,0.01,0,VM,0.0,0.0
0.001,0.05,1,0.01,0,Other,0.011899385455811965,0.03207487158570504
0.001,0.05,1,0.01,1,PMEC,0.007334781548214217,0.031393648262766846
0.001,0.05,1,0.01,1,VM,0.0,0.0
0.001,0.05,1,0.01,1,Other,0.011631725279211325,0.031152030145158195
0.001,0.05,1,0.01,2,PMEC,0.00866075544407146,0.03219723961977745
0.001,0.05,1,0.01,2,VM,0.0,0.0
0.001,0.05,1,0.01,2,Other,0.011787613941799011,0.03159219969129605
0.001,0.05,1,0.05,0,PMEC,0.006982859592626421,0.04714013965642511
0.001,0.05,1,0.05,0,VM,0.0,0.0
0.001,0.05,1,0.05,0,Other,0.005073355699305463,0.04595379071772294
0.001,0.05,1,0.05,1,PMEC,0.0074958746527387585,0.047080194766591435
0.001,0.05,1,0.05,1,VM,0.0,0.0
0.001,0.05,1,0.05,1,Other,0.005010455530823892,0.04570214662211957
0.001,0.05,1,0.05,2,PMEC,0.006983174615967957,0.047348292069966456
0.001,0.05,1,0.05,2,VM,0.0,0.0
0.001,0.05,1,0.05,2,Other,0.004411410936190775,0.045979481570088056
0.001,0.05,1,0.1,0,PMEC,0.0060592046838660344,0.07022358139133449
0.001,0.05,1,0.1,0,VM,0.0,0.0
0.001,0.05,1,0.1,0,Other,0.004176650957361367,0.06931104457674384
0.001,0.05,1,0.1,1,PMEC,0.006118289933162138,0.07061489037071582
0.001,0.05,1,0.1,1,VM,0.0,0.0
0.001,0.05,1,0.1,1,Other,0.0038698888450771447,0.06877999109716555
0.001,0.05,1,0.1,2,PMEC,0.0058882689987161,0.07061545240742657
0.001,0.05,1,0.1,2,VM,0.0,0.0
0.001,0.05,1,0.1,2,Other,0.00436779206480539,0.06909095963542333
0.001,0.05,1.5,0.001,0,PMEC,0.011484624241696568,0.03446350372829388
0.001,0.05,1.5,0.001,0,VM,0.0,0.0
0.001,0.05,1.5,0.001,0,Other,0.02191734842939111,0.03280999001316808
0.001,0.05,1.5,0.001,1,PMEC,0.010541810849094129,0.032596131646019655
0.001,0.05,1.5,0.001,1,VM,0.0,0.0
0.001,0.05,1.5,0.001,1,Other,0.019276605562113046,0.030718913474065503
0.001,0.05,1.5,0.001,2,PMEC,0.007346030914457442,0.03402078430933952
0.001,0.05,1.5,0.001,2,VM,0.0,0.0
0.001,0.05,1.5,0.001,2,Other,0.016794250852706333,0.03101666251119705
0.001,0.05,1.5,0.005,0,PMEC,0.0057099720955460865,0.029664806685437
0.001,0.05,1.5,0.005,0,VM,0.0,0.0
0.001,0.05,1.5,0.005,0,Other,0.013331770317186027,0.028661711426002892
0.001,0.05,1.5,0.005,1,PMEC,0.008051683685881376,0.033258126352445565
0.001,0.05,1.5,0.005,1,VM,0.0,0.0
0.001,0.05,1.5,0.005,1,Other,0.02012704856442298,0.03307640482102346
0.001,0.05,1.5,0.005,2,PMEC,0.006022346857050312,0.03269398039887724
0.001,0.05,1.5,0.005,2,VM,0.0,0.0
0.001,0.05,1.5,0.005,2,Other,0.014328694989532492,0.03110908034030863
0.001,0.05,1.5,0.01,0,PMEC,0.005199790931992229,0.03433375824051514
0.001,0.05,1.5,0.01,0,VM,0.0,0.0
0.001,0.05,1.5,0.01,0,Other,0.008421930872808937,0.03271159931870996
0.001,0.05,1.5,0.01,1,PMEC,0.004854656407821464,0.03230339680650265
0.001,0.05,1.5,0.01,1,VM,0.0,0.0
0.001,0.05,1.5,0.01,1,Other,0.014821103397271222,0.03310895036280294
0.001,0.05,1.5,0.01,2,PMEC,0.008898637606215211,0.035772874509796514
0.001,0.05,1.5,0.01,2,VM,0.0,0.0
0.001,0.05,1.5,0.01,2,Other,0.011294168394457016,0.03191583012615279
0.001,0.05,1.5,0.05,0,PMEC,0.004627744169319522,0.04929869005016274
0.001,0.05,1.5,0.05,0,VM,0.0,0.0
0.001,0.05,1.5,0.05,0,Other,0.0037496752168796536,0.04595575868788633
0.001,0.05,1.5,0.05,1,PMEC,0.0049481220718306995,0.049361981272819024
0.001,0.05,1.5,0.05,1,VM,0.0,0.0
0.001,0.05,1.5,0.05,1,Other,0.004691136722081088,0.04593554116589394
0.001,0.05,1.5,0.05,2,PMEC,0.004701606646408845,0.04945716004707012
0.001,0.05,1.5,0.05,2,VM,0.0,0.0
0.001,0.05,1.5,0.05,2,Other,0.004207985010803439,0.04601672750126121
0.001,0.05,1.5,0.1,0,PMEC,0.0055612484358766754,0.07257430682799546
0.001,0.05,1.5,0.1,0,VM,0.0,0.0
0.001,0.05,1.5,0.1,0,Other,0.003193645259189272,0.06921566283612726
0.001,0.05,1.5,0.1,1,PMEC,0.005646982887473605,0.07312774706913558
0.001,0.05,1.5,0.1,1,VM,0.0,0.0
0.001,0.05,1.5,0.1,1,Other,0.0037615671117726315,0.06895833984062827
0.001,0.05,1.5,0.1,2,PMEC,0.004828123200771286,0.08529271678796162
0.001,0.05,1.5,0.1,2,VM,0.0,0.0
0.001,0.05,1.5,0.1,2,Other,0.006827178784931034,0.09121954051160633
0.001,0.05,2,0.001,0,PMEC,0.010095771276846825,0.033067948721997115
0.001,0.05,2,0.001,0,VM,0.0,0.0
0.001,0.05,2,0.001,0,Other,0.018783041112054415,0.02942294856753272
0.001,0.05,2,0.001,1,PMEC,0.011285015997104984,0.03620943580075703
0.001,0.05,2,0.001,1,VM,0.0,0.0
0.001,0.05,2,0.001,1,Other,0.02183722744793219,0.03275409700183161
0.001,0.05,2,0.001,2,PMEC,0.00935747829807956,0.032051504028228296
0.001,0.05,2,0.001,2,VM,0.0,0.0
0.001,0.05,2,0.001,2,Other,0.02163040095849891,0.031038739477991475
0.001,0.05,2,0.005,0,PMEC,0.008430084904073992,0.034417017515213824
0.001,0.05,2,0.005,0,VM,0.0,0.0
0.001,0.05,2,0.005,0,Other,0.01667594468733928,0.03254736897077799
0.001,0.05,2,0.005,1,PMEC,0.0031646212818431316,0.03218200042284245
0.001,0.05,2,0.005,1,VM,0.0,0.0
0.001,0.05,2,0.005,1,Other,0.014576983299341612,0.030505099360210997
0.001,0.05,2,0.005,2,PMEC,0.006040742736514099,0.03514563884431969
0.001,0.05,2,0.005,2,VM,0.0,0.0
0.001,0.05,2,0.005,2,Other,0.016494395889283774,0.03196929064721201
0.001,0.05,2,0.01,0,PMEC,0.007320546115337764,0.0359739757622319
0.001,0.05,2,0.01,0,VM,0.0,0.0
0.001,0.05,2,0.01,0,Other,0.01440901249829971,0.03326368484990484
0.001,0.05,2,0.01,1,PMEC,0.005470078062313652,0.03571050888093509
0.001,0.05,2,0.01,1,VM,0.0,0.0
0.001,0.05,2,0.01,1,Other,0.013147269575687867,0.03337280102381513
0.001,0.05,2,0.01,2,PMEC,0.008180284422455506,0.03738166317535122
0.001,0.05,2,0.01,2,VM,0.0,0.0
0.001,0.05,2,0.01,2,Other,0.012924159616615263,0.03290633547888843
0.001,0.05,2,0.05,0,PMEC,0.002080106837131719,0.051496728561645826
0.001,0.05,2,0.05,0,VM,0.0,0.0
0.001,0.05,2,0.05,0,Other,0.0026068443267553507,0.046020377171192575
0.001,0.05,2,0.05,1,PMEC,0.0028143534900276048,0.051612391732556086
0.001,0.05,2,0.05,1,VM,0.0,0.0
0.001,0.05,2,0.05,1,Other,0.0030820884290888324,0.04578139526600258
0.001,0.05,2,0.05,2,PMEC,0.004056723114225552,0.05278653701497875
0.001,0.05,2,0.05,2,VM,0.0,0.0
0.001,0.05,2,0.05,2,Other,0.003002825281549397,0.04570244683583095
0.001,0.05,2,0.1,0,PMEC,0.005004937240247745,0.09035113881691217
0.001,0.05,2,0.1,0,VM,0.0,0.0
0.001,0.05,2,0.1,0,Other,0.005837589799855763,0.0864228141324251
0.001,0.05,2,0.1,1,PMEC,0.004985938828524059,0.07769479078808855
0.001,0.05,2,0.1,1,VM,0.0,0.0
0.001,0.05,2,0.1,1,Other,0.00346422703918047,0.06907114441751189
0.001,0.05,2,0.1,2,PMEC,0.0052019574307323345,0.08720768907037814
0.001,0.05,2,0.1,2,VM,0.0,0.0
0.001,0.05,2,0.1,2,Other,0.005666642589099588,0.08853260822650097
0.001,0.1,0.75,0.001,0,PMEC,0.008433141141585518,0.030633323067283818
0.001,0.1,0.75,0.001,0,VM,0.0,0.0
0.001,0.1,0.75,0.001,0,Other,0.020617766661923886,0.03072801676912263
0.001,0.1,0.75,0.001,1,PMEC,0.0038616736953380817,0.02732245966419482
0.001,0.1,0.75,0.001,1,VM,0.0,0.0
0.001,0.1,0.75,0.001,1,Other,0.016254701013075048,0.028205003228567754
0.001,0.1,0.75,0.001,2,PMEC,0.006165440575477678,0.03050480707963415
0.001,0.1,0.75,0.001,2,VM,0.0,0.0
0.001,0.1,0.75,0.001,2,Other,0.01574654808143269,0.028914397822487736
0.001,0.1,0.75,0.005,0,PMEC,0.007660995494928145,0.032801660835064146
0.001,0.1,0.75,0.005,0,VM,0.0,0.0
0.001,0.1,0.75,0.005,0,Other,0.017725695499788308,0.03170951111610251
0.001,0.1,0.75,0.005,1,PMEC,0.01041649879030035,0.03343956517440784
0.001,0.1,0.75,0.005,1,VM,0.0,0.0
0.001,0.1,0.75,0.005,1,Other,0.016648248259326932,0.03159162963079857
0.001,0.1,0.75,0.005,2,PMEC,0.005128389328394939,0.0308137836951132
0.001,0.1,0.75,0.005,2,VM,0.0,0.0
0.001,0.1,0.75,0.005,2,Other,0.013210087336904649,0.030306435761379938
0.001,0.1,0.75,0.01,0,PMEC,0.007855499633439386,0.03606244342049632
0.001,0.1,0.75,0.01,0,VM,0.0,0.0
0.001,0.1,0.75,0.01,0,Other,0.012539787368654642,0.03278815840628223
0.001,0.1,0.75,0.01,1,PMEC,0.004934961147366289,0.03286629361875133
0.001,0.1,0.75,0.01,1,VM,0.0,0.0
0.001,0.1,0.75,0.01,1,Other,0.009866075643571058,0.031302435602162074
0.001,0.1,0.75,0.01,2,PMEC,0.007199209029469181,0.03357392609958817
0.001,0.1,0.75,0.01,2,VM,0.0,0.0
0.001,0.1,0.75,0.01,2,Other,0.01212447860199132,0.03231201893951194
0.001,0.1,0.75,0.05,0,PMEC,0.004923612246626214,0.0497353349172973
0.001,0.1,0.75,0.05,0,VM,0.0,0.0
0.001,0.1,0.75,0.05,0,Other,0.004336328197732754,0.04593085907184482
0.001,0.1,0.75,0.05,1,PMEC,0.004561728303975351,0.04947043149697916
0.001,0.1,0.75,0.05,1,VM,0.0,0.0
0.001,0.1,0.75,0.05,1,Other,0.004273676859961702,0.045823257698702845
0.001,0.1,0.75,0.05,2,PMEC,0.003994931903150182,0.048556338889306994
0.001,0.1,0.75,0.05,2,VM,0.0,0.0
0.001,0.1,0.75,0.05,2,Other,0.004017788850461245,0.04561927227399172
0.001,0.1,0.75,0.1,0,PMEC,0.006141635888529281,0.07293936862421392
0.001,0.1,0.75,0.1,0,VM,0.0,0.0
0.001,0.1,0.75,0.1,0,Other,0.004081635458360804,0.06874556133978393
0.001,0.1,0.75,0.1,1,PMEC,0.005269866230890784,0.0737652984343553
0.001,0.1,0.75,0.1,1,VM,0.0,0.0
0.001,0.1,0.75,0.1,1,Other,0.0036010430124429767,0.06916570605859176
0.001,0.1,0.75,0.1,2,PMEC,0.005220621896466069,0.07339941950116141
0.001,0.1,0.75,0.1,2,VM,0.0,0.0
0.001,0.1,0.75,0.1,2,Other,0.003580945755907229,0.0692816532724586
0.001,0.1,1,0.001,0,PMEC,0.00807602545758166,0.033364137304568914
0.001,0.1,1,0.001,0,VM,0.0,0.0
0.001,0.1,1,0.001,0,Other,0.020154842812384683,0.03160397112801682
0.001,0.1,1,0.001,1,PMEC,0.008273468047462621,0.031764372452839196
0.001,0.1,1,0.001,1,VM,0.0,0.0
0.001,0.1,1,0.001,1,Other,0.021404021033449967,0.030499634446108575
0.001,0.1,1,0.001,2,PMEC,0.005220310036178087,0.03424004330713231
0.001,0.1,1,0.001,2,VM,0.0,0.0
0.001,0.1,1,0.001,2,Other,0.018624866935995944,0.03197556550583077
0.001,0.1,1,0.005,0,PMEC,0.010694202508962648,0.03558731974487833
0.001,0.1,1,0.005,0,VM,0.0,0.0
0.001,0.1,1,0.005,0,Other,0.019327998387732026,0.0326581245656966
0.001,0.1,1,0.005,1,PMEC,0.008568725765036887,0.037939313668137936
0.001,0.1,1,0.005,1,VM,0.0,0.0
0.001,0.1,1,0.005,1,Other,0.013411465735403024,0.03260108742133688
0.001,0.1,1,0.005,2,PMEC,0.011368403433054286,0.035240567569002165
0.001,0.1,1,0.005,2,VM,0.0,0.0
0.001,0.1,1,0.005,2,Other,0.017554032454072544,0.03279268122944129
0.001,0.1,1,0.01,0,PMEC,0.00960212932741407,0.037032389768196346
0.001,0.1,1,0.01,0,VM,0.0,0.0
0.001,0.1,1,0.01,0,Other,0.011176844226132396,0.032851843441722116
0.001,0.1,1,0.01,1,PMEC,0.0064296000775204915,0.03778920229065236
0.001,0.1,1,0.01,1,VM,0.0,0.0
0.001,0.1,1,0.01,1,Other,0.01216522150234473,0.0335321206813264
0.001,0.1,1,0.01,2,PMEC,0.0060442242437695505,0.03637162135610609
0.001,0.1,1,0.01,2,VM,0.0,0.0
0.001,0.1,1,0.01,2,Other,0.011378197976155888,0.03240580645501143
0.001,0.1,1,0.05,0,PMEC,0.0036317947211661986,0.052243228569550125
0.001,0.1,1,0.05,0,VM,0.0,0.0
0.001,0.1,1,0.05,0,Other,0.0029164673734989608,0.045909059136515974
0.001,0.1,1,0.05,1,PMEC,0.0032036714967870507,0.05172511604026333
0.001,0.1,1,0.05,1,VM,0.0,0.0
0.001,0.1,1,0.05,1,Other,0.003736224202438,0.04578812133497065
0.001,0.1,1,0.05,2,PMEC,0.0026463514096626366,0.05137329198784292
0.001,0.1,1,0.05,2,VM,0.0,0.0
0.001,0.1,1,0.05,2,Other,0.004604838943632127,0.046002746011923216
0.001,0.1,1,0.1,0,PMEC,0.004357134681077383,0.07680154611669274
0.001,0.1,1,0.1,0,VM,0.0,0.0
0.001,0.1,1,0.1,0,Other,0.0028115812209994146,0.0690627359027072
0.001,0.1,1,0.1,1,PMEC,0.004808312170582395,0.07661497749201496
0.001,0.1,1,0.1,1,VM,0.0,0.0
0.001,0.1,1,0.1,1,Other,0.003680416514691812,0.06927156072069614
0.001,0.1,1,0.1,2,PMEC,0.004280780500773329,0.07696277363937268
0.001,0.1,1,0.1,2,VM,0.0,0.0
0.001,0.1,1,0.1,2,Other,0.0032939500936122993,0.06908078018034626
0.001,0.1,1.5,0.001,0,PMEC,0.014877885938617507,0.03974887484651913
0.001,0.1,1.5,0.001,0,VM,0.0,0.0
0.001,0.1,1.5,0.001,0,Other,0.02580527514357677,0.03419899823163607
0.001,0.1,1.5,0.001,1,PMEC,0.005716537390171726,0.033193666828334745
0.001,0.1,1.5,0.001,1,VM,0.0,0.0
0.001,0.1,1.5,0.001,1,Other,0.017868235959575086,0.02982996573221263
0.001,0.1,1.5,0.001,2,PMEC,0.007309006583183448,0.03710976395888227
0.001,0.1,1.5,0.001,2,VM,0.0,0.0
0.001,0.1,1.5,0.001,2,Other,0.021486318801885767,0.03221587753411454
0.001,0.1,1.5,0.005,0,PMEC,0.002819646933007354,0.036974100595413416
0.001,0.1,1.5,0.005,0,VM,0.0,0.0
0.001,0.1,1.5,0.005,0,Other,0.010637592420408353,0.02836476875846019
0.001,0.1,1.5,0.005,1,PMEC,0.004746702384058858,0.03689272865932033
0.001,0.1,1.5,0.005,1,VM,0.0,0.0
0.001,0.1,1.5,0.005,1,Other,0.015577192315508243,0.030382732927761155
0.001,0.1,1.5,0.005,2,PMEC,0.007569308488612439,0.03841840132084474
0.001,0.1,1.5,0.005,2,VM,0.0,0.0
0.001,0.1,1.5,0.005,2,Other,0.016876306632291085,0.03204010924656843
0.001,0.1,1.5,0.01,0,PMEC,0.006713197902362708,0.041045010476439214
0.001,0.1,1.5,0.01,0,VM,0.0,0.0
0.001,0.1,1.5,0.01,0,Other,0.012905688743808924,0.03350017706713088
0.001,0.1,1.5,0.01,1,PMEC,0.009328580504146934,0.04135653876435944
0.001,0.1,1.5,0.01,1,VM,0.0,0.0
0.001,0.1,1.5,0.01,1,Other,0.012233090247983651,0.032245502013486076
0.001,0.1,1.5,0.01,2,PMEC,0.00945042717996398,0.04377912988022987
0.001,0.1,1.5,0.01,2,VM,0.0,0.0
0.001,0.1,1.5,0.01,2,Other,0.013310826133063032,0.033616950010864635
0.001,0.1,1.5,0.05,0,PMEC,0.004048304408169888,0.058435789254043385
0.001,0.1,1.5,0.05,0,VM,0.0,0.0
0.001,0.1,1.5,0.05,0,Other,0.0035452455952702955,0.04586548898482309
0.001,0.1,1.5,0.05,1,PMEC,0.002863066056634418,0.05739735175326359
0.001,0.1,1.5,0.05,1,VM,0.0,0.0
0.001,0.1,1.5,0.05,1,Other,0.003608228855233234,0.0460425978451479
0.001,0.1,1.5,0.05,2,PMEC,0.003990899087758706,0.058835681237731564
0.001,0.1,1.5,0.05,2,VM,0.0,0.0
0.001,0.1,1.5,0.05,2,Other,0.004912614521680985,0.0461309133608131
0.001,0.1,1.5,0.1,0,PMEC,0.00468084250946745,0.09579684309135059
0.001,0.1,1.5,0.1,0,VM,0.0,0.0
0.001,0.1,1.5,0.1,0,Other,0.005753224670507794,0.08896068998773335
0.001,0.1,1.5,0.1,1,PMEC,0.005688198433729066,0.09473361825105059
0.001,0.1,1.5,0.1,1,VM,0.0,0.0
0.001,0.1,1.5,0.1,1,Other,0.0065254096897275045,0.09076323953090308
0.001,0.1,1.5,0.1,2,PMEC,0.0061712487726450545,0.08837202177035766
0.001,0.1,1.5,0.1,2,VM,0.0,0.0
0.001,0.1,1.5,0.1,2,Other,0.004160363540969339,0.08532939432390797
0.001,0.1,2,0.001,0,PMEC,0.009255967345634135,0.054620616102527636
0.001,0.1,2,0.001,0,VM,0.0,0.0
0.001,0.1,2,0.001,0,Other,0.01750374038237484,0.05034877062118565
0.001,0.1,2,0.001,1,PMEC,0.011097287470685124,0.06474447417897448
0.001,0.1,2,0.001,1,VM,0.0,0.0
0.001,0.1,2,0.001,1,Other,0.017108680042333353,0.0632324342628008
0.001,0.1,2,0.001,2,PMEC,0.010389204387218322,0.05911133942897047
0.001,0.1,2,0.001,2,VM,0.0,0.0
0.001,0.1,2,0.001,2,Other,0.01927461544449141,0.054350318946100803
0.001,0.1,2,0.005,0,PMEC,0.01420220543410621,0.06369732216318746
0.001,0.1,2,0.005,0,VM,0.0,0.0
0.001,0.1,2,0.005,0,Other,0.015539301199467613,0.05866218402506507
0.001,0.1,2,0.005,1,PMEC,0.01073293150098292,0.06174186401909107
0.001,0.1,2,0.005,1,VM,0.0,0.0
0.001,0.1,2,0.005,1,Other,0.015303899409626388,0.05871085928944421
0.001,0.1,2,0.005,2,PMEC,0.009195054031297487,0.055488430855097734
0.001,0.1,2,0.005,2,VM,0.0,0.0
0.001,0.1,2,0.005,2,Other,0.015314526071532273,0.04990837167235683
0.001,0.1,2,0.01,0,PMEC,0.01066474466616878,0.0606821872936632
0.001,0.1,2,0.01,0,VM,0.0,0.0
0.001,0.1,2,0.01,0,Other,0.01087748703704587,0.04953218747501035
0.001,0.1,2,0.01,1,PMEC,0.01010469879344741,0.058761429653090516
0.001,0.1,2,0.01,1,VM,0.0,0.0
0.001,0.1,2,0.01,1,Other,0.010166268950130746,0.057687692653662914
0.001,0.1,2,0.01,2,PMEC,0.013552539734575188,0.05962368151245356
0.001,0.1,2,0.01,2,VM,0.0,0.0
0.001,0.1,2,0.01,2,Other,0.011400014454700035,0.060568174531921634
0.001,0.1,2,0.05,0,PMEC,0.0062711778595957324,0.07547057370996622
0.001,0.1,2,0.05,0,VM,0.0,0.0
0.001,0.1,2,0.05,0,Other,0.006933701487634916,0.06738828225116987
0.001,0.1,2,0.05,1,PMEC,0.004921746706332393,0.06966873496553096
0.001,0.1,2,0.05,1,VM,0.0,0.0
0.001,0.1,2,0.05,1,Other,0.007413029893199145,0.06780686627947406
0.001,0.1,2,0.05,2,PMEC,0.007508572792233944,0.0690346126410314
0.001,0.1,2,0.05,2,VM,0.0,0.0
0.001,0.1,2,0.05,2,Other,0.005497857084661514,0.06480091897027271
0.001,0.1,2,0.1,0,PMEC,0.0059371940042369864,0.09563306355513178
0.001,0.1,2,0.1,0,VM,0.0,0.0
0.001,0.1,2,0.1,0,Other,0.005639811774339343,0.08605291469034526
0.001,0.1,2,0.1,1,PMEC,0.0054238868202493825,0.0978916006007409
0.001,0.1,2,0.1,1,VM,0.0,0.0
0.001,0.1,2,0.1,1,Other,0.0058218577261125865,0.0895916246594537
0.001,0.1,2,0.1,2,PMEC,0.005849359615730508,0.08885797413939957
0.001,0.1,2,0.1,2,VM,0.0,0.0
0.001,0.1,2,0.1,2,Other,0.006249238773390028,0.09045565755247381
0.01,0.0001,0.75,0.001,0,PMEC,0.0339103519463632,0.03547473585727717
0.01,0.0001,0.75,0.001,0,VM,0.0,0.0
0.01,0.0001,0.75,0.001,0,Other,0.03237227254104284,0.03381812769402862
0.01,0.0001,0.75,0.001,1,PMEC,0.032372808361514356,0.03396896202179813
0.01,0.0001,0.75,0.001,1,VM,0.0,0.0
0.01,0.0001,0.75,0.001,1,Other,0.032251950491329055,0.03365306289128148
0.01,0.0001,0.75,0.001,2,PMEC,0.03463173369514258,0.035906124623833954
0.01,0.0001,0.75,0.001,2,VM,0.0,0.0
0.01,0.0001,0.75,0.001,2,Other,0.03343775689932172,0.034752984434555
0.01,0.0001,0.75,0.005,0,PMEC,0.030620784439778715,0.03467498341106662
0.01,0.0001,0.75,0.005,0,VM,0.0,0.0
0.01,0.0001,0.75,0.005,0,Other,0.028788940746678798,0.03322611351966167
0.01,0.0001,0.75,0.005,1,PMEC,0.03092847546717773,0.034953491792733105
0.01,0.0001,0.75,0.005,1,VM,0.0,0.0
0.01,0.0001,0.75,0.005,1,Other,0.028402267103277055,0.03290916781135072
0.01,0.0001,0.75,0.005,2,PMEC,0.030770355102606686,0.03496621051743327
0.01,0.0001,0.75,0.005,2,VM,0.0,0.0
0.01,0.0001,0.75,0.005,2,Other,0.0293837508195567,0.03359474350603217
0.01,0.0001,0.75,0.01,0,PMEC,0.027796478191705845,0.03503920615975959
0.01,0.0001,0.75,0.01,0,VM,0.0,0.0
0.01,0.0001,0.75,0.01,0,Other,0.02255276189793256,0.03304681710623366
0.01,0.0001,0.75,0.01,1,PMEC,0.026991902255675073,0.03455833831116711
0.01,0.0001,0.75,0.01,1,VM,0.0,0.0
0.01,0.0001,0.75,0.01,1,Other,0.023700268443824814,0.03333896837061309
0.01,0.0001,0.75,0.01,2,PMEC,0.027720624315243116,0.0349122107271577
0.01,0.0001,0.75,0.01,2,VM,0.0,0.0
0.01,0.0001,0.75,0.01,2,Other,0.023864612305010854,0.03323750608717495
0.01,0.0001,0.75,0.05,0,PMEC,0.014581871415093742,0.04522516039740083
0.01,0.0001,0.75,0.05,0,VM,0.0,0.0
0.01,0.0001,0.75,0.05,0,Other,0.006392751423313266,0.04637983129041473
0.01,0.0001,0.75,0.05,1,PMEC,0.01430539336813809,0.04534516650339051
0.01,0.0001,0.75,0.05,1,VM,0.0,0.0
0.01,0.0001,0.75,0.05,1,Other,0.007013253177677364,0.04606244650749281
0.01,0.0001,0.75,0.05,2,PMEC,0.014595550464334573,0.04541558448651719
0.01,0.0001,0.75,0.05,2,VM,0.0,0.0
0.01,0.0001,0.75,0.05,2,Other,0.00672196822478407,0.046003115146317115
0.01,0.0001,0.75,0.1,0,PMEC,0.007622134396034117,0.06744912740020115
0.01,0.0001,0.75,0.1,0,VM,0.0,0.0
0.01,0.0001,0.75,0.1,0,Other,0.004266260777350445,0.06899648665884828
0.01,0.0001,0.75,0.1,1,PMEC,0.009169340837838156,0.06783038434188694
0.01,0.0001,0.75,0.1,1,VM,0.0,0.0
0.01,0.0001,0.75,0.1,1,Other,0.005019760655449048,0.06945781634884085
0.01,0.0001,0.75,0.1,2,PMEC,0.008741117269367778,0.06725415143200958
0.01,0.0001,0.75,0.1,2,VM,0.0,0.0
0.01,0.0001,0.75,0.1,2,Other,0.004906147175895115,0.06910785496660368
0.01,0.0001,1,0.001,0,PMEC,0.03372582627497477,0.0352528377284263
0.01,0.0001,1,0.001,0,VM,0.0,0.0
0.01,0.0001,1,0.001,0,Other,0.03276828806114206,0.034095410498576215
0.01,0.0001,1,0.001,1,PMEC,0.03387322060246836,0.03547890899401032
0.01,0.0001,1,0.001,1,VM,0.0,0.0
0.01,0.0001,1,0.001,1,Other,0.03173528754300516,0.03319747461735232
0.01,0.0001,1,0.001,2,PMEC,0.033580907183674416,0.03503219169801542
0.01,0.0001,1,0.001,2,VM,0.0,0.0
0.01,0.0001,1,0.001,2,Other,0.03240300622722103,0.03377803869509055
0.01,0.0001,1,0.005,0,PMEC,0.029779991323491045,0.033716285195724977
0.01,0.0001,1,0.005,0,VM,0.0,0.0
0.01,0.0001,1,0.005,0,Other,0.028203014426508716,0.03277996208594688
0.01,0.0001,1,0.005,1,PMEC,0.030080691870933644,0.03456237024707808
0.01,0.0001,1,0.005,1,VM,0.0,0.0
0.01,0.0001,1,0.005,1,Other,0.028723615300144754,0.03350472258654387
0.01,0.0001,1,0.005,2,PMEC,0.02955368163954212,0.03400374532075489
0.01,0.0001,1,0.005,2,VM,0.0,0.0
0.01,0.0001,1,0.005,2,Other,0.0275966724197388,0.03262376739884131
0.01,0.0001,1,0.01,0,PMEC,0.02806253359969575,0.03517727339526595
0.01,0.0001,1,0.01,0,VM,0.0,0.0
0.01,0.0001,1,0.01,0,Other,0.022854817282380792,0.033085058452560406
0.01,0.0001,1,0.01,1,PMEC,0.026820088980967553,0.03443333939977876
0.01,0.0001,1,0.01,1,VM,0.0,0.0
0.01,0.0001,1,0.01,1,Other,0.024468315002396213,0.033524014136924726
0.01,0.0001,1,0.01,2,PMEC,0.027365802082311957,0.03464828051107627
0.01,0.0001,1,0.01,2,VM,0.0,0.0
0.01,0.0001,1,0.01,2,Other,0.023957800269031156,0.033261598309610556
0.01,0.0001,1,0.05,0,PMEC,0.013696633668675738,0.044854970791342985
0.01,0.0001,1,0.05,0,VM,0.0,0.0
0.01,0.0001,1,0.05,0,Other,0.0077282175506543736,0.04620046114300914
0.01,0.0001,1,0.05,1,PMEC,0.01402688586121814,0.04548151943257562
0.01,0.0001,1,0.05,1,VM,0.0,0.0
0.01,0.0001,1,0.05,1,Other,0.0068473236343792035,0.046135754950586014
0.01,0.0001,1,0.05,2,PMEC,0.013980818768362007,0.045536472191109234
0.01,0.0001,1,0.05,2,VM,0.0,0.0
0.01,0.0001,1,0.05,2,Other,0.006997411684817694,0.04626383952328603
0.01,0.0001,1,0.1,0,PMEC,0.008198374342009113,0.06738785738310583
0.01,0.0001,1,0.1,0,VM,0.0,0.0
0.01,0.0001,1,0.1,0,Other,0.004694031447827153,0.0692470553182824
0.01,0.0001,1,0.1,1,PMEC,0.006962669586954501,0.06801786996943665
0.01,0.0001,1,0.1,1,VM,0.0,0.0
0.01,0.0001,1,0.1,1,Other,0.004331149034504855,0.06927039270722495
0.01,0.0001,1,0.1,2,PMEC,0.007478185860535423,0.06730349686837343
0.01,0.0001,1,0.1,2,VM,0.0,0.0
0.01,0.0001,1,0.1,2,Other,0.00515942946903285,0.06903647649868559
0.01,0.0001,1.5,0.001,0,PMEC,0.032886133912220436,0.03444982077193875
0.01,0.0001,1.5,0.001,0,VM,0.0,0.0
0.01,0.0001,1.5,0.001,0,Other,0.032224217183298126,0.033821328690707864
0.01,0.0001,1.5,0.001,1,PMEC,0.032843396622890306,0.03435806789198337
0.01,0.0001,1.5,0.001,1,VM,0.0,0.0
0.01,0.0001,1.5,0.001,1,Other,0.031949079970895,0.033500068513509555
0.01,0.0001,1.5,0.001,2,PMEC,0.033772324664684134,0.03531586012799314
0.01,0.0001,1.5,0.001,2,VM,0.0,0.0
0.01,0.0001,1.5,0.001,2,Other,0.033216763434789416,0.034727468962597645
0.01,0.0001,1.5,0.005,0,PMEC,0.02974899169974531,0.03396594888487331
0.01,0.0001,1.5,0.005,0,VM,0.0,0.0
0.01,0.0001,1.5,0.005,0,Other,0.027342066589204395,0.03199506402710752
0.01,0.0001,1.5,0.005,1,PMEC,0.030305072595365037,0.03458721324858196
0.01,0.0001,1.5,0.005,1,VM,0.0,0.0
0.01,0.0001,1.5,0.005,1,Other,0.028956333067452943,0.03364307224422614
0.01,0.0001,1.5,0.005,2,PMEC,0.0309379181125152,0.03498155370254143
0.01,0.0001,1.5,0.005,2,VM,0.0,0.0
0.01,0.0001,1.5,0.005,2,Other,0.02865442622766003,0.032936661090477895
0.01,0.0001,1.5,0.01,0,PMEC,0.026923432030270325,0.0337485727996549
0.01,0.0001,1.5,0.01,0,VM,0.0,0.0
0.01,0.0001,1.5,0.01,0,Other,0.02367363850406023,0.03355834064283129
0.01,0.0001,1.5,0.01,1,PMEC,0.028265946159254585,0.035186054978154004
0.01,0.0001,1.5,0.01,1,VM,0.0,0.0
0.01,0.0001,1.5,0.01,1,Other,0.022138409941197854,0.03290230104515841
0.01,0.0001,1.5,0.01,2,PMEC,0.026480756357558255,0.0340275833590172
0.01,0.0001,1.5,0.01,2,VM,0.0,0.0
0.01,0.0001,1.5,0.01,2,Other,0.023979562884879103,0.033133273025488935
0.01,0.0001,1.5,0.05,0,PMEC,0.01445799596973318,0.04512817664202034
0.01,0.0001,1.5,0.05,0,VM,0.0,0.0
0.01,0.0001,1.5,0.05,0,Other,0.006838263191008472,0.04636521080793646
0.01,0.0001,1.5,0.05,1,PMEC,0.01401596674815479,0.04573862695598221
0.01,0.0001,1.5,0.05,1,VM,0.0,0.0
0.01,0.0001,1.5,0.05,1,Other,0.006187234400194553,0.045915412850663244
0.01,0.0001,1.5,0.05,2,PMEC,0.013144706227114496,0.04565641320453277
0.01,0.0001,1.5,0.05,2,VM,0.0,0.0
0.01,0.0001,1.5,0.05,2,Other,0.007100340205643847,0.04623313102914792
0.01,0.0001,1.5,0.1,0,PMEC,0.01003893728466653,0.06734935066898193
0.01,0.0001,1.5,0.1,0,VM,0.0,0.0
0.01,0.0001,1.5,0.1,0,Other,0.004505459747046467,0.06916182215762191
0.01,0.0001,1.5,0.1,1,PMEC,0.008733547915601398,0.06760709775678543
0.01,0.0001,1.5,0.1,1,VM,0.0,0.0
0.01,0.0001,1.5,0.1,1,Other,0.00409087382212736,0.06930689671459715
0.01,0.0001,1.5,0.1,2,PMEC,0.008196052511064603,0.06748641180294009
0.01,0.0001,1.5,0.1,2,VM,0.0,0.0
0.01,0.0001,1.5,0.1,2,Other,0.004461804063902987,0.069096090470217
0.01,0.0001,2,0.001,0,PMEC,0.03423170003557844,0.03566951660466769
0.01,0.0001,2,0.001,0,VM,0.0,0.0
0.01,0.0001,2,0.001,0,Other,0.032569760358848156,0.03396086977412658
0.01,0.0001,2,0.001,1,PMEC,0.03351168439295351,0.03514815311035115
0.01,0.0001,2,0.001,1,VM,0.0,0.0
0.01,0.0001,2,0.001,1,Other,0.03207952259187224,0.033633152759626334
0.01,0.0001,2,0.001,2,PMEC,0.03270414694878964,0.03464382969190339
0.01,0.0001,2,0.001,2,VM,0.0,0.0
0.01,0.0001,2,0.001,2,Other,0.031728680730309336,0.033440557824653855
0.01,0.0001,2,0.005,0,PMEC,0.0302782048492621,0.0340361793708776
0.01,0.0001,2,0.005,0,VM,0.0,0.0
0.01,0.0001,2,0.005,0,Other,0.028848861898042266,0.03321680426549041
0.01,0.0001,2,0.005,1,PMEC,0.03029299901322402,0.03421878963648072
0.01,0.0001,2,0.005,1,VM,0.0,0.0
0.01,0.0001,2,0.005,1,Other,0.02871616604070514,0.033257608546376535
0.01,0.0001,2,0.005,2,PMEC,0.03085836341089581,0.034860990252546235
0.01,0.0001,2,0.005,2,VM,0.0,0.0
0.01,0.0001,2,0.005,2,Other,0.02929368291792798,0.03353911320498676
0.01,0.0001,2,0.01,0,PMEC,0.027370445643915855,0.034490239995119056
0.01,0.0001,2,0.01,0,VM,0.0,0.0
0.01,0.0001,2,0.01,0,Other,0.024574164110140396,0.03363182521215197
0.01,0.0001,2,0.01,1,PMEC,0.027566716031005564,0.034529966018521915
0.01,0.0001,2,0.01,1,VM,0.0,0.0
0.01,0.0001,2,0.01,1,Other,0.02346831526405925,0.03343475809906806
0.01,0.0001,2,0.01,2,PMEC,0.02805055459107817,0.03516650253001087
0.01,0.0001,2,0.01,2,VM,0.0,0.0
0.01,0.0001,2,0.01,2,Other,0.023955016607744316,0.03327726574753736
0.01,0.0001,2,0.05,0,PMEC,0.013888213394682556,0.04589925985095291
0.01,0.0001,2,0.05,0,VM,0.0,0.0
0.01,0.0001,2,0.05,0,Other,0.006826682847919235,0.04609533466621833
0.01,0.0001,2,0.05,1,PMEC,0.015714606075604987,0.04590550730373009
0.01,0.0001,2,0.05,1,VM,0.0,0.0
0.01,0.0001,2,0.05,1,Other,0.006289984367827168,0.04616768206758522
0.01,0.0001,2,0.05,2,PMEC,0.01503138929189665,0.045715634634741535
0.01,0.0001,2,0.05,2,VM,0.0,0.0
0.01,0.0001,2,0.05,2,Other,0.007051339654458409,0.04606575687847972
0.01,0.0001,2,0.1,0,PMEC,0.007663344879597923,0.06801631907023878
0.01,0.0001,2,0.1,0,VM,0.0,0.0
0.01,0.0001,2,0.1,0,Other,0.0045146820779606986,0.06940962310604921
0.01,0.0001,2,0.1,1,PMEC,0.009359176310924314,0.06774344099904182
0.01,0.0001,2,0.1,1,VM,0.0,0.0
0.01,0.0001,2,0.1,1,Other,0.004909361698441119,0.06914133474976566
0.01,0.0001,2,0.1,2,PMEC,0.007976918285038418,0.06859107990699427
0.01,0.0001,2,0.1,2,VM,0.0,0.0
0.01,0.0001,2,0.1,2,Other,0.004123607582852368,0.06939387195472956
0.01,0.0005,0.75,0.001,0,PMEC,0.03371625905883681,0.035254263992064584
0.01,0.0005,0.75,0.001,0,VM,0.0,0.0
0.01,0.0005,0.75,0.001,0,Other,0.032377661253694366,0.03377495234061596
0.01,0.0005,0.75,0.001,1,PMEC,0.03326695983242365,0.03493178820682101
0.01,0.0005,0.75,0.001,1,VM,0.0,0.0
0.01,0.0005,0.75,0.001,1,Other,0.03176302441084025,0.03331882503015137
0.01,0.0005,0.75,0.001,2,PMEC,0.03372157428467688,0.03535718354509181
0.01,0.0005,0.75,0.001,2,VM,0.0,0.0
0.01,0.0005,0.75,0.001,2,Other,0.032529714371254174,0.03402406975754719
0.01,0.0005,0.75,0.005,0,PMEC,0.03026753651196034,0.034424084784629376
0.01,0.0005,0.75,0.005,0,VM,0.0,0.0
0.01,0.0005,0.75,0.005,0,Other,0.02935825822501082,0.033675057890442096
0.01,0.0005,0.75,0.005,1,PMEC,0.029631276694740184,0.03394722931704106
0.01,0.0005,0.75,0.005,1,VM,0.0,0.0
0.01,0.0005,0.75,0.005,1,Other,0.02825383105332024,0.032738431441873585
0.01,0.0005,0.75,0.005,2,PMEC,0.030553260434266843,0.034651386206948485
0.01,0.0005,0.75,0.005,2,VM,0.0,0.0
0.01,0.0005,0.75,0.005,2,Other,0.02897316819189297,0.03323494500273884
0.01,0.0005,0.75,0.01,0,PMEC,0.02725856284753935,0.034141176194436074
0.01,0.0005,0.75,0.01,0,VM,0.0,0.0
0.01,0.0005,0.75,0.01,0,Other,0.023586731268189335,0.03338484175675712
0.01,0.0005,0.75,0.01,1,PMEC,0.027042951351821977,0.03416430452101304
0.01,0.0005,0.75,0.01,1,VM,0.0,0.0
0.01,0.0005,0.75,0.01,1,Other,0.024554622299234538,0.033426400724805426
0.01,0.0005,0.75,0.01,2,PMEC,0.02757529691820501,0.034316495599691535
0.01,0.0005,0.75,0.01,2,VM,0.0,0.0
0.01,0.0005,0.75,0.01,2,Other,0.024983836663953117,0.03365501499454944
0.01,0.0005,0.75,0.05,0,PMEC,0.015025429489592207,0.045364258993906816
0.01,0.0005,0.75,0.05,0,VM,0.0,0.0
0.01,0.0005,0.75,0.05,0,Other,0.007191745477663021,0.04618325358404315
0.01,0.0005,0.75,0.05,1,PMEC,0.015582214754607122,0.04543439442199067
0.01,0.0005,0.75,0.05,1,VM,0.0,0.0
0.01,0.0005,0.75,0.05,1,Other,0.0067324747672647765,0.046099010251757916
0.01,0.0005,0.75,0.05,2,PMEC,0.014120189628934566,0.04491622778819895
0.01,0.0005,0.75,0.05,2,VM,0.0,0.0
0.01,0.0005,0.75,0.05,2,Other,0.006207157746402982,0.046270254788329065
0.01,0.0005,0.75,0.1,0,PMEC,0.009375902432989636,0.06765582237550581
0.01,0.0005,0.75,0.1,0,VM,0.0,0.0
0.01,0.0005,0.75,0.1,0,Other,0.005604425336352179,0.06908622500799619
0.01,0.0005,0.75,0.1,1,PMEC,0.007583392090128295,0.06783231386295634
0.01,0.0005,0.75,0.1,1,VM,0.0,0.0
0.01,0.0005,0.75,0.1,1,Other,0.004927862504290313,0.06975386329126333
0.01,0.0005,0.75,0.1,2,PMEC,0.009489284250295747,0.06763817849268852
0.01,0.0005,0.75,0.1,2,VM,0.0,0.0
0.01,0.0005,0.75,0.1,2,Other,0.00412631182155831,0.06932796988276035
0.01,0.0005,1,0.001,0,PMEC,0.031678631409823195,0.033464226407904626
0.01,0.0005,1,0.001,0,VM,0.0,0.0
0.01,0.0005,1,0.001,0,Other,0.031689710685494483,0.03323962594114244
0.01,0.0005,1,0.001,1,PMEC,0.03315431626594999,0.03494525232168885
0.01,0.0005,1,0.001,1,VM,0.0,0.0
0.01,0.0005,1,0.001,1,Other,0.03225365006958767,0.033790488488068086
0.01,0.0005,1,0.001,2,PMEC,0.03371276019816385,0.03531982125448543
0.01,0.0005,1,0.001,2,VM,0.0,0.0
0.01,0.0005,1,0.001,2,Other,0.03252389203676259,0.03397213793284115
0.01,0.0005,1,0.005,0,PMEC,0.02966164661187531,0.03403282397573881
0.01,0.0005,1,0.005,0,VM,0.0,0.0
0.01,0.0005,1,0.005,0,Other,0.02772150806013741,0.0326531964855062
0.01,0.0005,1,0.005,1,PMEC,0.030480615244313735,0.03467474059101444
0.01,0.0005,1,0.005,1,VM,0.0,0.0
0.01,0.0005,1,0.005,1,Other,0.02867373378112243,0.03327629429830552
0.01,0.0005,1,0.005,2,PMEC,0.030875614651711947,0.034994294896057626
0.01,0.0005,1,0.005,2,VM,0.0,0.0
0.01,0.0005,1,0.005,2,Other,0.029001630922939,0.033284999735271124
0.01,0.0005,1,0.01,0,PMEC,0.027050097088691483,0.03396840310579145
0.01,0.0005,1,0.01,0,VM,0.0,0.0
0.01,0.0005,1,0.01,0,Other,0.0235179268922851,0.03310096569951365
0.01,0.0005,1,0.01,1,PMEC,0.027037320166891,0.034014359290948704
0.01,0.0005,1,0.01,1,VM,0.0,0.0
0.01,0.0005,1,0.01,1,Other,0.0239267204679706,0.03318806406955814
0.01,0.0005,1,0.01,2,PMEC,0.027648703882506072,0.03442375219990649
0.01,0.0005,1,0.01,2,VM,0.0,0.0
0.01,0.0005,1,0.01,2,Other,0.023644944805816314,0.03321541584150207
0.01,0.0005,1,0.05,0,PMEC,0.015114310297175583,0.04559377727056191
0.01,0.0005,1,0.05,0,VM,0.0,0.0
0.01,0.0005,1,0.05,0,Other,0.006822422445467031,0.04623965219395958
0.01,0.0005,1,0.05,1,PMEC,0.014548950752821175,0.045682896531100796
0.01,0.0005,1,0.05,1,VM,0.0,0.0
0.01,0.0005,1,0.05,1,Other,0.006406049672443042,0.046448677040092354
0.01,0.0005,1,0.05,2,PMEC,0.013838467001234925,0.04527393644604227
0.01,0.0005,1,0.05,2,VM,0.0,0.0
0.01,0.0005,1,0.05,2,Other,0.005656457240680268,0.04628493984699205
0.01,0.0005,1,0.1,0,PMEC,0.0082406324485345,0.06768883830712649
0.01,0.0005,1,0.1,0,VM,0.0,0.0
0.01,0.0005,1,0.1,0,Other,0.00514082903077506,0.06922094319792937
0.01,0.0005,1,0.1,1,PMEC,0.00797800126579743,0.06759710292735661
0.01,0.0005,1,0.1,1,VM,0.0,0.0
0.01,0.0005,1,0.1,1,Other,0.0045753073353517444,0.06913244195512584
0.01,0.0005,1,0.1,2,PMEC,0.008107116413093621,0.06816865295559779
0.01,0.0005,1,0.1,2,VM,0.0,0.0
0.01,0.0005,1,0.1,2,Other,0.004758591677799883,0.06952720007938651
0.01,0.0005,1.5,0.001,0,PMEC,0.03376330936525138,0.03557400039559107
0.01,0.0005,1.5,0.001,0,VM,0.0,0.0
0.01,0.0005,1.5,0.001,0,Other,0.031935565070175066,0.03348966944929459
0.01,0.0005,1.5,0.001,1,PMEC,0.03328023933716015,0.03490943158298181
0.01,0.0005,1.5,0.001,1,VM,0.0,0.0
0.01,0.0005,1.5,0.001,1,Other,0.032544806467141606,0.03398395579032591
0.01,0.0005,1.5,0.001,2,PMEC,0.03413391328527476,0.035852508813734314
0.01,0.0005,1.5,0.001,2,VM,0.0,0.0
0.01,0.0005,1.5,0.001,2,Other,0.03277916975841723,0.034219935915758094
0.01,0.0005,1.5,0.005,0,PMEC,0.030574579353107045,0.034703137404133486
0.01,0.0005,1.5,0.005,0,VM,0.0,0.0
0.01,0.0005,1.5,0.005,0,Other,0.029129021496356308,0.03358728702865543
0.01,0.0005,1.5,0.005,1,PMEC,0.030442988578762667,0.03467054892538859
0.01,0.0005,1.5,0.005,1,VM,0.0,0.0
0.01,0.0005,1.5,0.005,1,Other,0.028560999462159235,0.033159818050735125
0.01,0.0005,1.5,0.005,2,PMEC,0.029965771536076758,0.03396149188385392
0.01,0.0005,1.5,0.005,2,VM,0.0,0.0
0.01,0.0005,1.5,0.005,2,Other,0.027988717343272716,0.03278743560737637
0.01,0.0005,1.5,0.01,0,PMEC,0.02713123183609417,0.03421574390352278
0.01,0.0005,1.5,0.01,0,VM,0.0,0.0
0.01,0.0005,1.5,0.01,0,Other,0.02441157024762114,0.03367346580515672
0.01,0.0005,1.5,0.01,1,PMEC,0.026905352113614004,0.03439826763294846
0.01,0.0005,1.5,0.01,1,VM,0.0,0.0
0.01,0.0005,1.5,0.01,1,Other,0.02487377575123841,0.03359380613713762
0.01,0.0005,1.5,0.01,2,PMEC,0.027227482281336583,0.034131385016722436
0.01,0.0005,1.5,0.01,2,VM,0.0,0.0
0.01,0.0005,1.5,0.01,2,Other,0.02430809622933631,0.033377426807190747
0.01,0.0005,1.5,0.05,0,PMEC,0.014589554120578267,0.045599028340703306
0.01,0.0005,1.5,0.05,0,VM,0.0,0.0
0.01,0.0005,1.5,0.05,0,Other,0.006188678671267663,0.04632318392563649
0.01,0.0005,1.5,0.05,1,PMEC,0.013678773307127167,0.045308018790858946
0.01,0.0005,1.5,0.05,1,VM,0.0,0.0
0.01,0.0005,1.5,0.05,1,Other,0.0063637265673294405,0.04622599737821071
0.01,0.0005,1.5,0.05,2,PMEC,0.015002503783218758,0.04511006536225293
0.01,0.0005,1.5,0.05,2,VM,0.0,0.0
0.01,0.0005,1.5,0.05,2,Other,0.007150508277430058,0.04597871936445151
0.01,0.0005,1.5,0.1,0,PMEC,0.007865259953739467,0.06757319797135898
0.01,0.0005,1.5,0.1,0,VM,0.0,0.0
0.01,0.0005,1.5,0.1,0,Other,0.004177249477057586,0.06943323495104688
0.01,0.0005,1.5,0.1,1,PMEC,0.008162195718378932,0.0677341369350991
0.01,0.0005,1.5,0.1,1,VM,0.0,0.0
0.01,0.0005,1.5,0.1,1,Other,0.004373918125588066,0.06954844655540718
0.01,0.0005,1.5,0.1,2,PMEC,0.009064390353605737,0.06778964519673655
0.01,0.0005,1.5,0.1,2,VM,0.0,0.0
0.01,0.0005,1.5,0.1,2,Other,0.004470772241707019,0.069207738123637
0.01,0.0005,2,0.001,0,PMEC,0.03392500048941392,0.03550572600353572
0.01,0.0005,2,0.001,0,VM,0.0,0.0
0.01,0.0005,2,0.001,0,Other,0.033099688112374875,0.03440339599663148
0.01,0.0005,2,0.001,1,PMEC,0.0332043846943215,0.03492496091223987
0.01,0.0005,2,0.001,1,VM,0.0,0.0
0.01,0.0005,2,0.001,1,Other,0.03264919827122205,0.03410317950108084
0.01,0.0005,2,0.001,2,PMEC,0.03265663508734943,0.03439140321150175
0.01,0.0005,2,0.001,2,VM,0.0,0.0
0.01,0.0005,2,0.001,2,Other,0.03258132182829202,0.03410696603070161
0.01,0.0005,2,0.005,0,PMEC,0.029985212668304572,0.03413986521756502
0.01,0.0005,2,0.005,0,VM,0.0,0.0
0.01,0.0005,2,0.005,0,Other,0.02837817290811671,0.03281915387871145
0.01,0.0005,2,0.005,1,PMEC,0.03053308494551626,0.034630617516065054
0.01,0.0005,2,0.005,1,VM,0.0,0.0
0.01,0.0005,2,0.005,1,Other,0.02905751613738388,0.0332195788416558
0.01,0.0005,2,0.005,2,PMEC,0.0311467637748152,0.03526882847212318
0.01,0.0005,2,0.005,2,VM,0.0,0.0
0.01,0.0005,2,0.005,2,Other,0.027893652201045557,0.03268494718494198
0.01,0.0005,2,0.01,0,PMEC,0.02741774203657046,0.03433647873550992
0.01,0.0005,2,0.01,0,VM,0.0,0.0
0.01,0.0005,2,0.01,0,Other,0.023998351627306444,0.033230375732938924
0.01,0.0005,2,0.01,1,PMEC,0.026785824968793365,0.03397766657089466
0.01,0.0005,2,0.01,1,VM,0.0,0.0
0.01,0.0005,2,0.01,1,Other,0.023584301758987035,0.033220773003073405
0.01,0.0005,2,0.01,2,PMEC,0.027215535618900815,0.03452359698013039
0.01,0.0005,2,0.01,2,VM,0.0,0.0
0.01,0.0005,2,0.01,2,Other,0.023598603734930928,0.03319342741672071
0.01,0.0005,2,0.05,0,PMEC,0.0134040174279523,0.045434253233712675
0.01,0.0005,2,0.05,0,VM,0.0,0.0
0.01,0.0005,2,0.05,0,Other,0.006239355514706623,0.04603436283629238
0.01,0.0005,2,0.05,1,PMEC,0.013236122133384992,0.04573630695175848
0.01,0.0005,2,0.05,1,VM,0.0,0.0
0.01,0.0005,2,0.05,1,Other,0.0073996452509853755,0.04638509458848051
0.01,0.0005,2,0.05,2,PMEC,0.01491156767864694,0.04539669123184571
0.01,0.0005,2,0.05,2,VM,0.0,0.0
0.01,0.0005,2,0.05,2,Other,0.006440263495530516,0.0459156498813395
0.01,0.0005,2,0.1,0,PMEC,0.008515094375550591,0.06779279209665358
0.01,0.0005,2,0.1,0,VM,0.0,0.0
0.01,0.0005,2,0.1,0,Other,0.004763750008985514,0.06937583681915879
0.01,0.0005,2,0.1,1,PMEC,0.007280139184126616,0.06759790796089543
0.01,0.0005,2,0.1,1,VM,0.0,0.0
0.01,0.0005,2,0.1,1,Other,0.004109301599856035,0.06965683271456163
0.01,0.0005,2,0.1,2,PMEC,0.008437128843100734,0.06752605433930421
0.01,0.0005,2,0.1,2,VM,0.0,0.0
0.01,0.0005,2,0.1,2,Other,0.005195177005092866,0.0691114537300203
0.01,0.001,0.75,0.001,0,PMEC,0.03332527318889192,0.03512708893225668
0.01,0.001,0.75,0.001,0,VM,0.0,0.0
0.01,0.001,0.75,0.001,0,Other,0.03240657888933082,0.03392127901770129
0.01,0.001,0.75,0.001,1,PMEC,0.033252070448585726,0.03494299248527283
0.01,0.001,0.75,0.001,1,VM,0.0,0.0
0.01,0.001,0.75,0.001,1,Other,0.03255497889562121,0.03393944395627406
0.01,0.001,0.75,0.001,2,PMEC,0.03263729817875301,0.03423371270125329
0.01,0.001,0.75,0.001,2,VM,0.0,0.0
0.01,0.001,0.75,0.001,2,Other,0.03158549339347772,0.033320282202347416
0.01,0.001,0.75,0.005,0,PMEC,0.030554410064610613,0.03461937326055533
0.01,0.001,0.75,0.005,0,VM,0.0,0.0
0.01,0.001,0.75,0.005,0,Other,0.029168651688766457,0.033394393366080855
0.01,0.001,0.75,0.005,1,PMEC,0.03186353100493142,0.035879277040866665
0.01,0.001,0.75,0.005,1,VM,0.0,0.0
0.01,0.001,0.75,0.005,1,Other,0.029257430195882023,0.03356338221459687
0.01,0.001,0.75,0.005,2,PMEC,0.030222672587709196,0.03460878290955412
0.01,0.001,0.75,0.005,2,VM,0.0,0.0
0.01,0.001,0.75,0.005,2,Other,0.028639000883243167,0.032965579851609014
0.01,0.001,0.75,0.01,0,PMEC,0.026589265480923326,0.03424160896634866
0.01,0.001,0.75,0.01,0,VM,0.0,0.0
0.01,0.001,0.75,0.01,0,Other,0.023663885552979474,0.033107929086265614
0.01,0.001,0.75,0.01,1,PMEC,0.027043925706922347,0.034035824745561015
0.01,0.001,0.75,0.01,1,VM,0.0,0.0
0.01,0.001,0.75,0.01,1,Other,0.023974726696156308,0.033349825475755844
0.01,0.001,0.75,0.01,2,PMEC,0.02725308151842545,0.03423245645903754
0.01,0.001,0.75,0.01,2,VM,0.0,0.0
0.01,0.001,0.75,0.01,2,Other,0.024046749631443782,0.03340417597714632
0.01,0.001,0.75,0.05,0,PMEC,0.015602735497258926,0.04591496297744826
0.01,0.001,0.75,0.05,0,VM,0.0,0.0
0.01,0.001,0.75,0.05,0,Other,0.006277946266271801,0.04620513718520221
0.01,0.001,0.75,0.05,1,PMEC,0.0145903093983473,0.0453501121937655
0.01,0.001,0.75,0.05,1,VM,0.0,0.0
0.01,0.001,0.75,0.05,1,Other,0.006508157977417311,0.046130480477264944
0.01,0.001,0.75,0.05,2,PMEC,0.01480356232789126,0.04539790146742124
0.01,0.001,0.75,0.05,2,VM,0.0,0.0
0.01,0.001,0.75,0.05,2,Other,0.006950614427099522,0.046166661119439886
0.01,0.001,0.75,0.1,0,PMEC,0.008036961285685578,0.06814085358977987
0.01,0.001,0.75,0.1,0,VM,0.0,0.0
0.01,0.001,0.75,0.1,0,Other,0.004307826284237169,0.06967794611996035
0.01,0.001,0.75,0.1,1,PMEC,0.007959457140900223,0.06804190349491364
0.01,0.001,0.75,0.1,1,VM,0.0,0.0
0.01,0.001,0.75,0.1,1,Other,0.004808302042985364,0.06955263886904815
0.01,0.001,0.75,0.1,2,PMEC,0.00948382101466782,0.06760272661625188
0.01,0.001,0.75,0.1,2,VM,0.0,0.0
0.01,0.001,0.75,0.1,2,Other,0.0043616820736248245,0.0689431926515203
0.01,0.001,1,0.001,0,PMEC,0.03309157037739433,0.03485338245707755
0.01,0.001,1,0.001,0,VM,0.0,0.0
0.01,0.001,1,0.001,0,Other,0.0321555555930501,0.03370219863138159
0.01,0.001,1,0.001,1,PMEC,0.03370988090733424,0.0356298974414503
0.01,0.001,1,0.001,1,VM,0.0,0.0
0.01,0.001,1,0.001,1,Other,0.0317967274476288,0.033453728573692415
0.01,0.001,1,0.001,2,PMEC,0.03352783290271592,0.035160878302577116
0.01,0.001,1,0.001,2,VM,0.0,0.0
0.01,0.001,1,0.001,2,Other,0.03248605869855546,0.033933583378336664
0.01,0.001,1,0.005,0,PMEC,0.030651368204427033,0.03493567206838676
0.01,0.001,1,0.005,0,VM,0.0,0.0
0.01,0.001,1,0.005,0,Other,0.02887892905547849,0.03334030364964077
0.01,0.001,1,0.005,1,PMEC,0.030714762388288724,0.03528234825103629
0.01,0.001,1,0.005,1,VM,0.0,0.0
0.01,0.001,1,0.005,1,Other,0.028088492234994458,0.03282398305221882
0.01,0.001,1,0.005,2,PMEC,0.02963826120748033,0.033737675103003385
0.01,0.001,1,0.005,2,VM,0.0,0.0
0.01,0.001,1,0.005,2,Other,0.028872542664436184,0.03326305232602353
0.01,0.001,1,0.01,0,PMEC,0.027000251082297057,0.034079557463392036
0.01,0.001,1,0.01,0,VM,0.0,0.0
0.01,0.001,1,0.01,0,Other,0.023526067371976715,0.03325280327907555
0.01,0.001,1,0.01,1,PMEC,0.027722182594169517,0.03458167937801047
0.01,0.001,1,0.01,1,VM,0.0,0.0
0.01,0.001,1,0.01,1,Other,0.022999439319796217,0.03292047966416255
0.01,0.001,1,0.01,2,PMEC,0.02713086630540208,0.03470191283269132
0.01,0.001,1,0.01,2,VM,0.0,0.0
0.01,0.001,1,0.01,2,Other,0.02344887313495774,0.03342135795390627
0.01,0.001,1,0.05,0,PMEC,0.013473347556807177,0.0450579634946076
0.01,0.001,1,0.05,0,VM,0.0,0.0
0.01,0.001,1,0.05,0,Other,0.006641360334174088,0.04632236491613558
0.01,0.001,1,0.05,1,PMEC,0.014084192751487883,0.045587648939491084
0.01,0.001,1,0.05,1,VM,0.0,0.0
0.01,0.001,1,0.05,1,Other,0.006868694410400742,0.04621043459322777
0.01,0.001,1,0.05,2,PMEC,0.013438235216604482,0.045166896797634165
0.01,0.001,1,0.05,2,VM,0.0,0.0
0.01,0.001,1,0.05,2,Other,0.0076968595219943535,0.046279273084855514
0.01,0.001,1,0.1,0,PMEC,0.008963686431153537,0.06788690587460215
0.01,0.001,1,0.1,0,VM,0.0,0.0
0.01,0.001,1,0.1,0,Other,0.004133929413408447,0.06930835399388222
0.01,0.001,1,0.1,1,PMEC,0.008752924533047114,0.06751465782126276
0.01,0.001,1,0.1,1,VM,0.0,0.0
0.01,0.001,1,0.1,1,Other,0.003885646329228316,0.06991421229970325
0.01,0.001,1,0.1,2,PMEC,0.007603550018310638,0.06731688357268216
0.01,0.001,1,0.1,2,VM,0.0,0.0
0.01,0.001,1,0.1,2,Other,0.00459003632613133,0.06948681126942075
0.01,0.001,1.5,0.001,0,PMEC,0.03243856068832049,0.03441586569339302
0.01,0.001,1.5,0.001,0,VM,0.0,0.0
0.01,0.001,1.5,0.001,0,Other,0.03150273356018454,0.03310220029344716
0.01,0.001,1.5,0.001,1,PMEC,0.03266185907144388,0.03463978526805126
0.01,0.001,1.5,0.001,1,VM,0.0,0.0
0.01,0.001,1.5,0.001,1,Other,0.03152147021427332,0.03321491203783848
0.01,0.001,1.5,0.001,2,PMEC,0.031498880072342486,0.033402551713112995
0.01,0.001,1.5,0.001,2,VM,0.0,0.0
0.01,0.001,1.5,0.001,2,Other,0.03213463250591399,0.033755981971153835
0.01,0.001,1.5,0.005,0,PMEC,0.03057655393468373,0.03457181077297315
0.01,0.001,1.5,0.005,0,VM,0.0,0.0
0.01,0.001,1.5,0.005,0,Other,0.02844613074848967,0.033080001110394046
0.01,0.001,1.5,0.005,1,PMEC,0.029744331600015456,0.03399639613703395
0.01,0.001,1.5,0.005,1,VM,0.0,0.0
0.01,0.001,1.5,0.005,1,Other,0.028318623206076518,0.03304984680999825
0.01,0.001,1.5,0.005,2,PMEC,0.029726651780961625,0.03387163202084942
0.01,0.001,1.5,0.005,2,VM,0.0,0.0
0.01,0.001,1.5,0.005,2,Other,0.027430149295775294,0.032404678442081045
0.01,0.001,1.5,0.01,0,PMEC,0.027662788435834883,0.035128644737343846
0.01,0.001,1.5,0.01,0,VM,0.0,0.0
0.01,0.001,1.5,0.01,0,Other,0.02357926088293846,0.03330857096757856
0.01,0.001,1.5,0.01,1,PMEC,0.027721439598148424,0.03471588762420782
0.01,0.001,1.5,0.01,1,VM,0.0,0.0
0.01,0.001,1.5,0.01,1,Other,0.023772610174718725,0.03349073093984612
0.01,0.001,1.5,0.01,2,PMEC,0.026964251797561702,0.03432376980966067
0.01,0.001,1.5,0.01,2,VM,0.0,0.0
0.01,0.001,1.5,0.01,2,Other,0.023459536083411715,0.03283647348653226
0.01,0.001,1.5,0.05,0,PMEC,0.013003534067589407,0.04576213629890395
0.01,0.001,1.5,0.05,0,VM,0.0,0.0
0.01,0.001,1.5,0.05,0,Other,0.006725189485003408,0.04618846267348444
0.01,0.001,1.5,0.05,1,PMEC,0.013871149417503132,0.0454681129239693
0.01,0.001,1.5,0.05,1,VM,0.0,0.0
0.01,0.001,1.5,0.05,1,Other,0.006938663837163906,0.046001710687412066
0.01,0.001,1.5,0.05,2,PMEC,0.01234368439071331,0.0452829000484992
0.01,0.001,1.5,0.05,2,VM,0.0,0.0
0.01,0.001,1.5,0.05,2,Other,0.00672102105177386,0.04592923039077399
0.01,0.001,1.5,0.1,0,PMEC,0.0077073512208358196,0.06759352332017678
0.01,0.001,1.5,0.1,0,VM,0.0,0.0
0.01,0.001,1.5,0.1,0,Other,0.004938943244453287,0.06946581528489296
0.01,0.001,1.5,0.1,1,PMEC,0.007855064412076632,0.06754000903440587
0.01,0.001,1.5,0.1,1,VM,0.0,0.0
0.01,0.001,1.5,0.1,1,Other,0.004893565831044881,0.06920679347899562
0.01,0.001,1.5,0.1,2,PMEC,0.008120853204455667,0.06837609117318685
0.01,0.001,1.5,0.1,2,VM,0.0,0.0
0.01,0.001,1.5,0.1,2,Other,0.004531282550808303,0.06916087070169376
0.01,0.001,2,0.001,0,PMEC,0.032178843428096376,0.03421046734045691
0.01,0.001,2,0.001,0,VM,0.0,0.0
0.01,0.001,2,0.001,0,Other,0.03235473737470768,0.03411474991555689
0.01,0.001,2,0.001,1,PMEC,0.031160077163542237,0.03306911635323475
0.01,0.001,2,0.001,1,VM,0.0,0.0
0.01,0.001,2,0.001,1,Other,0.03196015530927325,0.03369064141280374
0.01,0.001,2,0.001,2,PMEC,0.032236160900392316,0.034285409206896475
0.01,0.001,2,0.001,2,VM,0.0,0.0
0.01,0.001,2,0.001,2,Other,0.03178519631315716,0.033525406065447315
0.01,0.001,2,0.005,0,PMEC,0.029692583046309513,0.033808652841359664
0.01,0.001,2,0.005,0,VM,0.0,0.0
0.01,0.001,2,0.005,0,Other,0.02756355501286431,0.03215326238540001
0.01,0.001,2,0.005,1,PMEC,0.02929315045969543,0.033858807956074495
0.01,0.001,2,0.005,1,VM,0.0,0.0
0.01,0.001,2,0.005,1,Other,0.027868055712747017,0.03264684153729363
0.01,0.001,2,0.005,2,PMEC,0.030461556284724516,0.03440948878008634
0.01,0.001,2,0.005,2,VM,0.0,0.0
0.01,0.001,2,0.005,2,Other,0.028930706301288352,0.03300507524368401
0.01,0.001,2,0.01,0,PMEC,0.027261729008396837,0.034678563981917175
0.01,0.001,2,0.01,0,VM,0.0,0.0
0.01,0.001,2,0.01,0,Other,0.023568342430018898,0.03328028422206324
0.01,0.001,2,0.01,1,PMEC,0.026923232261812514,0.034445485045057095
0.01,0.001,2,0.01,1,VM,0.0,0.0
0.01,0.001,2,0.01,1,Other,0.023430337735122615,0.0334561309183504
0.01,0.001,2,0.01,2,PMEC,0.026901831248811976,0.03448885058138239
0.01,0.001,2,0.01,2,VM,0.0,0.0
0.01,0.001,2,0.01,2,Other,0.022981146147880948,0.033124921597822064
0.01,0.001,2,0.05,0,PMEC,0.014074445120402021,0.04502215568905748
0.01,0.001,2,0.05,0,VM,0.0,0.0
0.01,0.001,2,0.05,0,Other,0.006872302428625751,0.046264115166842264
0.01,0.001,2,0.05,1,PMEC,0.013166099348368121,0.045481791466156364
0.01,0.001,2,0.05,1,VM,0.0,0.0
0.01,0.001,2,0.05,1,Other,0.006605983836180249,0.04607740133534459
0.01,0.001,2,0.05,2,PMEC,0.014322429418023225,0.0453162142978573
0.01,0.001,2,0.05,2,VM,0.0,0.0
0.01,0.001,2,0.05,2,Other,0.006597669181295094,0.04616780818177916
0.01,0.001,2,0.1,0,PMEC,0.008556575222054625,0.06727170626493585
0.01,0.001,2,0.1,0,VM,0.0,0.0
0.01,0.001,2,0.1,0,Other,0.00489877986304052,0.06903650646167564
0.01,0.001,2,0.1,1,PMEC,0.008522055111703614,0.06755345665448326
0.01,0.001,2,0.1,1,VM,0.0,0.0
0.01,0.001,2,0.1,1,Other,0.004994915524071133,0.069772062672426
0.01,0.001,2,0.1,2,PMEC,0.008255465227365751,0.06739777186652414
0.01,0.001,2,0.1,2,VM,0.0,0.0
0.01,0.001,2,0.1,2,Other,0.004825170240237003,0.06908931868251267
0.01,0.005,0.75,0.001,0,PMEC,0.030742854100326,0.033326137886193666
0.01,0.005,0.75,0.001,0,VM,0.0,0.0
0.01,0.005,0.75,0.001,0,Other,0.03103601211677957,0.03306832363097124
0.01,0.005,0.75,0.001,1,PMEC,0.031145624033135897,0.03382926467059073
0.01,0.005,0.75,0.001,1,VM,0.0,0.0
0.01,0.005,0.75,0.001,1,Other,0.031128863833704112,0.03327788384867236
0.01,0.005,0.75,0.001,2,PMEC,0.03069617542978351,0.03310552413266175
0.01,0.005,0.75,0.001,2,VM,0.0,0.0
0.01,0.005,0.75,0.001,2,Other,0.030403558201660262,0.03241117754358202
0.01,0.005,0.75,0.005,0,PMEC,0.02940665730109278,0.03386825731776113
0.01,0.005,0.75,0.005,0,VM,0.0,0.0
0.01,0.005,0.75,0.005,0,Other,0.02803768390496224,0.032670162613642556
0.01,0.005,0.75,0.005,1,PMEC,0.02986671566925814,0.034306268694377993
0.01,0.005,0.75,0.005,1,VM,0.0,0.0
0.01,0.005,0.75,0.005,1,Other,0.027884060087182052,0.032620926865305266
0.01,0.005,0.75,0.005,2,PMEC,0.029292687258301846,0.03390966253373686
0.01,0.005,0.75,0.005,2,VM,0.0,0.0
0.01,0.005,0.75,0.005,2,Other,0.028215296270316746,0.032819756623482306
0.01,0.005,0.75,0.01,0,PMEC,0.026606444538656748,0.034337624880098894
0.01,0.005,0.75,0.01,0,VM,0.0,0.0
0.01,0.005,0.75,0.01,0,Other,0.022809297887050217,0.03331724524316652
0.01,0.005,0.75,0.01,1,PMEC,0.02708575241294225,0.03446785047737718
0.01,0.005,0.75,0.01,1,VM,0.0,0.0
0.01,0.005,0.75,0.01,1,Other,0.023233260916831783,0.03299408768216895
0.01,0.005,0.75,0.01,2,PMEC,0.027191418018071043,0.034952764825096364
0.01,0.005,0.75,0.01,2,VM,0.0,0.0
0.01,0.005,0.75,0.01,2,Other,0.022480258053263074,0.03289078257708052
0.01,0.005,0.75,0.05,0,PMEC,0.013551934359699428,0.04546158739861382
0.01,0.005,0.75,0.05,0,VM,0.0,0.0
0.01,0.005,0.75,0.05,0,Other,0.006278135332858826,0.046036516512352944
0.01,0.005,0.75,0.05,1,PMEC,0.014530912030486015,0.045211198506057315
0.01,0.005,0.75,0.05,1,VM,0.0,0.0
0.01,0.005,0.75,0.05,1,Other,0.006935722223066857,0.04624850378646372
0.01,0.005,0.75,0.05,2,PMEC,0.013607436223946261,0.045488934835047665
0.01,0.005,0.75,0.05,2,VM,0.0,0.0
0.01,0.005,0.75,0.05,2,Other,0.007284706357493468,0.04628422063067338
0.01,0.005,0.75,0.1,0,PMEC,0.008371957859139483,0.06750297298268822
0.01,0.005,0.75,0.1,0,VM,0.0,0.0
0.01,0.005,0.75,0.1,0,Other,0.004693733245670588,0.06928423166825955
0.01,0.005,0.75,0.1,1,PMEC,0.008478246528139988,0.06860129160352593
0.01,0.005,0.75,0.1,1,VM,0.0,0.0
0.01,0.005,0.75,0.1,1,Other,0.004967345130106147,0.06893510057792357
0.01,0.005,0.75,0.1,2,PMEC,0.007596710001288067,0.06745149175508887
0.01,0.005,0.75,0.1,2,VM,0.0,0.0
0.01,0.005,0.75,0.1,2,Other,0.0046046710788368575,0.0695567750249495
0.01,0.005,1,0.001,0,PMEC,0.03059135848804211,0.033358536740969585
0.01,0.005,1,0.001,0,VM,0.0,0.0
0.01,0.005,1,0.001,0,Other,0.03045231766155683,0.032749887733575206
0.01,0.005,1,0.001,1,PMEC,0.03142308630685951,0.03398564278259708
0.01,0.005,1,0.001,1,VM,0.0,0.0
0.01,0.005,1,0.001,1,Other,0.03067545978285885,0.03268330492319825
0.01,0.005,1,0.001,2,PMEC,0.031032104534307946,0.03383666028400868
0.01,0.005,1,0.001,2,VM,0.0,0.0
0.01,0.005,1,0.001,2,Other,0.03070107499227488,0.03287212654972241
0.01,0.005,1,0.005,0,PMEC,0.027871485036185983,0.0330653950878382
0.01,0.005,1,0.005,0,VM,0.0,0.0
0.01,0.005,1,0.005,0,Other,0.027416119140387142,0.03214744671108031
0.01,0.005,1,0.005,1,PMEC,0.02935801546083516,0.03383301200279828
0.01,0.005,1,0.005,1,VM,0.0,0.0
0.01,0.005,1,0.005,1,Other,0.02831831941551693,0.03280247640381772
0.01,0.005,1,0.005,2,PMEC,0.02923695804048182,0.03386744369084605
0.01,0.005,1,0.005,2,VM,0.0,0.0
0.01,0.005,1,0.005,2,Other,0.02786232744818262,0.03233712232741143
0.01,0.005,1,0.01,0,PMEC,0.026606789244840754,0.033711911301414405
0.01,0.005,1,0.01,0,VM,0.0,0.0
0.01,0.005,1,0.01,0,Other,0.023518942547230155,0.033119684054262834
0.01,0.005,1,0.01,1,PMEC,0.027648790494841282,0.03473119102569084
0.01,0.005,1,0.01,1,VM,0.0,0.0
0.01,0.005,1,0.01,1,Other,0.02452715074045614,0.03359832428653239
0.01,0.005,1,0.01,2,PMEC,0.026274692318145595,0.03410394041776438
0.01,0.005,1,0.01,2,VM,0.0,0.0
0.01,0.005,1,0.01,2,Other,0.02268457622328163,0.032761197487140424
0.01,0.005,1,0.05,0,PMEC,0.012944794993772482,0.0451636329035528
0.01,0.005,1,0.05,0,VM,0.0,0.0
0.01,0.005,1,0.05,0,Other,0.005502595861286365,0.046000598897587446
0.01,0.005,1,0.05,1,PMEC,0.015510792801511497,0.04590665928236243
0.01,0.005,1,0.05,1,VM,0.0,0.0
0.01,0.005,1,0.05,1,Other,0.006373255960814961,0.04592016918656573
0.01,0.005,1,0.05,2,PMEC,0.01437494385916076,0.04544513447508265
0.01,0.005,1,0.05,2,VM,0.0,0.0
0.01,0.005,1,0.05,2,Other,0.00662459627775837,0.04610584997177105
0.01,0.005,1,0.1,0,PMEC,0.009403159701722237,0.06745024980308427
0.01,0.005,1,0.1,0,VM,0.0,0.0
0.01,0.005,1,0.1,0,Other,0.0039571348617509355,0.06943926679168314
0.01,0.005,1,0.1,1,PMEC,0.008012523678150972,0.06798593443379132
0.01,0.005,1,0.1,1,VM,0.0,0.0
0.01,0.005,1,0.1,1,Other,0.0049879714444175825,0.06924208717511866
0.01,0.005,1,0.1,2,PMEC,0.00594482233766639,0.083602704487234
0.01,0.005,1,0.1,2,VM,0.0,0.0
0.01,0.005,1,0.1,2,Other,0.005885892602856073,0.08851635252605251
0.01,0.005,1.5,0.001,0,PMEC,0.030937156444848294,0.03436189843504793
0.01,0.005,1.5,0.001,0,VM,0.0,0.0
0.01,0.005,1.5,0.001,0,Other,0.03037308469248369,0.03290164947047351
0.01,0.005,1.5,0.001,1,PMEC,0.028392913252640435,0.03239104690553492
0.01,0.005,1.5,0.001,1,VM,0.0,0.0
0.01,0.005,1.5,0.001,1,Other,0.02856944543502311,0.03145874871019951
0.01,0.005,1.5,0.001,2,PMEC,0.02855078538193402,0.03257745030889407
0.01,0.005,1.5,0.001,2,VM,0.0,0.0
0.01,0.005,1.5,0.001,2,Other,0.029363294445387617,0.03200807370854249
0.01,0.005,1.5,0.005,0,PMEC,0.027024499452188603,0.032427975187540245
0.01,0.005,1.5,0.005,0,VM,0.0,0.0
0.01,0.005,1.5,0.005,0,Other,0.027207894808204257,0.03233880245828508
0.01,0.005,1.5,0.005,1,PMEC,0.027478373332813544,0.032441114201570156
0.01,0.005,1.5,0.005,1,VM,0.0,0.0
0.01,0.005,1.5,0.005,1,Other,0.027070360511947906,0.031982487548415796
0.01,0.005,1.5,0.005,2,PMEC,0.027279058637128883,0.032830355637250445
0.01,0.005,1.5,0.005,2,VM,0.0,0.0
0.01,0.005,1.5,0.005,2,Other,0.02762452724194193,0.0326085127354371
0.01,0.005,1.5,0.01,0,PMEC,0.026723231205601543,0.03439827427911703
0.01,0.005,1.5,0.01,0,VM,0.0,0.0
0.01,0.005,1.5,0.01,0,Other,0.02358543807159896,0.03268507939558963
0.01,0.005,1.5,0.01,1,PMEC,0.026390226857521022,0.03415788119542327
0.01,0.005,1.5,0.01,1,VM,0.0,0.0
0.01,0.005,1.5,0.01,1,Other,0.022434557845052827,0.033019192921274185
0.01,0.005,1.5,0.01,2,PMEC,0.02549892697188466,0.03367501712952108
0.01,0.005,1.5,0.01,2,VM,0.0,0.0
0.01,0.005,1.5,0.01,2,Other,0.022871286085991316,0.03279096110800957
0.01,0.005,1.5,0.05,0,PMEC,0.012560548480967512,0.044996186088915036
0.01,0.005,1.5,0.05,0,VM,0.0,0.0
0.01,0.005,1.5,0.05,0,Other,0.0062014452943446405,0.04612727201796603
0.01,0.005,1.5,0.05,1,PMEC,0.013747111920949117,0.045377146892550985
0.01,0.005,1.5,0.05,1,VM,0.0,0.0
0.01,0.005,1.5,0.05,1,Other,0.006273078170631868,0.046255748333942
0.01,0.005,1.5,0.05,2,PMEC,0.014764834805764801,0.045107532214664986
0.01,0.005,1.5,0.05,2,VM,0.0,0.0
0.01,0.005,1.5,0.05,2,Other,0.006029933855084242,0.04625831264428079
0.01,0.005,1.5,0.1,0,PMEC,0.008634748765825125,0.06757704902676726
0.01,0.005,1.5,0.1,0,VM,0.0,0.0
0.01,0.005,1.5,0.1,0,Other,0.004211701637846466,0.06926215114041107
0.01,0.005,1.5,0.1,1,PMEC,0.009040440525580094,0.0676617008916008
0.01,0.005,1.5,0.1,1,VM,0.0,0.0
0.01,0.005,1.5,0.1,1,Other,0.004665771046546428,0.06901963202732488
0.01,0.005,1.5,0.1,2,PMEC,0.007675698354774637,0.06805037715326871
0.01,0.005,1.5,0.1,2,VM,0.0,0.0
0.01,0.005,1.5,0.1,2,Other,0.0049601276758379186,0.06923053904621725
0.01,0.005,2,0.001,0,PMEC,0.030482819650801112,0.03423824004122852
0.01,0.005,2,0.001,0,VM,0.0,0.0
0.01,0.005,2,0.001,0,Other,0.03117218463025573,0.033748305659386205
0.01,0.005,2,0.001,1,PMEC,0.02918201463899341,0.03341729761512186
0.01,0.005,2,0.001,1,VM,0.0,0.0
0.01,0.005,2,0.001,1,Other,0.029437342963719162,0.03224628429311009
0.01,0.005,2,0.001,2,PMEC,0.027273441514464467,0.031697816404642344
0.01,0.005,2,0.001,2,VM,0.0,0.0
0.01,0.005,2,0.001,2,Other,0.028909163124478852,0.031691660018187316
0.01,0.005,2,0.005,0,PMEC,0.02736667203781895,0.03336558544592133
0.01,0.005,2,0.005,0,VM,0.0,0.0
0.01,0.005,2,0.005,0,Other,0.026798345356818815,0.032094973930196107
0.01,0.005,2,0.005,1,PMEC,0.02786177734854771,0.03363241526790057
0.01,0.005,2,0.005,1,VM,0.0,0.0
0.01,0.005,2,0.005,1,Other,0.02779277310335083,0.032911750139821894
0.01,0.005,2,0.005,2,PMEC,0.027454962689456307,0.03306048291223147
0.01,0.005,2,0.005,2,VM,0.0,0.0
0.01,0.005,2,0.005,2,Other,0.027336201644025,0.03228158839966203
0.01,0.005,2,0.01,0,PMEC,0.025776100370914497,0.033926630908337176
0.01,0.005,2,0.01,0,VM,0.0,0.0
0.01,0.005,2,0.01,0,Other,0.023159004384273145,0.033025005079474465
0.01,0.005,2,0.01,1,PMEC,0.025505483394426237,0.03446206220263065
0.01,0.005,2,0.01,1,VM,0.0,0.0
0.01,0.005,2,0.01,1,Other,0.02162941860595561,0.0328523205223546
0.01,0.005,2,0.01,2,PMEC,0.025498345039237633,0.033788736165375706
0.01,0.005,2,0.01,2,VM,0.0,0.0
0.01,0.005,2,0.01,2,Other,0.0218966105890393,0.032676985639983516
0.01,0.005,2,0.05,0,PMEC,0.013156316079614056,0.045951429160579725
0.01,0.005,2,0.05,0,VM,0.0,0.0
0.01,0.005,2,0.05,0,Other,0.006532567799917903,0.046196061885219554
0.01,0.005,2,0.05,1,PMEC,0.014076368235490083,0.045288690613777036
0.01,0.005,2,0.05,1,VM,0.0,0.0
0.01,0.005,2,0.05,1,Other,0.006675453664628237,0.0461214073352768
0.01,0.005,2,0.05,2,PMEC,0.0132635056414189,0.04520304837583558
0.01,0.005,2,0.05,2,VM,0.0,0.0
0.01,0.005,2,0.05,2,Other,0.005695365325345132,0.04612771915209513
0.01,0.005,2,0.1,0,PMEC,0.008754069087020613,0.06817451899670406
0.01,0.005,2,0.1,0,VM,0.0,0.0
0.01,0.005,2,0.1,0,Other,0.003647488432850481,0.06949259820149217
0.01,0.005,2,0.1,1,PMEC,0.00855788597891871,0.06800117053371797
0.01,0.005,2,0.1,1,VM,0.0,0.0
0.01,0.005,2,0.1,1,Other,0.005473489305894843,0.06910883364154209
0.01,0.005,2,0.1,2,PMEC,0.008736738473338024,0.06804399645800216
0.01,0.005,2,0.1,2,VM,0.0,0.0
0.01,0.005,2,0.1,2,Other,0.0045369445929780315,0.06910251045805176
0.01,0.01,0.75,0.001,0,PMEC,0.030031894946055408,0.03360123924536557
0.01,0.01,0.75,0.001,0,VM,0.0,0.0
0.01,0.01,0.75,0.001,0,Other,0.030089434973205924,0.03256096115865209
0.01,0.01,0.75,0.001,1,PMEC,0.028260391467069133,0.031829943489082246
0.01,0.01,0.75,0.001,1,VM,0.0,0.0
0.01,0.01,0.75,0.001,1,Other,0.028832904298079044,0.031399740834522905
0.01,0.01,0.75,0.001,2,PMEC,0.030311418651171273,0.033983379698740386
0.01,0.01,0.75,0.001,2,VM,0.0,0.0
0.01,0.01,0.75,0.001,2,Other,0.029852744819624372,0.03249963605428068
0.01,0.01,0.75,0.005,0,PMEC,0.028379915177217697,0.0335623154495249
0.01,0.01,0.75,0.005,0,VM,0.0,0.0
0.01,0.01,0.75,0.005,0,Other,0.028851507064312953,0.03332988667133512
0.01,0.01,0.75,0.005,1,PMEC,0.028435925521688197,0.033278640008991764
0.01,0.01,0.75,0.005,1,VM,0.0,0.0
0.01,0.01,0.75,0.005,1,Other,0.028131967989691538,0.032634655754517246
0.01,0.01,0.75,0.005,2,PMEC,0.028753233603764524,0.03380717174042428
0.01,0.01,0.75,0.005,2,VM,0.0,0.0
0.01,0.01,0.75,0.005,2,Other,0.026939269522369563,0.03211968174813411
0.01,0.01,0.75,0.01,0,PMEC,0.027104874416210498,0.03470377010129255
0.01,0.01,0.75,0.01,0,VM,0.0,0.0
0.01,0.01,0.75,0.01,0,Other,0.022987097674359108,0.03332912560839967
0.01,0.01,0.75,0.01,1,PMEC,0.026154636825457076,0.03397287072344831
0.01,0.01,0.75,0.01,1,VM,0.0,0.0
0.01,0.01,0.75,0.01,1,Other,0.023880052568674304,0.03336865346989817
0.01,0.01,0.75,0.01,2,PMEC,0.02577852163118508,0.03362115177238672
0.01,0.01,0.75,0.01,2,VM,0.0,0.0
0.01,0.01,0.75,0.01,2,Other,0.02218024042348587,0.03245593681100883
0.01,0.01,0.75,0.05,0,PMEC,0.013681319747608382,0.04533087078719965
0.01,0.01,0.75,0.05,0,VM,0.0,0.0
0.01,0.01,0.75,0.05,0,Other,0.00615739114879637,0.045859798500566186
0.01,0.01,0.75,0.05,1,PMEC,0.014074385904680506,0.04558058486309618
0.01,0.01,0.75,0.05,1,VM,0.0,0.0
0.01,0.01,0.75,0.05,1,Other,0.00525719410161225,0.046286640658886234
0.01,0.01,0.75,0.05,2,PMEC,0.01400343315575311,0.04534427795753345
0.01,0.01,0.75,0.05,2,VM,0.0,0.0
0.01,0.01,0.75,0.05,2,Other,0.006613193602535462,0.046131157338269266
0.01,0.01,0.75,0.1,0,PMEC,0.008848434872444045,0.06821079602703882
0.01,0.01,0.75,0.1,0,VM,0.0,0.0
0.01,0.01,0.75,0.1,0,Other,0.005075780789594779,0.06920403669143414
0.01,0.01,0.75,0.1,1,PMEC,0.007549359438462784,0.0678309988368078
0.01,0.01,0.75,0.1,1,VM,0.0,0.0
0.01,0.01,0.75,0.1,1,Other,0.004200533027284597,0.06938316260190414
0.01,0.01,0.75,0.1,2,PMEC,0.007315883721783162,0.06750355007285432
0.01,0.01,0.75,0.1,2,VM,0.0,0.0
0.01,0.01,0.75,0.1,2,Other,0.00418898517191771,0.06914811876338456
0.01,0.01,1,0.001,0,PMEC,0.02991544716584643,0.034224150229280124
0.01,0.01,1,0.001,0,VM,0.0,0.0
0.01,0.01,1,0.001,0,Other,0.02950523419765347,0.03265369367964505
0.01,0.01,1,0.001,1,PMEC,0.028634006747887655,0.03256504500313432
0.01,0.01,1,0.001,1,VM,0.0,0.0
0.01,0.01,1,0.001,1,Other,0.029127971883222012,0.031944025823660405
0.01,0.01,1,0.001,2,PMEC,0.02762210376793273,0.03212203187940705
0.01,0.01,1,0.001,2,VM,0.0,0.0
0.01,0.01,1,0.001,2,Other,0.029151571149479923,0.0319825621017821
0.01,0.01,1,0.005,0,PMEC,0.028180431108122295,0.03376641176967615
0.01,0.01,1,0.005,0,VM,0.0,0.0
0.01,0.01,1,0.005,0,Other,0.0278807890119101,0.03284736113839413
0.01,0.01,1,0.005,1,PMEC,0.02689338513537425,0.03277068091809207
0.01,0.01,1,0.005,1,VM,0.0,0.0
0.01,0.01,1,0.005,1,Other,0.0271496926028428,0.032384218027736986
0.01,0.01,1,0.005,2,PMEC,0.0280156742062179,0.03383632294109204
0.01,0.01,1,0.005,2,VM,0.0,0.0
0.01,0.01,1,0.005,2,Other,0.026272707930934985,0.031664880729191006
0.01,0.01,1,0.01,0,PMEC,0.026208809566273833,0.03397410275673289
0.01,0.01,1,0.01,0,VM,0.0,0.0
0.01,0.01,1,0.01,0,Other,0.02234259552321224,0.032632740252802786
0.01,0.01,1,0.01,1,PMEC,0.025576409857983467,0.033397944460067115
0.01,0.01,1,0.01,1,VM,0.0,0.0
0.01,0.01,1,0.01,1,Other,0.02276370846213242,0.03294768136328663
0.01,0.01,1,0.01,2,PMEC,0.026178349008845823,0.03436849893739292
0.01,0.01,1,0.01,2,VM,0.0,0.0
0.01,0.01,1,0.01,2,Other,0.02343050996640631,0.03293415390355325
0.01,0.01,1,0.05,0,PMEC,0.014043436928083672,0.045423073163204694
0.01,0.01,1,0.05,0,VM,0.0,0.0
0.01,0.01,1,0.05,0,Other,0.006240033100178273,0.04588092757890239
0.01,0.01,1,0.05,1,PMEC,0.013951462515641081,0.045506357428199334
0.01,0.01,1,0.05,1,VM,0.0,0.0
0.01,0.01,1,0.05,1,Other,0.006350531341862743,0.045972399609425646
0.01,0.01,1,0.05,2,PMEC,0.014370473266076133,0.04521221757125273
0.01,0.01,1,0.05,2,VM,0.0,0.0
0.01,0.01,1,0.05,2,Other,0.006421399007567313,0.04607604136232279
0.01,0.01,1,0.1,0,PMEC,0.008385536263442066,0.06847747876452223
0.01,0.01,1,0.1,0,VM,0.0,0.0
0.01,0.01,1,0.1,0,Other,0.00491917606837849,0.06907212342342266
0.01,0.01,1,0.1,1,PMEC,0.007760908747574064,0.06805129756275535
0.01,0.01,1,0.1,1,VM,0.0,0.0
0.01,0.01,1,0.1,1,Other,0.005132261251144735,0.06957236814247367
0.01,0.01,1,0.1,2,PMEC,0.008123478984354322,0.06746660248538221
0.01,0.01,1,0.1,2,VM,0.0,0.0
0.01,0.01,1,0.1,2,Other,0.004629758752793569,0.0693007330476504
0.01,0.01,1.5,0.001,0,PMEC,0.02673814987063044,0.03281460471568972
0.01,0.01,1.5,0.001,0,VM,0.0,0.0
0.01,0.01,1.5,0.001,0,Other,0.02844476502745363,0.03227108392036976
0.01,0.01,1.5,0.001,1,PMEC,0.026561794804399626,0.032295621519743245
0.01,0.01,1.5,0.001,1,VM,0.0,0.0
0.01,0.01,1.5,0.001,1,Other,0.030147126095322045,0.0332610016056608
0.01,0.01,1.5,0.001,2,PMEC,0.027052709959930806,0.03266327835526008
0.01,0.01,1.5,0.001,2,VM,0.0,0.0
0.01,0.01,1.5,0.001,2,Other,0.027749140372494305,0.031269237171327624
0.01,0.01,1.5,0.005,0,PMEC,0.02479976786129753,0.03254543820450645
0.01,0.01,1.5,0.005,0,VM,0.0,0.0
0.01,0.01,1.5,0.005,0,Other,0.02523134323761042,0.03147040264596048
0.01,0.01,1.5,0.005,1,PMEC,0.026448663234730285,0.03313063127381139
0.01,0.01,1.5,0.005,1,VM,0.0,0.0
0.01,0.01,1.5,0.005,1,Other,0.026364224253182456,0.03210388677667766
0.01,0.01,1.5,0.005,2,PMEC,0.026641684692701388,0.033320629161466886
0.01,0.01,1.5,0.005,2,VM,0.0,0.0
0.01,0.01,1.5,0.005,2,Other,0.02621345983382054,0.032015559512594924
0.01,0.01,1.5,0.01,0,PMEC,0.02576847096592352,0.0344352504942157
0.01,0.01,1.5,0.01,0,VM,0.0,0.0
0.01,0.01,1.5,0.01,0,Other,0.024286889484876024,0.03348391199047639
0.01,0.01,1.5,0.01,1,PMEC,0.023465575109703124,0.033145396743448664
0.01,0.01,1.5,0.01,1,VM,0.0,0.0
0.01,0.01,1.5,0.01,1,Other,0.021151187180010484,0.03233603498813792
0.01,0.01,1.5,0.01,2,PMEC,0.024240347256533772,0.03322418268006597
0.01,0.01,1.5,0.01,2,VM,0.0,0.0
0.01,0.01,1.5,0.01,2,Other,0.022485132040321015,0.03267146038449798
0.01,0.01,1.5,0.05,0,PMEC,0.013746657597004051,0.045552663391297134
0.01,0.01,1.5,0.05,0,VM,0.0,0.0
0.01,0.01,1.5,0.05,0,Other,0.0063486455042042495,0.04611811388319606
0.01,0.01,1.5,0.05,1,PMEC,0.01245140102628291,0.04563811983199126
0.01,0.01,1.5,0.05,1,VM,0.0,0.0
0.01,0.01,1.5,0.05,1,Other,0.006364855826776821,0.046002461215200255
0.01,0.01,1.5,0.05,2,PMEC,0.0130406231167437,0.04544087905861423
0.01,0.01,1.5,0.05,2,VM,0.0,0.0
0.01,0.01,1.5,0.05,2,Other,0.007397824746764334,0.04620092134113754
0.01,0.01,1.5,0.1,0,PMEC,0.00742871893579592,0.06839462197291463
0.01,0.01,1.5,0.1,0,VM,0.0,0.0
0.01,0.01,1.5,0.1,0,Other,0.0040474220548385445,0.07006038387112902
0.01,0.01,1.5,0.1,1,PMEC,0.00885316024544779,0.0676635786175575
0.01,0.01,1.5,0.1,1,VM,0.0,0.0
0.01,0.01,1.5,0.1,1,Other,0.004461302033932155,0.06908985748586183
0.01,0.01,1.5,0.1,2,PMEC,0.008069081442600528,0.06856932683045316
0.01,0.01,1.5,0.1,2,VM,0.0,0.0
0.01,0.01,1.5,0.1,2,Other,0.004937823052833238,0.06947614143409699
0.01,0.01,2,0.001,0,PMEC,0.022372670086319494,0.029759705994150773
0.01,0.01,2,0.001,0,VM,0.0,0.0
0.01,0.01,2,0.001,0,Other,0.024329563100757026,0.02893261542442318
0.01,0.01,2,0.001,1,PMEC,0.025447071672740396,0.03275341458795724
0.01,0.01,2,0.001,1,VM,0.0,0.0
0.01,0.01,2,0.001,1,Other,0.027004563034429312,0.03139476688598262
0.01,0.01,2,0.001,2,PMEC,0.023622454047714285,0.031676485882872765
0.01,0.01,2,0.001,2,VM,0.0,0.0
0.01,0.01,2,0.001,2,Other,0.025259968348789037,0.029983940051648086
0.01,0.01,2,0.005,0,PMEC,0.02521485732000635,0.032904003275666165
0.01,0.01,2,0.005,0,VM,0.0,0.0
0.01,0.01,2,0.005,0,Other,0.026527984958628476,0.032683779699267224
0.01,0.01,2,0.005,1,PMEC,0.02278448188960631,0.03187772568122077
0.01,0.01,2,0.005,1,VM,0.0,0.0
0.01,0.01,2,0.005,1,Other,0.0233994981821085,0.030804333803827307
0.01,0.01,2,0.005,2,PMEC,0.023330212087235687,0.03233084495864057
0.01,0.01,2,0.005,2,VM,0.0,0.0
0.01,0.01,2,0.005,2,Other,0.02372476176798711,0.03115323865862375
0.01,0.01,2,0.01,0,PMEC,0.023117043333043583,0.03341045831883295
0.01,0.01,2,0.01,0,VM,0.0,0.0
0.01,0.01,2,0.01,0,Other,0.020909702060697262,0.032062516592170236
0.01,0.01,2,0.01,1,PMEC,0.023698452905689223,0.03452368642637845
0.01,0.01,2,0.01,1,VM,0.0,0.0
0.01,0.01,2,0.01,1,Other,0.021898305772237423,0.03267547978076549
0.01,0.01,2,0.01,2,PMEC,0.02226524101733388,0.033105336686492494
0.01,0.01,2,0.01,2,VM,0.0,0.0
0.01,0.01,2,0.01,2,Other,0.021056576477318886,0.03257595925345236
0.01,0.01,2,0.05,0,PMEC,0.01277215429123219,0.045642666525928535
0.01,0.01,2,0.05,0,VM,0.0,0.0
0.01,0.01,2,0.05,0,Other,0.006185212793583138,0.04584769565557714
0.01,0.01,2,0.05,1,PMEC,0.01254144069926632,0.045674929289164175
0.01,0.01,2,0.05,1,VM,0.0,0.0
0.01,0.01,2,0.05,1,Other,0.006034111907226056,0.04619133881461729
0.01,0.01,2,0.05,2,PMEC,0.012247236633730198,0.045572600734416324
0.01,0.01,2,0.05,2,VM,0.0,0.0
0.01,0.01,2,0.05,2,Other,0.006468256814773911,0.04613382902999662
0.01,0.01,2,0.1,0,PMEC,0.007946931610205484,0.06811087063698239
0.01,0.01,2,0.1,0,VM,0.0,0.0
0.01,0.01,2,0.1,0,Other,0.004308380937791218,0.06910856319603623
0.01,0.01,2,0.1,1,PMEC,0.008042993852683748,0.06851023159090396
0.01,0.01,2,0.1,1,VM,0.0,0.0
0.01,0.01,2,0.1,1,Other,0.005087315768879472,0.0692351955425873
0.01,0.01,2,0.1,2,PMEC,0.0070699816741718715,0.06798183180784728
0.01,0.01,2,0.1,2,VM,0.0,0.0
0.01,0.01,2,0.1,2,Other,0.004474523436462155,0.06907998531167239
0.01,0.05,0.75,0.001,0,PMEC,0.017211373070527055,0.03234656084088297
0.01,0.05,0.75,0.001,0,VM,0.0,0.0
0.01,0.05,0.75,0.001,0,Other,0.02363308146145558,0.0313715627914162
0.01,0.05,0.75,0.001,1,PMEC,0.02044778130151586,0.03255981880786499
0.01,0.05,0.75,0.001,1,VM,0.0,0.0
0.01,0.05,0.75,0.001,1,Other,0.02355059544459707,0.030145645863794958
0.01,0.05,0.75,0.001,2,PMEC,0.018547116471182616,0.031408349277865795
0.01,0.05,0.75,0.001,2,VM,0.0,0.0
0.01,0.05,0.75,0.001,2,Other,0.023133629391432348,0.02957792105176996
0.01,0.05,0.75,0.005,0,PMEC,0.018787585284987078,0.03286480156130492
0.01,0.05,0.75,0.005,0,VM,0.0,0.0
0.01,0.05,0.75,0.005,0,Other,0.021162443733342758,0.030777382701647517
0.01,0.05,0.75,0.005,1,PMEC,0.02142686132285476,0.034213900074889
0.01,0.05,0.75,0.005,1,VM,0.0,0.0
0.01,0.05,0.75,0.005,1,Other,0.022188054289544287,0.031183869961060352
0.01,0.05,0.75,0.005,2,PMEC,0.017067977954478876,0.03107285255475094
0.01,0.05,0.75,0.005,2,VM,0.0,0.0
0.01,0.05,0.75,0.005,2,Other,0.019763802447055005,0.030108810449830808
0.01,0.05,0.75,0.01,0,PMEC,0.0166936541045431,0.03335050740434669
0.01,0.05,0.75,0.01,0,VM,0.0,0.0
0.01,0.05,0.75,0.01,0,Other,0.017671338778296367,0.0316441048647895
0.01,0.05,0.75,0.01,1,PMEC,0.019507911190749065,0.03492054430114399
0.01,0.05,0.75,0.01,1,VM,0.0,0.0
0.01,0.05,0.75,0.01,1,Other,0.017933617277517643,0.031658138722587215
0.01,0.05,0.75,0.01,2,PMEC,0.016388519552145066,0.03308017525623079
0.01,0.05,0.75,0.01,2,VM,0.0,0.0
0.01,0.05,0.75,0.01,2,Other,0.016422020513857754,0.03144171614812776
0.01,0.05,0.75,0.05,0,PMEC,0.008925529027636304,0.04610246258990558
0.01,0.05,0.75,0.05,0,VM,0.0,0.0
0.01,0.05,0.75,0.05,0,Other,0.005519032288278361,0.04572159414332571
0.01,0.05,0.75,0.05,1,PMEC,0.00903362822867084,0.046298050338416545
0.01,0.05,0.75,0.05,1,VM,0.0,0.0
0.01,0.05,0.75,0.05,1,Other,0.005224245930377602,0.04595510447902527
0.01,0.05,0.75,0.05,2,PMEC,0.009432365636776218,0.04637499226733078
0.01,0.05,0.75,0.05,2,VM,0.0,0.0
0.01,0.05,0.75,0.05,2,Other,0.005893119327146299,0.04595177127090126
0.01,0.05,0.75,0.1,0,PMEC,0.006639846320269181,0.06955763554544143
0.01,0.05,0.75,0.1,0,VM,0.0,0.0
0.01,0.05,0.75,0.1,0,Other,0.004673117563487096,0.06931054978792567
0.01,0.05,0.75,0.1,1,PMEC,0.007622188592028047,0.06953041752873265
0.01,0.05,0.75,0.1,1,VM,0.0,0.0
0.01,0.05,0.75,0.1,1,Other,0.003927101028632682,0.0694083881959153
0.01,0.05,0.75,0.1,2,PMEC,0.007153110416145839,0.06941706626993327
0.01,0.05,0.75,0.1,2,VM,0.0,0.0
0.01,0.05,0.75,0.1,2,Other,0.0042384048899909545,0.06906425292389491
0.01,0.05,1,0.001,0,PMEC,0.013854874627278848,0.03137953079158208
0.01,0.05,1,0.001,0,VM,0.0,0.0
0.01,0.05,1,0.001,0,Other,0.02314283836866553,0.03145275896951717
0.01,0.05,1,0.001,1,PMEC,0.017695906561221823,0.033652872120256895
0.01,0.05,1,0.001,1,VM,0.0,0.0
0.01,0.05,1,0.001,1,Other,0.024675060569703023,0.03195653930645991
0.01,0.05,1,0.001,2,PMEC,0.018130001978222857,0.03251452766953139
0.01,0.05,1,0.001,2,VM,0.0,0.0
0.01,0.05,1,0.001,2,Other,0.022479657454726486,0.030866702413254427
0.01,0.05,1,0.005,0,PMEC,0.01578051229291126,0.033072498404474515
0.01,0.05,1,0.005,0,VM,0.0,0.0
0.01,0.05,1,0.005,0,Other,0.018366921759620687,0.03067757220778752
0.01,0.05,1,0.005,1,PMEC,0.013235554391496155,0.03302290009673855
0.01,0.05,1,0.005,1,VM,0.0,0.0
0.01,0.05,1,0.005,1,Other,0.01798260890842706,0.03176762561936026
0.01,0.05,1,0.005,2,PMEC,0.013193330212895406,0.033089832137690955
0.01,0.05,1,0.005,2,VM,0.0,0.0
0.01,0.05,1,0.005,2,Other,0.01870323426506221,0.031247217794241958
0.01,0.05,1,0.01,0,PMEC,0.013076824440220715,0.03287535541585919
0.01,0.05,1,0.01,0,VM,0.0,0.0
0.01,0.05,1,0.01,0,Other,0.015034338557089395,0.03160878345851228
0.01,0.05,1,0.01,1,PMEC,0.013360667833446789,0.033040681820465274
0.01,0.05,1,0.01,1,VM,0.0,0.0
0.01,0.05,1,0.01,1,Other,0.013909929311676585,0.03128800310674173
0.01,0.05,1,0.01,2,PMEC,0.014355065006244947,0.034172245744076
0.01,0.05,1,0.01,2,VM,0.0,0.0
0.01,0.05,1,0.01,2,Other,0.015508170879008083,0.031366946916474216
0.01,0.05,1,0.05,0,PMEC,0.00814098312987548,0.04734144325286034
0.01,0.05,1,0.05,0,VM,0.0,0.0
0.01,0.05,1,0.05,0,Other,0.004924763379404472,0.045969811659131575
0.01,0.05,1,0.05,1,PMEC,0.009256512219790168,0.04736997710752236
0.01,0.05,1,0.05,1,VM,0.0,0.0
0.01,0.05,1,0.05,1,Other,0.005372982665794256,0.045984803492224634
0.01,0.05,1,0.05,2,PMEC,0.008685606037548406,0.046969296950381476
0.01,0.05,1,0.05,2,VM,0.0,0.0
0.01,0.05,1,0.05,2,Other,0.00609368409940214,0.0461288191659369
0.01,0.05,1,0.1,0,PMEC,0.007751934248246622,0.08693329380776355
0.01,0.05,1,0.1,0,VM,0.0,0.0
0.01,0.05,1,0.1,0,Other,0.0048117081696619655,0.09278329315541115
0.01,0.05,1,0.1,1,PMEC,0.00659069061228108,0.07065696402841111
0.01,0.05,1,0.1,1,VM,0.0,0.0
0.01,0.05,1,0.1,1,Other,0.004431312410932777,0.06860108582948414
0.01,0.05,1,0.1,2,PMEC,0.005537773403783774,0.08338702382244748
0.01,0.05,1,0.1,2,VM,0.0,0.0
0.01,0.05,1,0.1,2,Other,0.005494832681235895,0.08946226929394828
0.01,0.05,1.5,0.001,0,PMEC,0.010215412763554622,0.03290193857083738
0.01,0.05,1.5,0.001,0,VM,0.0,0.0
0.01,0.05,1.5,0.001,0,Other,0.021430822151737756,0.031436775036211395
0.01,0.05,1.5,0.001,1,PMEC,0.006888681041042891,0.032236782673004755
0.01,0.05,1.5,0.001,1,VM,0.0,0.0
0.01,0.05,1.5,0.001,1,Other,0.02034952930368983,0.0307925220402501
0.01,0.05,1.5,0.001,2,PMEC,0.011015776478235144,0.03388831724331934
0.01,0.05,1.5,0.001,2,VM,0.0,0.0
0.01,0.05,1.5,0.001,2,Other,0.020860208125767592,0.03190302092240294
0.01,0.05,1.5,0.005,0,PMEC,0.009536606626425817,0.031926089871305297
0.01,0.05,1.5,0.005,0,VM,0.0,0.0
0.01,0.05,1.5,0.005,0,Other,0.01525520541129835,0.029951223641172368
0.01,0.05,1.5,0.005,1,PMEC,0.006463758206668297,0.03353343913868335
0.01,0.05,1.5,0.005,1,VM,0.0,0.0
0.01,0.05,1.5,0.005,1,Other,0.016550734203595034,0.031142254598305347
0.01,0.05,1.5,0.005,2,PMEC,0.007185727952042029,0.03341578914994836
0.01,0.05,1.5,0.005,2,VM,0.0,0.0
0.01,0.05,1.5,0.005,2,Other,0.015959708123664103,0.031130068968142063
0.01,0.05,1.5,0.01,0,PMEC,0.010088759784634955,0.03706729647817817
0.01,0.05,1.5,0.01,0,VM,0.0,0.0
0.01,0.05,1.5,0.01,0,Other,0.014497237125956141,0.03313687584911667
0.01,0.05,1.5,0.01,1,PMEC,0.008509286820273371,0.03469366684608868
0.01,0.05,1.5,0.01,1,VM,0.0,0.0
0.01,0.05,1.5,0.01,1,Other,0.011974077568512945,0.03169519238748973
0.01,0.05,1.5,0.01,2,PMEC,0.01208678643624366,0.03572790140581789
0.01,0.05,1.5,0.01,2,VM,0.0,0.0
0.01,0.05,1.5,0.01,2,Other,0.01617998181009566,0.03351296859197045
0.01,0.05,1.5,0.05,0,PMEC,0.00511461839351917,0.04943804532201246
0.01,0.05,1.5,0.05,0,VM,0.0,0.0
0.01,0.05,1.5,0.05,0,Other,0.00424200573773239,0.0457094779719638
0.01,0.05,1.5,0.05,1,PMEC,0.005399942091438635,0.04912846601888637
0.01,0.05,1.5,0.05,1,VM,0.0,0.0
0.01,0.05,1.5,0.05,1,Other,0.004312995621849221,0.045647181837568204
0.01,0.05,1.5,0.05,2,PMEC,0.005748537820307084,0.04938289189364866
0.01,0.05,1.5,0.05,2,VM,0.0,0.0
0.01,0.05,1.5,0.05,2,Other,0.0050520507936632295,0.04583632439872985
0.01,0.05,1.5,0.1,0,PMEC,0.005863533516368361,0.07353258973700846
0.01,0.05,1.5,0.1,0,VM,0.0,0.0
0.01,0.05,1.5,0.1,0,Other,0.0035578698691795052,0.06913662088449135
0.01,0.05,1.5,0.1,1,PMEC,0.005279582372221352,0.08340921646802643
0.01,0.05,1.5,0.1,1,VM,0.0,0.0
0.01,0.05,1.5,0.1,1,Other,0.0055021114374132814,0.08793201245360198
0.01,0.05,1.5,0.1,2,PMEC,0.005786430601544594,0.07296148910009405
0.01,0.05,1.5,0.1,2,VM,0.0,0.0
0.01,0.05,1.5,0.1,2,Other,0.003940849622592557,0.06847302236717273
0.01,0.05,2,0.001,0,PMEC,0.010918124201856196,0.035594505687230965
0.01,0.05,2,0.001,0,VM,0.0,0.0
0.01,0.05,2,0.001,0,Other,0.021759810743335817,0.03204118797097223
0.01,0.05,2,0.001,1,PMEC,0.00781305242369518,0.03332359582227775
0.01,0.05,2,0.001,1,VM,0.0,0.0
0.01,0.05,2,0.001,1,Other,0.017776091297567295,0.029748291020694824
0.01,0.05,2,0.001,2,PMEC,0.006171143362818362,0.03445193482478992
0.01,0.05,2,0.001,2,VM,0.0,0.0
0.01,0.05,2,0.001,2,Other,0.01644595526262507,0.030472033458668637
0.01,0.05,2,0.005,0,PMEC,0.0074056076905597195,0.03585466227505613
0.01,0.05,2,0.005,0,VM,0.0,0.0
0.01,0.05,2,0.005,0,Other,0.015515349789902015,0.031588305772040436
0.01,0.05,2,0.005,1,PMEC,0.008500771909901467,0.03595207217558962
0.01,0.05,2,0.005,1,VM,0.0,0.0
0.01,0.05,2,0.005,1,Other,0.015185379961665208,0.03119613224553279
0.01,0.05,2,0.005,2,PMEC,0.00774655296825093,0.03615372225083131
0.01,0.05,2,0.005,2,VM,0.0,0.0
0.01,0.05,2,0.005,2,Other,0.016530476160455936,0.03196186237044194
0.01,0.05,2,0.01,0,PMEC,0.005905051558981304,0.03623438268971641
0.01,0.05,2,0.01,0,VM,0.0,0.0
0.01,0.05,2,0.01,0,Other,0.010593754988971348,0.03262712298920581
0.01,0.05,2,0.01,1,PMEC,0.007513745291027399,0.03602784780187485
0.01,0.05,2,0.01,1,VM,0.0,0.0
0.01,0.05,2,0.01,1,Other,0.013832068322189703,0.032886564160792345
0.01,0.05,2,0.01,2,PMEC,0.0086333539674828,0.03683296630065255
0.01,0.05,2,0.01,2,VM,0.0,0.0
0.01,0.05,2,0.01,2,Other,0.012547235819782317,0.03212022551652117
0.01,0.05,2,0.05,0,PMEC,0.003628322034023532,0.051884430125713144
0.01,0.05,2,0.05,0,VM,0.0,0.0
0.01,0.05,2,0.05,0,Other,0.003945285081470388,0.04613425441137518
0.01,0.05,2,0.05,1,PMEC,0.005750043665749804,0.05313697790562404
0.01,0.05,2,0.05,1,VM,0.0,0.0
0.01,0.05,2,0.05,1,Other,0.005018217294311172,0.04552912914980491
0.01,0.05,2,0.05,2,PMEC,0.0045741302856991805,0.05233474993335484
0.01,0.05,2,0.05,2,VM,0.0,0.0
0.01,0.05,2,0.05,2,Other,0.003627094970715159,0.04604159246129457
0.01,0.05,2,0.1,0,PMEC,0.006100926035627944,0.08358155491385431
0.01,0.05,2,0.1,0,VM,0.0,0.0
0.01,0.05,2,0.1,0,Other,0.00677570237454187,0.09043040581466298
0.01,0.05,2,0.1,1,PMEC,0.006954200042934421,0.08792427799120835
0.01,0.05,2,0.1,1,VM,0.0,0.0
0.01,0.05,2,0.1,1,Other,0.0054851743556696385,0.0870280564790588
0.01,0.05,2,0.1,2,PMEC,0.004257373134775523,0.07759790732534523
0.01,0.05,2,0.1,2,VM,0.0,0.0
0.01,0.05,2,0.1,2,Other,0.004073903435219518,0.06868036818244348
0.01,0.1,0.75,0.001,0,PMEC,0.01328112310782935,0.03591244989946286
0.01,0.1,0.75,0.001,0,VM,0.0,0.0
0.01,0.1,0.75,0.001,0,Other,0.021943878245063882,0.03271306847732222
0.01,0.1,0.75,0.001,1,PMEC,0.010312859093916006,0.031090009508144712
0.01,0.1,0.75,0.001,1,VM,0.0,0.0
0.01,0.1,0.75,0.001,1,Other,0.023492641810073107,0.03112853371259835
0.01,0.1,0.75,0.001,2,PMEC,0.011600153087656025,0.03237910797808958
0.01,0.1,0.75,0.001,2,VM,0.0,0.0
0.01,0.1,0.75,0.001,2,Other,0.02109149692046095,0.030390226856144772
0.01,0.1,0.75,0.005,0,PMEC,0.011759042486840926,0.03429813344046683
0.01,0.1,0.75,0.005,0,VM,0.0,0.0
0.01,0.1,0.75,0.005,0,Other,0.017579483506922875,0.031190022092565356
0.01,0.1,0.75,0.005,1,PMEC,0.01064953360491113,0.03518133682081016
0.01,0.1,0.75,0.005,1,VM,0.0,0.0
0.01,0.1,0.75,0.005,1,Other,0.01518246110996832,0.031168680989830822
0.01,0.1,0.75,0.005,2,PMEC,0.007051283565050195,0.034558304818406535
0.01,0.1,0.75,0.005,2,VM,0.0,0.0
0.01,0.1,0.75,0.005,2,Other,0.01226637575195928,0.031033420561791612
0.01,0.1,0.75,0.01,0,PMEC,0.009378305394709182,0.03587073729531672
0.01,0.1,0.75,0.01,0,VM,0.0,0.0
0.01,0.1,0.75,0.01,0,Other,0.013539581259527058,0.033170916267057135
0.01,0.1,0.75,0.01,1,PMEC,0.006273803601853254,0.03547627157600751
0.01,0.1,0.75,0.01,1,VM,0.0,0.0
0.01,0.1,0.75,0.01,1,Other,0.011660630865047683,0.03187024663020087
0.01,0.1,0.75,0.01,2,PMEC,0.007291771428191589,0.03584855522828717
0.01,0.1,0.75,0.01,2,VM,0.0,0.0
0.01,0.1,0.75,0.01,2,Other,0.013064371253180544,0.033020861076825656
0.01,0.1,0.75,0.05,0,PMEC,0.004422632298646581,0.048801433816373314
0.01,0.1,0.75,0.05,0,VM,0.0,0.0
0.01,0.1,0.75,0.05,0,Other,0.004433366079555656,0.04593535677354736
0.01,0.1,0.75,0.05,1,PMEC,0.006071834098084135,0.04909354861475444
0.01,0.1,0.75,0.05,1,VM,0.0,0.0
0.01,0.1,0.75,0.05,1,Other,0.004657274878089645,0.04574696489813165
0.01,0.1,0.75,0.05,2,PMEC,0.005486265128964078,0.04940178511861506
0.01,0.1,0.75,0.05,2,VM,0.0,0.0
0.01,0.1,0.75,0.05,2,Other,0.004093140004460261,0.045866593072728695
0.01,0.1,0.75,0.1,0,PMEC,0.006624540632276642,0.07361155059335589
0.01,0.1,0.75,0.1,0,VM,0.0,0.0
0.01,0.1,0.75,0.1,0,Other,0.004444067160433983,0.06905977922436829
0.01,0.1,0.75,0.1,1,PMEC,0.006765753215931266,0.09463766123926459
0.01,0.1,0.75,0.1,1,VM,0.0,0.0
0.01,0.1,0.75,0.1,1,Other,0.0063123552744693175,0.08994514462398263
0.01,0.1,0.75,0.1,2,PMEC,0.00547218795430289,0.0734143061912809
0.01,0.1,0.75,0.1,2,VM,0.0,0.0
0.01,0.1,0.75,0.1,2,Other,0.003317407080934508,0.06921886992466045
0.01,0.1,1,0.001,0,PMEC,0.008346407019841124,0.03443912060348119
0.01,0.1,1,0.001,0,VM,0.0,0.0
0.01,0.1,1,0.001,0,Other,0.01919021994513311,0.031090079842113257
0.01,0.1,1,0.001,1,PMEC,0.010560816874729234,0.0337739136357945
0.01,0.1,1,0.001,1,VM,0.0,0.0
0.01,0.1,1,0.001,1,Other,0.020375758009073628,0.0308549184732105
0.01,0.1,1,0.001,2,PMEC,0.005105626864102965,0.034677394049461976
0.01,0.1,1,0.001,2,VM,0.0,0.0
0.01,0.1,1,0.001,2,Other,0.013460185713870369,0.030216735116341986
0.01,0.1,1,0.005,0,PMEC,0.01064469344971641,0.03730487066631903
0.01,0.1,1,0.005,0,VM,0.0,0.0
0.01,0.1,1,0.005,0,Other,0.01804145555896397,0.03234822227811573
0.01,0.1,1,0.005,1,PMEC,0.009360216366198122,0.037245019962261615
0.01,0.1,1,0.005,1,VM,0.0,0.0
0.01,0.1,1,0.005,1,Other,0.017929103562581355,0.03234388018677916
0.01,0.1,1,0.005,2,PMEC,0.0074574055660912965,0.03607904160266436
0.01,0.1,1,0.005,2,VM,0.0,0.0
0.01,0.1,1,0.005,2,Other,0.015510538749748453,0.03146881550036022
0.01,0.1,1,0.01,0,PMEC,0.007268535052461611,0.036388572964831924
0.01,0.1,1,0.01,0,VM,0.0,0.0
0.01,0.1,1,0.01,0,Other,0.010533320197295777,0.03155255925291477
0.01,0.1,1,0.01,1,PMEC,0.006817559053015467,0.0369942636177838
0.01,0.1,1,0.01,1,VM,0.0,0.0
0.01,0.1,1,0.01,1,Other,0.011690542221206551,0.03194524197240382
0.01,0.1,1,0.01,2,PMEC,0.005803953983202906,0.03558612271280399
0.01,0.1,1,0.01,2,VM,0.0,0.0
0.01,0.1,1,0.01,2,Other,0.013664613641652217,0.032789289004566465
0.01,0.1,1,0.05,0,PMEC,0.004215237804828787,0.051884085563928775
0.01,0.1,1,0.05,0,VM,0.0,0.0
0.01,0.1,1,0.05,0,Other,0.004008499788986584,0.045855776220296726
0.01,0.1,1,0.05,1,PMEC,0.005154939477099062,0.052692380481273095
0.01,0.1,1,0.05,1,VM,0.0,0.0
0.01,0.1,1,0.05,1,Other,0.003989902831922223,0.0459296021665585
0.01,0.1,1,0.05,2,PMEC,0.004267198808007786,0.0524119151439822
0.01,0.1,1,0.05,2,VM,0.0,0.0
0.01,0.1,1,0.05,2,Other,0.004158934973569101,0.04628874749111643
0.01,0.1,1,0.1,0,PMEC,0.0054427358381234385,0.07733851687723393
0.01,0.1,1,0.1,0,VM,0.0,0.0
0.01,0.1,1,0.1,0,Other,0.003390839496294921,0.06917388783316235
0.01,0.1,1,0.1,1,PMEC,0.004860807773108945,0.07634263449946851
0.01,0.1,1,0.1,1,VM,0.0,0.0
0.01,0.1,1,0.1,1,Other,0.0035755919686503565,0.06905963286696266
0.01,0.1,1,0.1,2,PMEC,0.005222306393825253,0.07720814682721426
0.01,0.1,1,0.1,2,VM,0.0,0.0
0.01,0.1,1,0.1,2,Other,0.003446308316154519,0.06898066888577283
0.01,0.1,1.5,0.001,0,PMEC,0.005517025586908254,0.039412518733236084
0.01,0.1,1.5,0.001,0,VM,0.0,0.0
0.01,0.1,1.5,0.001,0,Other,0.015888938741743307,0.02998416230961977
0.01,0.1,1.5,0.001,1,PMEC,0.00892537018330107,0.038563619325301404
0.01,0.1,1.5,0.001,1,VM,0.0,0.0
0.01,0.1,1.5,0.001,1,Other,0.02186411221203082,0.031844112697872615
0.01,0.1,1.5,0.001,2,PMEC,0.00985191486202185,0.038614076724048714
0.01,0.1,1.5,0.001,2,VM,0.0,0.0
0.01,0.1,1.5,0.001,2,Other,0.02374363292240847,0.033866090552906625
0.01,0.1,1.5,0.005,0,PMEC,0.008197607458287848,0.03958264929541504
0.01,0.1,1.5,0.005,0,VM,0.0,0.0
0.01,0.1,1.5,0.005,0,Other,0.016718421528469054,0.03182767574744115
0.01,0.1,1.5,0.005,1,PMEC,0.0073014688053885364,0.039211208652906664
0.01,0.1,1.5,0.005,1,VM,0.0,0.0
0.01,0.1,1.5,0.005,1,Other,0.018342934052816107,0.03259975673554362
0.01,0.1,1.5,0.005,2,PMEC,0.006254879200695887,0.03980458789245841
0.01,0.1,1.5,0.005,2,VM,0.0,0.0
0.01,0.1,1.5,0.005,2,Other,0.014585051484676311,0.03083995268631734
0.01,0.1,1.5,0.01,0,PMEC,0.008898511972829789,0.04144668467487851
0.01,0.1,1.5,0.01,0,VM,0.0,0.0
0.01,0.1,1.5,0.01,0,Other,0.012801429480064179,0.033403553520553755
0.01,0.1,1.5,0.01,1,PMEC,0.007185963507008749,0.041293113884952944
0.01,0.1,1.5,0.01,1,VM,0.0,0.0
0.01,0.1,1.5,0.01,1,Other,0.013377355528492053,0.03358341613176859
0.01,0.1,1.5,0.01,2,PMEC,0.007373804864646082,0.04121071834462745
0.01,0.1,1.5,0.01,2,VM,0.0,0.0
0.01,0.1,1.5,0.01,2,Other,0.011780468661990702,0.03208516493036498
0.01,0.1,1.5,0.05,0,PMEC,0.003942164222417909,0.05951929704192071
0.01,0.1,1.5,0.05,0,VM,0.0,0.0
0.01,0.1,1.5,0.05,0,Other,0.0033446217835386934,0.04625614899547095
0.01,0.1,1.5,0.05,1,PMEC,0.004603404722102016,0.05850859768951554
0.01,0.1,1.5,0.05,1,VM,0.0,0.0
0.01,0.1,1.5,0.05,1,Other,0.004532664521703571,0.04607705273554034
0.01,0.1,1.5,0.05,2,PMEC,0.0029464931697443454,0.0580003119558418
0.01,0.1,1.5,0.05,2,VM,0.0,0.0
0.01,0.1,1.5,0.05,2,Other,0.00410117922100277,0.046023045750965476
0.01,0.1,1.5,0.1,0,PMEC,0.005158965827212621,0.09004543712803367
0.01,0.1,1.5,0.1,0,VM,0.0,0.0
0.01,0.1,1.5,0.1,0,Other,0.005964943124070446,0.09383279582373814
0.01,0.1,1.5,0.1,1,PMEC,0.005430482325364599,0.09525422419744836
0.01,0.1,1.5,0.1,1,VM,0.0,0.0
0.01,0.1,1.5,0.1,1,Other,0.0054014844389885215,0.09012289758493786
0.01,0.1,1.5,0.1,2,PMEC,0.005844430264290937,0.09207144371064072
0.01,0.1,1.5,0.1,2,VM,0.0,0.0
0.01,0.1,1.5,0.1,2,Other,0.0060069326488853955,0.08863339499299319
0.01,0.1,2,0.001,0,PMEC,0.009405185153955976,0.055497674378299514
0.01,0.1,2,0.001,0,VM,0.0,0.0
0.01,0.1,2,0.001,0,Other,0.01915496173795445,0.057077928326991545
0.01,0.1,2,0.001,1,PMEC,0.019468745378274397,0.06222007245954017
0.01,0.1,2,0.001,1,VM,0.0,0.0
0.01,0.1,2,0.001,1,Other,0.020881071727333316,0.0592279780783676
0.01,0.1,2,0.001,2,PMEC,0.007829353434243944,0.05847300803436879
0.01,0.1,2,0.001,2,VM,0.0,0.0
0.01,0.1,2,0.001,2,Other,0.018216250435047304,0.05630575673227522
0.01,0.1,2,0.005,0,PMEC,0.014480470826135664,0.06069097930640714
0.01,0.1,2,0.005,0,VM,0.0,0.0
0.01,0.1,2,0.005,0,Other,0.014475837413333333,0.05710206710664157
0.01,0.1,2,0.005,1,PMEC,0.011897344271992152,0.06116417359891753
0.01,0.1,2,0.005,1,VM,0.0,0.0
0.01,0.1,2,0.005,1,Other,0.01315798316496848,0.059268463344579886
0.01,0.1,2,0.005,2,PMEC,0.010111449111132015,0.06503350185739624
0.01,0.1,2,0.005,2,VM,0.0,0.0
0.01,0.1,2,0.005,2,Other,0.011632534405465326,0.057201478433452004
0.01,0.1,2,0.01,0,PMEC,0.0087262439903372,0.06673800436412529
0.01,0.1,2,0.01,0,VM,0.0,0.0
0.01,0.1,2,0.01,0,Other,0.009176236316119683,0.055030693790637346
0.01,0.1,2,0.01,1,PMEC,0.01349507534319816,0.061459001821723126
0.01,0.1,2,0.01,1,VM,0.0,0.0
0.01,0.1,2,0.01,1,Other,0.011364536489715714,0.057503353644372625
0.01,0.1,2,0.01,2,PMEC,0.008457947905712814,0.06070245803275131
0.01,0.1,2,0.01,2,VM,0.0,0.0
0.01,0.1,2,0.01,2,Other,0.009820499523955683,0.055286801634000966
0.01,0.1,2,0.05,0,PMEC,0.005306675027116052,0.07536014830043004
0.01,0.1,2,0.05,0,VM,0.0,0.0
0.01,0.1,2,0.05,0,Other,0.005323856376161857,0.06994835254880034
0.01,0.1,2,0.05,1,PMEC,0.0062234152858785564,0.07334167814781214
0.01,0.1,2,0.05,1,VM,0.0,0.0
0.01,0.1,2,0.05,1,Other,0.007896703783329894,0.06919535071318161
0.01,0.1,2,0.05,2,PMEC,0.005785023823132243,0.07805107439143255
0.01,0.1,2,0.05,2,VM,0.0,0.0
0.01,0.1,2,0.05,2,Other,0.007343087775607887,0.07468340489617663
0.01,0.1,2,0.1,0,PMEC,0.005722111540869214,0.092460575563741
0.01,0.1,2,0.1,0,VM,0.0,0.0
0.01,0.1,2,0.1,0,Other,0.00521704892061832,0.08969012594357967
0.01,0.1,2,0.1,1,PMEC,0.005199039276912156,0.09538590915841685
0.01,0.1,2,0.1,1,VM,0.0,0.0
0.01,0.1,2,0.1,1,Other,0.0051692854412504026,0.09202727224597497
0.01,0.1,2,0.1,2,PMEC,0.005664684818224601,0.09500240592351827
0.01,0.1,2,0.1,2,VM,0.0,0.0
0.01,0.1,2,0.1,2,Other,0.006350156083894266,0.08986881777471883
0.05,0.0001,0.75,0.001,0,PMEC,0.05150469164616797,0.05181105608830512
0.05,0.0001,0.75,0.001,0,VM,0.0,0.0
0.05,0.0001,0.75,0.001,0,Other,0.03989176106156203,0.04069298916280473
0.05,0.0001,0.75,0.001,1,PMEC,0.05145167480866962,0.051786925515341975
0.05,0.0001,0.75,0.001,1,VM,0.0,0.0
0.05,0.0001,0.75,0.001,1,Other,0.03948872167668294,0.040333062350551716
0.05,0.0001,0.75,0.001,2,PMEC,0.051812209294700394,0.05208318033777195
0.05,0.0001,0.75,0.001,2,VM,0.0,0.0
0.05,0.0001,0.75,0.001,2,Other,0.040035425589803365,0.04076237656239348
0.05,0.0001,0.75,0.005,0,PMEC,0.050571037279377805,0.05152433865225976
0.05,0.0001,0.75,0.005,0,VM,0.0,0.0
0.05,0.0001,0.75,0.005,0,Other,0.0321339472103975,0.035185823207585856
0.05,0.0001,0.75,0.005,1,PMEC,0.05050290294116158,0.051544314249369186
0.05,0.0001,0.75,0.005,1,VM,0.0,0.0
0.05,0.0001,0.75,0.005,1,Other,0.032278995061683476,0.035415127290637005
0.05,0.0001,0.75,0.005,2,PMEC,0.050367828184036914,0.0514325073819176
0.05,0.0001,0.75,0.005,2,VM,0.0,0.0
0.05,0.0001,0.75,0.005,2,Other,0.031688727483775714,0.03518912243132421
0.05,0.0001,0.75,0.01,0,PMEC,0.04439606251283259,0.04870196943427497
0.05,0.0001,0.75,0.01,0,VM,0.0,0.0
0.05,0.0001,0.75,0.01,0,Other,0.020499431666219238,0.03254084399820754
0.05,0.0001,0.75,0.01,1,PMEC,0.04587537523840754,0.04970445410022655
0.05,0.0001,0.75,0.01,1,VM,0.0,0.0
0.05,0.0001,0.75,0.01,1,Other,0.022067397786205447,0.03269385089900723
0.05,0.0001,0.75,0.01,2,PMEC,0.04510904841882185,0.04927815152975959
0.05,0.0001,0.75,0.01,2,VM,0.0,0.0
0.05,0.0001,0.75,0.01,2,Other,0.022520628171494726,0.03276543819740213
0.05,0.0001,0.75,0.05,0,PMEC,0.02160310697147034,0.048615554037141434
0.05,0.0001,0.75,0.05,0,VM,0.0,0.0
0.05,0.0001,0.75,0.05,0,Other,0.006453237149507585,0.045882507954390056
0.05,0.0001,0.75,0.05,1,PMEC,0.022200627386738763,0.04864162937216899
0.05,0.0001,0.75,0.05,1,VM,0.0,0.0
0.05,0.0001,0.75,0.05,1,Other,0.007054085462354916,0.04660940658919056
0.05,0.0001,0.75,0.05,2,PMEC,0.02241873440838934,0.04872095747110121
0.05,0.0001,0.75,0.05,2,VM,0.0,0.0
0.05,0.0001,0.75,0.05,2,Other,0.006640519030261714,0.046331272563679804
0.05,0.0001,0.75,0.1,0,PMEC,0.011228939622192773,0.06850737527591225
0.05,0.0001,0.75,0.1,0,VM,0.0,0.0
0.05,0.0001,0.75,0.1,0,Other,0.004669303577397408,0.06949832223869702
0.05,0.0001,0.75,0.1,1,PMEC,0.012124184799239152,0.06861277666176618
0.05,0.0001,0.75,0.1,1,VM,0.0,0.0
0.05,0.0001,0.75,0.1,1,Other,0.005005022908098061,0.06932631462722545
0.05,0.0001,0.75,0.1,2,PMEC,0.011295360070495938,0.06840076998617677
0.05,0.0001,0.75,0.1,2,VM,0.0,0.0
0.05,0.0001,0.75,0.1,2,Other,0.005275093783718555,0.0693709288806721
0.05,0.0001,1,0.001,0,PMEC,0.05147044501365043,0.051800418666743134
0.05,0.0001,1,0.001,0,VM,0.0,0.0
0.05,0.0001,1,0.001,0,Other,0.0399276377552434,0.04069196292803345
0.05,0.0001,1,0.001,1,PMEC,0.05160151010104931,0.051893667464838616
0.05,0.0001,1,0.001,1,VM,0.0,0.0
0.05,0.0001,1,0.001,1,Other,0.0401277736207156,0.04096618632205279
0.05,0.0001,1,0.001,2,PMEC,0.05129590477010379,0.05163086005763086
0.05,0.0001,1,0.001,2,VM,0.0,0.0
0.05,0.0001,1,0.001,2,Other,0.0396647022675971,0.0405341277621493
0.05,0.0001,1,0.005,0,PMEC,0.05035896749178506,0.051526210925275144
0.05,0.0001,1,0.005,0,VM,0.0,0.0
0.05,0.0001,1,0.005,0,Other,0.0315566133535607,0.03484564748526984
0.05,0.0001,1,0.005,1,PMEC,0.049998181695601246,0.05112098985035844
0.05,0.0001,1,0.005,1,VM,0.0,0.0
0.05,0.0001,1,0.005,1,Other,0.031597865762698685,0.034873439097704996
0.05,0.0001,1,0.005,2,PMEC,0.050500504466637945,0.05146897759924801
0.05,0.0001,1,0.005,2,VM,0.0,0.0
0.05,0.0001,1,0.005,2,Other,0.03216333620580365,0.03525293003049491
0.05,0.0001,1,0.01,0,PMEC,0.04688882613522638,0.050290266432838564
0.05,0.0001,1,0.01,0,VM,0.0,0.0
0.05,0.0001,1,0.01,0,Other,0.022520562100210723,0.03266100571891583
0.05,0.0001,1,0.01,1,PMEC,0.046919720624300935,0.05006173517416453
0.05,0.0001,1,0.01,1,VM,0.0,0.0
0.05,0.0001,1,0.01,1,Other,0.021528082442766765,0.03249035370335098
0.05,0.0001,1,0.01,2,PMEC,0.04384449619034316,0.04800932328910171
0.05,0.0001,1,0.01,2,VM,0.0,0.0
0.05,0.0001,1,0.01,2,Other,0.020104513506241727,0.03170957085666304
0.05,0.0001,1,0.05,0,PMEC,0.024065090058575673,0.04897967372323577
0.05,0.0001,1,0.05,0,VM,0.0,0.0
0.05,0.0001,1,0.05,0,Other,0.006625863999382572,0.04634827483171542
0.05,0.0001,1,0.05,1,PMEC,0.024057742686851107,0.048836488351503324
0.05,0.0001,1,0.05,1,VM,0.0,0.0
0.05,0.0001,1,0.05,1,Other,0.006762778499426366,0.04619597251859293
0.05,0.0001,1,0.05,2,PMEC,0.02156657373077411,0.04912701503673012
0.05,0.0001,1,0.05,2,VM,0.0,0.0
0.05,0.0001,1,0.05,2,Other,0.006506103932563986,0.046156945552065835
0.05,0.0001,1,0.1,0,PMEC,0.012145486328453182,0.06847710038486694
0.05,0.0001,1,0.1,0,VM,0.0,0.0
0.05,0.0001,1,0.1,0,Other,0.004230266852640055,0.06955380904521195
0.05,0.0001,1,0.1,1,PMEC,0.009374991140890875,0.08732760391060704
0.05,0.0001,1,0.1,1,VM,0.0,0.0
0.05,0.0001,1,0.1,1,Other,0.0071739594293624845,0.08888586674286154
0.05,0.0001,1,0.1,2,PMEC,0.011505542593260636,0.06848516158177027
0.05,0.0001,1,0.1,2,VM,0.0,0.0
0.05,0.0001,1,0.1,2,Other,0.005121586279131453,0.06942190840220404
0.05,0.0001,1.5,0.001,0,PMEC,0.05151950243370054,0.05184890544138668
0.05,0.0001,1.5,0.001,0,VM,0.0,0.0
0.05,0.0001,1.5,0.001,0,Other,0.039933372895981874,0.040799126265590784
0.05,0.0001,1.5,0.001,1,PMEC,0.05160971524744324,0.05190975692582072
0.05,0.0001,1.5,0.001,1,VM,0.0,0.0
0.05,0.0001,1.5,0.001,1,Other,0.03986819344017856,0.04067819563521463
0.05,0.0001,1.5,0.001,2,PMEC,0.05154255660860678,0.05186071176927505
0.05,0.0001,1.5,0.001,2,VM,0.0,0.0
0.05,0.0001,1.5,0.001,2,Other,0.039477319972829446,0.0402949336670318
0.05,0.0001,1.5,0.005,0,PMEC,0.050430229699685726,0.05141954926092157
0.05,0.0001,1.5,0.005,0,VM,0.0,0.0
0.05,0.0001,1.5,0.005,0,Other,0.03129972680491374,0.03473579929441326
0.05,0.0001,1.5,0.005,1,PMEC,0.05064337367744324,0.05167751725312312
0.05,0.0001,1.5,0.005,1,VM,0.0,0.0
0.05,0.0001,1.5,0.005,1,Other,0.03189431717856305,0.035170046127766766
0.05,0.0001,1.5,0.005,2,PMEC,0.05026267858937777,0.051155512747904024
0.05,0.0001,1.5,0.005,2,VM,0.0,0.0
0.05,0.0001,1.5,0.005,2,Other,0.03245428660518864,0.03544793183647816
0.05,0.0001,1.5,0.01,0,PMEC,0.047107076866341434,0.05012323038321464
0.05,0.0001,1.5,0.01,0,VM,0.0,0.0
0.05,0.0001,1.5,0.01,0,Other,0.02311926694623593,0.03313010488160443
0.05,0.0001,1.5,0.01,1,PMEC,0.04569045698684981,0.04983300374053401
0.05,0.0001,1.5,0.01,1,VM,0.0,0.0
0.05,0.0001,1.5,0.01,1,Other,0.02156719065163149,0.032535615399371706
0.05,0.0001,1.5,0.01,2,PMEC,0.0460163653546868,0.04953582865410022
0.05,0.0001,1.5,0.01,2,VM,0.0,0.0
0.05,0.0001,1.5,0.01,2,Other,0.021572064145113548,0.03267347168275792
0.05,0.0001,1.5,0.05,0,PMEC,0.02235754423817001,0.04874611195689209
0.05,0.0001,1.5,0.05,0,VM,0.0,0.0
0.05,0.0001,1.5,0.05,0,Other,0.0071313565539650944,0.04628515506472695
0.05,0.0001,1.5,0.05,1,PMEC,0.02241712615085008,0.048840252527552516
0.05,0.0001,1.5,0.05,1,VM,0.0,0.0
0.05,0.0001,1.5,0.05,1,Other,0.00633779735616917,0.04634424045173146
0.05,0.0001,1.5,0.05,2,PMEC,0.02479245664081951,0.049185093377045366
0.05,0.0001,1.5,0.05,2,VM,0.0,0.0
0.05,0.0001,1.5,0.05,2,Other,0.007158454802803751,0.04647136534813685
0.05,0.0001,1.5,0.1,0,PMEC,0.007563819679420139,0.08868735213566212
0.05,0.0001,1.5,0.1,0,VM,0.0,0.0
0.05,0.0001,1.5,0.1,0,Other,0.0069876479890377905,0.08916707430812078
0.05,0.0001,1.5,0.1,1,PMEC,0.012801942396731268,0.06840901419730104
0.05,0.0001,1.5,0.1,1,VM,0.0,0.0
0.05,0.0001,1.5,0.1,1,Other,0.004959734034792966,0.06921716380018166
0.05,0.0001,1.5,0.1,2,PMEC,0.010271454135917752,0.06824985768674144
0.05,0.0001,1.5,0.1,2,VM,0.0,0.0
0.05,0.0001,1.5,0.1,2,Other,0.005205966578706442,0.0695251890294916
0.05,0.0001,2,0.001,0,PMEC,0.05168703447677777,0.05201689309007077
0.05,0.0001,2,0.001,0,VM,0.0,0.0
0.05,0.0001,2,0.001,0,Other,0.039654858669229,0.04047516686145471
0.05,0.0001,2,0.001,1,PMEC,0.05150718765893137,0.05182512356969507
0.05,0.0001,2,0.001,1,VM,0.0,0.0
0.05,0.0001,2,0.001,1,Other,0.03984938465449857,0.04071672446723022
0.05,0.0001,2,0.001,2,PMEC,0.0515590748726988,0.051855725637788994
0.05,0.0001,2,0.001,2,VM,0.0,0.0
0.05,0.0001,2,0.001,2,Other,0.039725406288606886,0.040541686812932416
0.05,0.0001,2,0.005,0,PMEC,0.0501419045357122,0.05112112634576127
0.05,0.0001,2,0.005,0,VM,0.0,0.0
0.05,0.0001,2,0.005,0,Other,0.03139577595068811,0.034705917682541734
0.05,0.0001,2,0.005,1,PMEC,0.04984843838517397,0.050971455444469474
0.05,0.0001,2,0.005,1,VM,0.0,0.0
0.05,0.0001,2,0.005,1,Other,0.030826564839492716,0.03430342473737908
0.05,0.0001,2,0.005,2,PMEC,0.050305554909355246,0.051311730226791696
0.05,0.0001,2,0.005,2,VM,0.0,0.0
0.05,0.0001,2,0.005,2,Other,0.031774979968152595,0.03513290259395357
0.05,0.0001,2,0.01,0,PMEC,0.04486733834048407,0.04924746699342977
0.05,0.0001,2,0.01,0,VM,0.0,0.0
0.05,0.0001,2,0.01,0,Other,0.020793372050902724,0.03219765324134847
0.05,0.0001,2,0.01,1,PMEC,0.046304979133563656,0.049279617159695456
0.05,0.0001,2,0.01,1,VM,0.0,0.0
0.05,0.0001,2,0.01,1,Other,0.021684765233897306,0.03274278814517053
0.05,0.0001,2,0.01,2,PMEC,0.045596744389365854,0.04990425647488617
0.05,0.0001,2,0.01,2,VM,0.0,0.0
0.05,0.0001,2,0.01,2,Other,0.02169226912138672,0.03273184542415794
0.05,0.0001,2,0.05,0,PMEC,0.022707080132320756,0.04888506011975216
0.05,0.0001,2,0.05,0,VM,0.0,0.0
0.05,0.0001,2,0.05,0,Other,0.0065885667748000415,0.04630647657886368
0.05,0.0001,2,0.05,1,PMEC,0.02246852000342459,0.048649152282266114
0.05,0.0001,2,0.05,1,VM,0.0,0.0
0.05,0.0001,2,0.05,1,Other,0.0062067283142618525,0.04606335020253326
0.05,0.0001,2,0.05,2,PMEC,0.021601151328907903,0.048831114500169324
0.05,0.0001,2,0.05,2,VM,0.0,0.0
0.05,0.0001,2,0.05,2,Other,0.006398618253717051,0.04618917369599512
0.05,0.0001,2,0.1,0,PMEC,0.013271907685197114,0.06813966344970862
0.05,0.0001,2,0.1,0,VM,0.0,0.0
0.05,0.0001,2,0.1,0,Other,0.005206487319039899,0.06954434429823703
0.05,0.0001,2,0.1,1,PMEC,0.010091840466054757,0.07953909304068969
0.05,0.0001,2,0.1,1,VM,0.0,0.0
0.05,0.0001,2,0.1,1,Other,0.005686145064590618,0.08485424921318871
0.05,0.0001,2,0.1,2,PMEC,0.013796193939702557,0.06860719000298358
0.05,0.0001,2,0.1,2,VM,0.0,0.0
0.05,0.0001,2,0.1,2,Other,0.005057627614118604,0.06933975234279119
0.05,0.0005,0.75,0.001,0,PMEC,0.051732842217966306,0.052015557838712395
0.05,0.0005,0.75,0.001,0,VM,0.0,0.0
0.05,0.0005,0.75,0.001,0,Other,0.039884864088884926,0.04066164329889034
0.05,0.0005,0.75,0.001,1,PMEC,0.05152995613118398,0.051832852781453866
0.05,0.0005,0.75,0.001,1,VM,0.0,0.0
0.05,0.0005,0.75,0.001,1,Other,0.039589868905827046,0.04040122693724501
0.05,0.0005,0.75,0.001,2,PMEC,0.051806725006716854,0.05210141528894137
0.05,0.0005,0.75,0.001,2,VM,0.0,0.0
0.05,0.0005,0.75,0.001,2,Other,0.040034724592912053,0.040814918071618765
0.05,0.0005,0.75,0.005,0,PMEC,0.05050982171221614,0.051639211891463
0.05,0.0005,0.75,0.005,0,VM,0.0,0.0
0.05,0.0005,0.75,0.005,0,Other,0.03182534456935369,0.03498678092014517
0.05,0.0005,0.75,0.005,1,PMEC,0.050154893427787256,0.05146610367832636
0.05,0.0005,0.75,0.005,1,VM,0.0,0.0
0.05,0.0005,0.75,0.005,1,Other,0.031225269158192733,0.034604775284779045
0.05,0.0005,0.75,0.005,2,PMEC,0.05035775593425414,0.051523725543187
0.05,0.0005,0.75,0.005,2,VM,0.0,0.0
0.05,0.0005,0.75,0.005,2,Other,0.03208368743316411,0.03513716970588387
0.05,0.0005,0.75,0.01,0,PMEC,0.04585235249771208,0.04968316880905019
0.05,0.0005,0.75,0.01,0,VM,0.0,0.0
0.05,0.0005,0.75,0.01,0,Other,0.02133210161043547,0.03275575353744847
0.05,0.0005,0.75,0.01,1,PMEC,0.04732019921618218,0.050326133389274254
0.05,0.0005,0.75,0.01,1,VM,0.0,0.0
0.05,0.0005,0.75,0.01,1,Other,0.02046064901918313,0.032280354407409576
0.05,0.0005,0.75,0.01,2,PMEC,0.045940888971302815,0.04988591560107997
0.05,0.0005,0.75,0.01,2,VM,0.0,0.0
0.05,0.0005,0.75,0.01,2,Other,0.021553683737650806,0.03235115237205113
0.05,0.0005,0.75,0.05,0,PMEC,0.022477622119286948,0.048699773314219874
0.05,0.0005,0.75,0.05,0,VM,0.0,0.0
0.05,0.0005,0.75,0.05,0,Other,0.006067326191362058,0.04628055103064018
0.05,0.0005,0.75,0.05,1,PMEC,0.0228650115433928,0.04893515398869228
0.05,0.0005,0.75,0.05,1,VM,0.0,0.0
0.05,0.0005,0.75,0.05,1,Other,0.0053063722637912685,0.04629518794353847
0.05,0.0005,0.75,0.05,2,PMEC,0.022699150167914517,0.048933186587042175
0.05,0.0005,0.75,0.05,2,VM,0.0,0.0
0.05,0.0005,0.75,0.05,2,Other,0.0065053370026455165,0.046050987666737174
0.05,0.0005,0.75,0.1,0,PMEC,0.013103655558794412,0.06818989374988274
0.05,0.0005,0.75,0.1,0,VM,0.0,0.0
0.05,0.0005,0.75,0.1,0,Other,0.005193406538143651,0.06947131933461426
0.05,0.0005,0.75,0.1,1,PMEC,0.01229998832322348,0.06848500947322224
0.05,0.0005,0.75,0.1,1,VM,0.0,0.0
0.05,0.0005,0.75,0.1,1,Other,0.00461161437746094,0.06949058746728469
0.05,0.0005,0.75,0.1,2,PMEC,0.012600696907691809,0.06868118086699185
0.05,0.0005,0.75,0.1,2,VM,0.0,0.0
0.05,0.0005,0.75,0.1,2,Other,0.004935279432477201,0.0695521380762168
0.05,0.0005,1,0.001,0,PMEC,0.05138609973285037,0.051745888097005505
0.05,0.0005,1,0.001,0,VM,0.0,0.0
0.05,0.0005,1,0.001,0,Other,0.04001548667788815,0.04084757081512043
0.05,0.0005,1,0.001,1,PMEC,0.051726419280777376,0.05205001576686476
0.05,0.0005,1,0.001,1,VM,0.0,0.0
0.05,0.0005,1,0.001,1,Other,0.039269177138285274,0.040114325703342765
0.05,0.0005,1,0.001,2,PMEC,0.0514266810715925,0.05173639152944861
0.05,0.0005,1,0.001,2,VM,0.0,0.0
0.05,0.0005,1,0.001,2,Other,0.039376596005492495,0.0401849060530542
0.05,0.0005,1,0.005,0,PMEC,0.05057046471159853,0.05160889398131009
0.05,0.0005,1,0.005,0,VM,0.0,0.0
0.05,0.0005,1,0.005,0,Other,0.03067142753397836,0.03432855587280123
0.05,0.0005,1,0.005,1,PMEC,0.050202186328392684,0.05123349764952152
0.05,0.0005,1,0.005,1,VM,0.0,0.0
0.05,0.0005,1,0.005,1,Other,0.03163071072994681,0.034944342245670564
0.05,0.0005,1,0.005,2,PMEC,0.05038115853963739,0.051565266475315
0.05,0.0005,1,0.005,2,VM,0.0,0.0
0.05,0.0005,1,0.005,2,Other,0.03144956663336843,0.03451379621695036
0.05,0.0005,1,0.01,0,PMEC,0.0454096682803135,0.0492696104720352
0.05,0.0005,1,0.01,0,VM,0.0,0.0
0.05,0.0005,1,0.01,0,Other,0.020908046426444442,0.03236171763744055
0.05,0.0005,1,0.01,1,PMEC,0.04403719911947018,0.04848540372666879
0.05,0.0005,1,0.01,1,VM,0.0,0.0
0.05,0.0005,1,0.01,1,Other,0.021742214602170518,0.032819755894801676
0.05,0.0005,1,0.01,2,PMEC,0.045683109202156666,0.050066488539194674
0.05,0.0005,1,0.01,2,VM,0.0,0.0
0.05,0.0005,1,0.01,2,Other,0.021174802910287324,0.03242584164301055
0.05,0.0005,1,0.05,0,PMEC,0.022794739662076405,0.04860836111606219
0.05,0.0005,1,0.05,0,VM,0.0,0.0
0.05,0.0005,1,0.05,0,Other,0.006396559175572536,0.046076286712222865
0.05,0.0005,1,0.05,1,PMEC,0.02286653795021786,0.04855738676704314
0.05,0.0005,1,0.05,1,VM,0.0,0.0
0.05,0.0005,1,0.05,1,Other,0.006768672164917285,0.04614806671335176
0.05,0.0005,1,0.05,2,PMEC,0.02285325679667803,0.04894364025975878
0.05,0.0005,1,0.05,2,VM,0.0,0.0
0.05,0.0005,1,0.05,2,Other,0.00650555297441772,0.04632168453438267
0.05,0.0005,1,0.1,0,PMEC,0.012209417873992818,0.06791759819554985
0.05,0.0005,1,0.1,0,VM,0.0,0.0
0.05,0.0005,1,0.1,0,Other,0.0046255213764387695,0.06960713617495655
0.05,0.0005,1,0.1,1,PMEC,0.008783612807497686,0.08521831900659176
0.05,0.0005,1,0.1,1,VM,0.0,0.0
0.05,0.0005,1,0.1,1,Other,0.0064881053698384854,0.09059131798646942
0.05,0.0005,1,0.1,2,PMEC,0.01118770818707205,0.06879450358513642
0.05,0.0005,1,0.1,2,VM,0.0,0.0
0.05,0.0005,1,0.1,2,Other,0.0053038704677281796,0.06925599780274128
0.05,0.0005,1.5,0.001,0,PMEC,0.051473512541210714,0.05181504519736991
0.05,0.0005,1.5,0.001,0,VM,0.0,0.0
0.05,0.0005,1.5,0.001,0,Other,0.03964351406330309,0.04048635025429193
0.05,0.0005,1.5,0.001,1,PMEC,0.051594282740330906,0.05195076204752664
0.05,0.0005,1.5,0.001,1,VM,0.0,0.0
0.05,0.0005,1.5,0.001,1,Other,0.039496622519830264,0.04037217629535403
0.05,0.0005,1.5,0.001,2,PMEC,0.05174208960416674,0.05207799470459515
0.05,0.0005,1.5,0.001,2,VM,0.0,0.0
0.05,0.0005,1.5,0.001,2,Other,0.039453848818711515,0.0403259341768456
0.05,0.0005,1.5,0.005,0,PMEC,0.050317702966337766,0.05135286409483385
0.05,0.0005,1.5,0.005,0,VM,0.0,0.0
0.05,0.0005,1.5,0.005,0,Other,0.0319604763142756,0.035193860630679925
0.05,0.0005,1.5,0.005,1,PMEC,0.05079164500438597,0.05181129297238193
0.05,0.0005,1.5,0.005,1,VM,0.0,0.0
0.05,0.0005,1.5,0.005,1,Other,0.032032957035473576,0.03521989722919105
0.05,0.0005,1.5,0.005,2,PMEC,0.05050512344480278,0.05160028327893252
0.05,0.0005,1.5,0.005,2,VM,0.0,0.0
0.05,0.0005,1.5,0.005,2,Other,0.032678781865808665,0.03570127712993379
0.05,0.0005,1.5,0.01,0,PMEC,0.04520808717196602,0.04899007029753946
0.05,0.0005,1.5,0.01,0,VM,0.0,0.0
0.05,0.0005,1.5,0.01,0,Other,0.021119696450585677,0.032284560684905844
0.05,0.0005,1.5,0.01,1,PMEC,0.04471896570970193,0.0493393481987632
0.05,0.0005,1.5,0.01,1,VM,0.0,0.0
0.05,0.0005,1.5,0.01,1,Other,0.021696197232664447,0.03291538707339658
0.05,0.0005,1.5,0.01,2,PMEC,0.04498257340019799,0.0493190692825155
0.05,0.0005,1.5,0.01,2,VM,0.0,0.0
0.05,0.0005,1.5,0.01,2,Other,0.020414404159688978,0.03212165435568035
0.05,0.0005,1.5,0.05,0,PMEC,0.022013671787139845,0.04872562911069909
0.05,0.0005,1.5,0.05,0,VM,0.0,0.0
0.05,0.0005,1.5,0.05,0,Other,0.0060697701417797715,0.046183101391291836
0.05,0.0005,1.5,0.05,1,PMEC,0.022939182789929822,0.04930767386414448
0.05,0.0005,1.5,0.05,1,VM,0.0,0.0
0.05,0.0005,1.5,0.05,1,Other,0.007023292994662351,0.04630099521876218
0.05,0.0005,1.5,0.05,2,PMEC,0.022792594767263252,0.04944584612977062
0.05,0.0005,1.5,0.05,2,VM,0.0,0.0
0.05,0.0005,1.5,0.05,2,Other,0.006738774338379489,0.046341094056953226
0.05,0.0005,1.5,0.1,0,PMEC,0.011421640528307072,0.06821034535327981
0.05,0.0005,1.5,0.1,0,VM,0.0,0.0
0.05,0.0005,1.5,0.1,0,Other,0.004706050747828049,0.06926253223215975
0.05,0.0005,1.5,0.1,1,PMEC,0.012349326886797742,0.06857298110397733
0.05,0.0005,1.5,0.1,1,VM,0.0,0.0
0.05,0.0005,1.5,0.1,1,Other,0.004834780540616694,0.06940866835520769
0.05,0.0005,1.5,0.1,2,PMEC,0.01248426236414896,0.06878383942613371
0.05,0.0005,1.5,0.1,2,VM,0.0,0.0
0.05,0.0005,1.5,0.1,2,Other,0.005587946797290962,0.06898087842033819
0.05,0.0005,2,0.001,0,PMEC,0.05168981026265707,0.052053059253668967
0.05,0.0005,2,0.001,0,VM,0.0,0.0
0.05,0.0005,2,0.001,0,Other,0.03929306704511267,0.04016317322153367
0.05,0.0005,2,0.001,1,PMEC,0.051671035901138626,0.05202332979967938
0.05,0.0005,2,0.001,1,VM,0.0,0.0
0.05,0.0005,2,0.001,1,Other,0.03949462073798919,0.04038644909487632
0.05,0.0005,2,0.001,2,PMEC,0.05152842594598035,0.051902468871307866
0.05,0.0005,2,0.001,2,VM,0.0,0.0
0.05,0.0005,2,0.001,2,Other,0.040124272971269574,0.04095861083787731
0.05,0.0005,2,0.005,0,PMEC,0.0504262170771025,0.05164941742234544
0.05,0.0005,2,0.005,0,VM,0.0,0.0
0.05,0.0005,2,0.005,0,Other,0.03224207317519432,0.03553711619351514
0.05,0.0005,2,0.005,1,PMEC,0.05109057145517867,0.05198230634402809
0.05,0.0005,2,0.005,1,VM,0.0,0.0
0.05,0.0005,2,0.005,1,Other,0.03212767174786541,0.035367446264028116
0.05,0.0005,2,0.005,2,PMEC,0.04998398874350878,0.05131381357024744
0.05,0.0005,2,0.005,2,VM,0.0,0.0
0.05,0.0005,2,0.005,2,Other,0.03162219119782252,0.03493353316053575
0.05,0.0005,2,0.01,0,PMEC,0.04564904002843156,0.04944730414898793
0.05,0.0005,2,0.01,0,VM,0.0,0.0
0.05,0.0005,2,0.01,0,Other,0.02114192758102896,0.032287052597324624
0.05,0.0005,2,0.01,1,PMEC,0.046692719884161446,0.04985709311717662
0.05,0.0005,2,0.01,1,VM,0.0,0.0
0.05,0.0005,2,0.01,1,Other,0.02214918530958892,0.03306650426131595
0.05,0.0005,2,0.01,2,PMEC,0.04514588571386421,0.049284110130341126
0.05,0.0005,2,0.01,2,VM,0.0,0.0
0.05,0.0005,2,0.01,2,Other,0.02116603019114887,0.03246016070127289
0.05,0.0005,2,0.05,0,PMEC,0.022241796238752245,0.04915802646541225
0.05,0.0005,2,0.05,0,VM,0.0,0.0
0.05,0.0005,2,0.05,0,Other,0.006733667246214761,0.04632942904760394
0.05,0.0005,2,0.05,1,PMEC,0.022689215404633676,0.04881980456757178
0.05,0.0005,2,0.05,1,VM,0.0,0.0
0.05,0.0005,2,0.05,1,Other,0.006170489666230014,0.04630902085265851
0.05,0.0005,2,0.05,2,PMEC,0.02371957591122457,0.04890424147995984
0.05,0.0005,2,0.05,2,VM,0.0,0.0
0.05,0.0005,2,0.05,2,Other,0.007097929267192465,0.046278221573404416
0.05,0.0005,2,0.1,0,PMEC,0.01098450250624472,0.06868596052682724
0.05,0.0005,2,0.1,0,VM,0.0,0.0
0.05,0.0005,2,0.1,0,Other,0.00449049412322573,0.06951670025924664
0.05,0.0005,2,0.1,1,PMEC,0.011973183254378753,0.06863020259893675
0.05,0.0005,2,0.1,1,VM,0.0,0.0
0.05,0.0005,2,0.1,1,Other,0.004834390523441709,0.06906029562462081
0.05,0.0005,2,0.1,2,PMEC,0.013053358561492789,0.06849268614660957
0.05,0.0005,2,0.1,2,VM,0.0,0.0
0.05,0.0005,2,0.1,2,Other,0.005678729638294618,0.06960001278437922
0.05,0.001,0.75,0.001,0,PMEC,0.05155086071033381,0.05190538815711821
0.05,0.001,0.75,0.001,0,VM,0.0,0.0
0.05,0.001,0.75,0.001,0,Other,0.03932304616369174,0.04014038114344985
0.05,0.001,0.75,0.001,1,PMEC,0.05140689785747434,0.051778048257627995
0.05,0.001,0.75,0.001,1,VM,0.0,0.0
0.05,0.001,0.75,0.001,1,Other,0.03967510875292625,0.04053358564444844
0.05,0.001,0.75,0.001,2,PMEC,0.05156846035616236,0.051916355301550816
0.05,0.001,0.75,0.001,2,VM,0.0,0.0
0.05,0.001,0.75,0.001,2,Other,0.0392390185593561,0.04009774141774364
0.05,0.001,0.75,0.005,0,PMEC,0.050202627939373426,0.05124773176671555
0.05,0.001,0.75,0.005,0,VM,0.0,0.0
0.05,0.001,0.75,0.005,0,Other,0.03209239332638247,0.03528992787385338
0.05,0.001,0.75,0.005,1,PMEC,0.05130190198971059,0.05209534993248489
0.05,0.001,0.75,0.005,1,VM,0.0,0.0
0.05,0.001,0.75,0.005,1,Other,0.03180841895874537,0.03500034295443571
0.05,0.001,0.75,0.005,2,PMEC,0.05013168830014371,0.05134345659119913
0.05,0.001,0.75,0.005,2,VM,0.0,0.0
0.05,0.001,0.75,0.005,2,Other,0.031019636377494806,0.034632748270059015
0.05,0.001,0.75,0.01,0,PMEC,0.04734625990567731,0.050547261700897246
0.05,0.001,0.75,0.01,0,VM,0.0,0.0
0.05,0.001,0.75,0.01,0,Other,0.020962897711602112,0.032696514562554145
0.05,0.001,0.75,0.01,1,PMEC,0.044485876380174476,0.048901681755126776
0.05,0.001,0.75,0.01,1,VM,0.0,0.0
0.05,0.001,0.75,0.01,1,Other,0.022534607760998873,0.03331224560017294
0.05,0.001,0.75,0.01,2,PMEC,0.04512305096737392,0.04894485634563858
0.05,0.001,0.75,0.01,2,VM,0.0,0.0
0.05,0.001,0.75,0.01,2,Other,0.022188578644831064,0.0325679484992966
0.05,0.001,0.75,0.05,0,PMEC,0.023670595960962028,0.04893899252540934
0.05,0.001,0.75,0.05,0,VM,0.0,0.0
0.05,0.001,0.75,0.05,0,Other,0.006172478776356974,0.04618453884532578
0.05,0.001,0.75,0.05,1,PMEC,0.022281837191849386,0.0487608457208566
0.05,0.001,0.75,0.05,1,VM,0.0,0.0
0.05,0.001,0.75,0.05,1,Other,0.005528128028328441,0.04629459573520913
0.05,0.001,0.75,0.05,2,PMEC,0.02234555952060291,0.048930382504763
0.05,0.001,0.75,0.05,2,VM,0.0,0.0
0.05,0.001,0.75,0.05,2,Other,0.005661909860349793,0.04640629631169849
0.05,0.001,0.75,0.1,0,PMEC,0.012434281291334753,0.06825965826534637
0.05,0.001,0.75,0.1,0,VM,0.0,0.0
0.05,0.001,0.75,0.1,0,Other,0.004751579300669615,0.0694357774380901
0.05,0.001,0.75,0.1,1,PMEC,0.011194028740200987,0.06869403989973993
0.05,0.001,0.75,0.1,1,VM,0.0,0.0
0.05,0.001,0.75,0.1,1,Other,0.0052450270538448775,0.06966848587207879
0.05,0.001,0.75,0.1,2,PMEC,0.012383953819223326,0.06865215068194899
0.05,0.001,0.75,0.1,2,VM,0.0,0.0
0.05,0.001,0.75,0.1,2,Other,0.004956689560417581,0.0694607922893307
0.05,0.001,1,0.001,0,PMEC,0.05114779441463948,0.051535722800120864
0.05,0.001,1,0.001,0,VM,0.0,0.0
0.05,0.001,1,0.001,0,Other,0.03994789221534439,0.040832357260566894
0.05,0.001,1,0.001,1,PMEC,0.05150656281555475,0.05187802689695289
0.05,0.001,1,0.001,1,VM,0.0,0.0
0.05,0.001,1,0.001,1,Other,0.039814666761774725,0.040669201906756644
0.05,0.001,1,0.001,2,PMEC,0.05123690747903636,0.05165639043449848
0.05,0.001,1,0.001,2,VM,0.0,0.0
0.05,0.001,1,0.001,2,Other,0.039271841196911995,0.04010061760164893
0.05,0.001,1,0.005,0,PMEC,0.05072306050487244,0.051726445708158604
0.05,0.001,1,0.005,0,VM,0.0,0.0
0.05,0.001,1,0.005,0,Other,0.031282735295121676,0.034944843294381606
0.05,0.001,1,0.005,1,PMEC,0.05065283264183084,0.05162902207297119
0.05,0.001,1,0.005,1,VM,0.0,0.0
0.05,0.001,1,0.005,1,Other,0.0309178873924205,0.034402459359000576
0.05,0.001,1,0.005,2,PMEC,0.05077923155504166,0.05171090535639959
0.05,0.001,1,0.005,2,VM,0.0,0.0
0.05,0.001,1,0.005,2,Other,0.03185525900164784,0.03521784938250206
0.05,0.001,1,0.01,0,PMEC,0.047631653837307324,0.050688903815527375
0.05,0.001,1,0.01,0,VM,0.0,0.0
0.05,0.001,1,0.01,0,Other,0.022318914025163863,0.032743470491276884
0.05,0.001,1,0.01,1,PMEC,0.046966341039840445,0.050350507458924644
0.05,0.001,1,0.01,1,VM,0.0,0.0
0.05,0.001,1,0.01,1,Other,0.02230571501860267,0.033274097075122154
0.05,0.001,1,0.01,2,PMEC,0.04624692558444793,0.049715709663872586
0.05,0.001,1,0.01,2,VM,0.0,0.0
0.05,0.001,1,0.01,2,Other,0.022259890516743007,0.032677361744298465
0.05,0.001,1,0.05,0,PMEC,0.02336807274799547,0.04871437053985449
0.05,0.001,1,0.05,0,VM,0.0,0.0
0.05,0.001,1,0.05,0,Other,0.006953804461219655,0.046279290661624436
0.05,0.001,1,0.05,1,PMEC,0.023967311292948747,0.04890310222598676
0.05,0.001,1,0.05,1,VM,0.0,0.0
0.05,0.001,1,0.05,1,Other,0.006240626209878984,0.04606510368979278
0.05,0.001,1,0.05,2,PMEC,0.02334607381199556,0.04897269704248116
0.05,0.001,1,0.05,2,VM,0.0,0.0
0.05,0.001,1,0.05,2,Other,0.006466929594649904,0.04616912833738483
0.05,0.001,1,0.1,0,PMEC,0.012769143858610797,0.06879109448864174
0.05,0.001,1,0.1,0,VM,0.0,0.0
0.05,0.001,1,0.1,0,Other,0.005095089416152812,0.0692690784115895
0.05,0.001,1,0.1,1,PMEC,0.011689902349650071,0.06849032500034305
0.05,0.001,1,0.1,1,VM,0.0,0.0
0.05,0.001,1,0.1,1,Other,0.005256131340054486,0.0695176924561432
0.05,0.001,1,0.1,2,PMEC,0.012441744749257532,0.06882551838315613
0.05,0.001,1,0.1,2,VM,0.0,0.0
0.05,0.001,1,0.1,2,Other,0.005218493324858724,0.06956584906442378
0.05,0.001,1.5,0.001,0,PMEC,0.051116255309459,0.05155289506505496
0.05,0.001,1.5,0.001,0,VM,0.0,0.0
0.05,0.001,1.5,0.001,0,Other,0.03916934329293219,0.04006943244404069
0.05,0.001,1.5,0.001,1,PMEC,0.05106808135544682,0.051463605181455555
0.05,0.001,1.5,0.001,1,VM,0.0,0.0
0.05,0.001,1.5,0.001,1,Other,0.039657989301815244,0.040490084167487866
0.05,0.001,1.5,0.001,2,PMEC,0.051493080420784716,0.05191995877511997
0.05,0.001,1.5,0.001,2,VM,0.0,0.0
0.05,0.001,1.5,0.001,2,Other,0.03986575120043905,0.040735463888790555
0.05,0.001,1.5,0.005,0,PMEC,0.05005491339079654,0.05124540984517926
0.05,0.001,1.5,0.005,0,VM,0.0,0.0
0.05,0.001,1.5,0.005,0,Other,0.030702990868143112,0.034450370951355086
0.05,0.001,1.5,0.005,1,PMEC,0.0501379876110687,0.051369916958019846
0.05,0.001,1.5,0.005,1,VM,0.0,0.0
0.05,0.001,1.5,0.005,1,Other,0.0318109631538043,0.03522524419263566
0.05,0.001,1.5,0.005,2,PMEC,0.050022626426512624,0.05130904655460684
0.05,0.001,1.5,0.005,2,VM,0.0,0.0
0.05,0.001,1.5,0.005,2,Other,0.03164959600807578,0.03490915879942526
0.05,0.001,1.5,0.01,0,PMEC,0.04663625943097276,0.049743896092578406
0.05,0.001,1.5,0.01,0,VM,0.0,0.0
0.05,0.001,1.5,0.01,0,Other,0.021656213806072133,0.032993463610348155
0.05,0.001,1.5,0.01,1,PMEC,0.045282695898898835,0.049268280005305504
0.05,0.001,1.5,0.01,1,VM,0.0,0.0
0.05,0.001,1.5,0.01,1,Other,0.02127213387538859,0.03284403923651304
0.05,0.001,1.5,0.01,2,PMEC,0.047500518097387714,0.050344782819476026
0.05,0.001,1.5,0.01,2,VM,0.0,0.0
0.05,0.001,1.5,0.01,2,Other,0.02170965876528448,0.032823699660944096
0.05,0.001,1.5,0.05,0,PMEC,0.022958174250170753,0.048600252775610586
0.05,0.001,1.5,0.05,0,VM,0.0,0.0
0.05,0.001,1.5,0.05,0,Other,0.006802001636486535,0.04630027556455829
0.05,0.001,1.5,0.05,1,PMEC,0.02390606847829085,0.048938478864859816
0.05,0.001,1.5,0.05,1,VM,0.0,0.0
0.05,0.001,1.5,0.05,1,Other,0.006742116907227721,0.04650683785388436
0.05,0.001,1.5,0.05,2,PMEC,0.02394711772141418,0.04897488706339772
0.05,0.001,1.5,0.05,2,VM,0.0,0.0
0.05,0.001,1.5,0.05,2,Other,0.006560423297759851,0.04631584974135793
0.05,0.001,1.5,0.1,0,PMEC,0.009530596350938933,0.08354085696790169
0.05,0.001,1.5,0.1,0,VM,0.0,0.0
0.05,0.001,1.5,0.1,0,Other,0.006649995914958042,0.09116604565724004
0.05,0.001,1.5,0.1,1,PMEC,0.011433549381507667,0.06832919678161176
0.05,0.001,1.5,0.1,1,VM,0.0,0.0
0.05,0.001,1.5,0.1,1,Other,0.004623830745024409,0.06953072003365571
0.05,0.001,1.5,0.1,2,PMEC,0.013092774674077183,0.06843722211771434
0.05,0.001,1.5,0.1,2,VM,0.0,0.0
0.05,0.001,1.5,0.1,2,Other,0.0052536533290231035,0.0690803208743411
0.05,0.001,2,0.001,0,PMEC,0.05093910127717478,0.05138494029095637
0.05,0.001,2,0.001,0,VM,0.0,0.0
0.05,0.001,2,0.001,0,Other,0.039884010368890034,0.04076423721636446
0.05,0.001,2,0.001,1,PMEC,0.05067727733741513,0.051142555804729706
0.05,0.001,2,0.001,1,VM,0.0,0.0
0.05,0.001,2,0.001,1,Other,0.039022399635760104,0.03994295778444555
0.05,0.001,2,0.001,2,PMEC,0.050833996538512366,0.05132770355932777
0.05,0.001,2,0.001,2,VM,0.0,0.0
0.05,0.001,2,0.001,2,Other,0.04024520744414853,0.041054914898131754
0.05,0.001,2,0.005,0,PMEC,0.05042456765945253,0.05156892237637621
0.05,0.001,2,0.005,0,VM,0.0,0.0
0.05,0.001,2,0.005,0,Other,0.03212198427307817,0.035194130506934006
0.05,0.001,2,0.005,1,PMEC,0.05044233356954624,0.05149971299080359
0.05,0.001,2,0.005,1,VM,0.0,0.0
0.05,0.001,2,0.005,1,Other,0.031217640307763302,0.03452502417977835
0.05,0.001,2,0.005,2,PMEC,0.051083506947590195,0.052022376554292295
0.05,0.001,2,0.005,2,VM,0.0,0.0
0.05,0.001,2,0.005,2,Other,0.03211809795152571,0.03532882497277763
0.05,0.001,2,0.01,0,PMEC,0.04497988225584589,0.04866748551424942
0.05,0.001,2,0.01,0,VM,0.0,0.0
0.05,0.001,2,0.01,0,Other,0.0205030073028114,0.032338767878067824
0.05,0.001,2,0.01,1,PMEC,0.04452836118000335,0.04902394564908286
0.05,0.001,2,0.01,1,VM,0.0,0.0
0.05,0.001,2,0.01,1,Other,0.020396567143172877,0.03177607755016149
0.05,0.001,2,0.01,2,PMEC,0.045724373470935956,0.04999167380920349
0.05,0.001,2,0.01,2,VM,0.0,0.0
0.05,0.001,2,0.01,2,Other,0.022513710706616466,0.03276683956099219
0.05,0.001,2,0.05,0,PMEC,0.02268792354303667,0.04915485641910291
0.05,0.001,2,0.05,0,VM,0.0,0.0
0.05,0.001,2,0.05,0,Other,0.00709971564608478,0.04619734116769862
0.05,0.001,2,0.05,1,PMEC,0.02276057447250025,0.049070233324315635
0.05,0.001,2,0.05,1,VM,0.0,0.0
0.05,0.001,2,0.05,1,Other,0.0067175179743925294,0.04620995892972327
0.05,0.001,2,0.05,2,PMEC,0.023447627835238436,0.0487220777470819
0.05,0.001,2,0.05,2,VM,0.0,0.0
0.05,0.001,2,0.05,2,Other,0.006187110822197257,0.0461718950585953
0.05,0.001,2,0.1,0,PMEC,0.011958047724708414,0.06895210709907809
0.05,0.001,2,0.1,0,VM,0.0,0.0
0.05,0.001,2,0.1,0,Other,0.004849071809640636,0.06944652869889167
0.05,0.001,2,0.1,1,PMEC,0.012423122624486208,0.06832347469296822
0.05,0.001,2,0.1,1,VM,0.0,0.0
0.05,0.001,2,0.1,1,Other,0.004677045528310667,0.06894589683260274
0.05,0.001,2,0.1,2,PMEC,0.011205958914204334,0.06820101954539536
0.05,0.001,2,0.1,2,VM,0.0,0.0
0.05,0.001,2,0.1,2,Other,0.004908879798925582,0.0695572708624837
0.05,0.005,0.75,0.001,0,PMEC,0.049702592071908726,0.050336183971559534
0.05,0.005,0.75,0.001,0,VM,0.0,0.0
0.05,0.005,0.75,0.001,0,Other,0.03954364361505832,0.04051991972115496
0.05,0.005,0.75,0.001,1,PMEC,0.04926878724932878,0.05003018030693548
0.05,0.005,0.75,0.001,1,VM,0.0,0.0
0.05,0.005,0.75,0.001,1,Other,0.0399392504735193,0.040883246254244436
0.05,0.005,0.75,0.001,2,PMEC,0.04992508783627456,0.0506521693867127
0.05,0.005,0.75,0.001,2,VM,0.0,0.0
0.05,0.005,0.75,0.001,2,Other,0.03953804986197003,0.04054334808627934
0.05,0.005,0.75,0.005,0,PMEC,0.049873841189724814,0.05127033425987162
0.05,0.005,0.75,0.005,0,VM,0.0,0.0
0.05,0.005,0.75,0.005,0,Other,0.031131200275935328,0.034978398184643614
0.05,0.005,0.75,0.005,1,PMEC,0.05043410973166377,0.051793336335040394
0.05,0.005,0.75,0.005,1,VM,0.0,0.0
0.05,0.005,0.75,0.005,1,Other,0.031044394218773336,0.03447146616473929
0.05,0.005,0.75,0.005,2,PMEC,0.04909634357645648,0.05058277028125142
0.05,0.005,0.75,0.005,2,VM,0.0,0.0
0.05,0.005,0.75,0.005,2,Other,0.031273844668702776,0.034802612459928425
0.05,0.005,0.75,0.01,0,PMEC,0.045178434723703954,0.04979089267479805
0.05,0.005,0.75,0.01,0,VM,0.0,0.0
0.05,0.005,0.75,0.01,0,Other,0.020537591110205596,0.032255401322415604
0.05,0.005,0.75,0.01,1,PMEC,0.04580689978203324,0.04945816249016693
0.05,0.005,0.75,0.01,1,VM,0.0,0.0
0.05,0.005,0.75,0.01,1,Other,0.02177459872928386,0.033241169872548416
0.05,0.005,0.75,0.01,2,PMEC,0.04706704730094135,0.05081238968965639
0.05,0.005,0.75,0.01,2,VM,0.0,0.0
0.05,0.005,0.75,0.01,2,Other,0.021957243220220232,0.032653999640079145
0.05,0.005,0.75,0.05,0,PMEC,0.02187658265569025,0.04882055088501067
0.05,0.005,0.75,0.05,0,VM,0.0,0.0
0.05,0.005,0.75,0.05,0,Other,0.005988093352120431,0.04613183802477699
0.05,0.005,0.75,0.05,1,PMEC,0.021652399172723876,0.04843677536304105
0.05,0.005,0.75,0.05,1,VM,0.0,0.0
0.05,0.005,0.75,0.05,1,Other,0.0066962378550554655,0.04622217531604543
0.05,0.005,0.75,0.05,2,PMEC,0.021872881368603134,0.04862314744041658
0.05,0.005,0.75,0.05,2,VM,0.0,0.0
0.05,0.005,0.75,0.05,2,Other,0.006822407060350721,0.04626666336267492
0.05,0.005,0.75,0.1,0,PMEC,0.012184960005817284,0.06875352760388767
0.05,0.005,0.75,0.1,0,VM,0.0,0.0
0.05,0.005,0.75,0.1,0,Other,0.004624921454014701,0.06954493688969143
0.05,0.005,0.75,0.1,1,PMEC,0.010559773996281878,0.06865373912866869
0.05,0.005,0.75,0.1,1,VM,0.0,0.0
0.05,0.005,0.75,0.1,1,Other,0.005336487366752122,0.0694882378107622
0.05,0.005,0.75,0.1,2,PMEC,0.011535297003461415,0.06846634842132449
0.05,0.005,0.75,0.1,2,VM,0.0,0.0
0.05,0.005,0.75,0.1,2,Other,0.005121637228604159,0.06948287738555593
0.05,0.005,1,0.001,0,PMEC,0.0494007365090196,0.050223238523835555
0.05,0.005,1,0.001,0,VM,0.0,0.0
0.05,0.005,1,0.001,0,Other,0.03927159130499785,0.04037512263355682
0.05,0.005,1,0.001,1,PMEC,0.04770726822822567,0.04874279163514538
0.05,0.005,1,0.001,1,VM,0.0,0.0
0.05,0.005,1,0.001,1,Other,0.03811529834160763,0.03932095894906499
0.05,0.005,1,0.001,2,PMEC,0.048865325150548214,0.04981437572271898
0.05,0.005,1,0.001,2,VM,0.0,0.0
0.05,0.005,1,0.001,2,Other,0.0381460750725093,0.039336244106127544
0.05,0.005,1,0.005,0,PMEC,0.04871245500432751,0.0503255691043598
0.05,0.005,1,0.005,0,VM,0.0,0.0
0.05,0.005,1,0.005,0,Other,0.031117467609329267,0.03447262527769491
0.05,0.005,1,0.005,1,PMEC,0.0490862125709012,0.05069603520247387
0.05,0.005,1,0.005,1,VM,0.0,0.0
0.05,0.005,1,0.005,1,Other,0.03199791487837586,0.03528526516187483
0.05,0.005,1,0.005,2,PMEC,0.04852149338482932,0.05027426932792538
0.05,0.005,1,0.005,2,VM,0.0,0.0
0.05,0.005,1,0.005,2,Other,0.030949903928110867,0.03441227404200095
0.05,0.005,1,0.01,0,PMEC,0.04599501316777096,0.04948154116644795
0.05,0.005,1,0.01,0,VM,0.0,0.0
0.05,0.005,1,0.01,0,Other,0.020644244188604013,0.03228809393603043
0.05,0.005,1,0.01,1,PMEC,0.045173089169406135,0.04938784271878526
0.05,0.005,1,0.01,1,VM,0.0,0.0
0.05,0.005,1,0.01,1,Other,0.02040205468916254,0.032626861672842206
0.05,0.005,1,0.01,2,PMEC,0.042695609947359034,0.04809854896353206
0.05,0.005,1,0.01,2,VM,0.0,0.0
0.05,0.005,1,0.01,2,Other,0.021167813623317655,0.032512442064114515
0.05,0.005,1,0.05,0,PMEC,0.022178744583337604,0.04862998869231974
0.05,0.005,1,0.05,0,VM,0.0,0.0
0.05,0.005,1,0.05,0,Other,0.006971970324618711,0.04605418783026363
0.05,0.005,1,0.05,1,PMEC,0.022581703233971538,0.048941913329163644
0.05,0.005,1,0.05,1,VM,0.0,0.0
0.05,0.005,1,0.05,1,Other,0.00746452069906669,0.04616978396020616
0.05,0.005,1,0.05,2,PMEC,0.022237667872249133,0.04882089044691842
0.05,0.005,1,0.05,2,VM,0.0,0.0
0.05,0.005,1,0.05,2,Other,0.006407812768628394,0.04616200153707549
0.05,0.005,1,0.1,0,PMEC,0.01050062184823727,0.06834789203867916
0.05,0.005,1,0.1,0,VM,0.0,0.0
0.05,0.005,1,0.1,0,Other,0.00485137847024176,0.0694751349806315
0.05,0.005,1,0.1,1,PMEC,0.011487834002398098,0.06877911874503735
0.05,0.005,1,0.1,1,VM,0.0,0.0
0.05,0.005,1,0.1,1,Other,0.0052422350897414335,0.06936489262077551
0.05,0.005,1,0.1,2,PMEC,0.01155859003266452,0.06846454193553488
0.05,0.005,1,0.1,2,VM,0.0,0.0
0.05,0.005,1,0.1,2,Other,0.004452328940441623,0.06947723684043307
0.05,0.005,1.5,0.001,0,PMEC,0.04884993618244754,0.04998219756652583
0.05,0.005,1.5,0.001,0,VM,0.0,0.0
0.05,0.005,1.5,0.001,0,Other,0.038830504011001916,0.040208277339175376
0.05,0.005,1.5,0.001,1,PMEC,0.048703945679430816,0.04983456123361356
0.05,0.005,1.5,0.001,1,VM,0.0,0.0
0.05,0.005,1.5,0.001,1,Other,0.03910204451917985,0.04039604642481092
0.05,0.005,1.5,0.001,2,PMEC,0.04807349615240999,0.04914155348031506
0.05,0.005,1.5,0.001,2,VM,0.0,0.0
0.05,0.005,1.5,0.001,2,Other,0.03874819718931105,0.04001925684031163
0.05,0.005,1.5,0.005,0,PMEC,0.04496776975353837,0.048102363909584
0.05,0.005,1.5,0.005,0,VM,0.0,0.0
0.05,0.005,1.5,0.005,0,Other,0.02879237194841488,0.03311874367315337
0.05,0.005,1.5,0.005,1,PMEC,0.04724510166260237,0.04910139996423322
0.05,0.005,1.5,0.005,1,VM,0.0,0.0
0.05,0.005,1.5,0.005,1,Other,0.03206992561005913,0.03548881316130343
0.05,0.005,1.5,0.005,2,PMEC,0.04746364612268187,0.04958685381884377
0.05,0.005,1.5,0.005,2,VM,0.0,0.0
0.05,0.005,1.5,0.005,2,Other,0.03044983120914173,0.03421213485802147
0.05,0.005,1.5,0.01,0,PMEC,0.04845035508163551,0.051311340178138126
0.05,0.005,1.5,0.01,0,VM,0.0,0.0
0.05,0.005,1.5,0.01,0,Other,0.022496633180826724,0.0332959963854593
0.05,0.005,1.5,0.01,1,PMEC,0.04651559777134557,0.050283303660973125
0.05,0.005,1.5,0.01,1,VM,0.0,0.0
0.05,0.005,1.5,0.01,1,Other,0.02173429150827139,0.03265200650080411
0.05,0.005,1.5,0.01,2,PMEC,0.044431152689895725,0.048860699851333685
0.05,0.005,1.5,0.01,2,VM,0.0,0.0
0.05,0.005,1.5,0.01,2,Other,0.020957002910924716,0.03277548540316317
0.05,0.005,1.5,0.05,0,PMEC,0.021603672061390286,0.04871925303943507
0.05,0.005,1.5,0.05,0,VM,0.0,0.0
0.05,0.005,1.5,0.05,0,Other,0.006288504524468578,0.04619371269089834
0.05,0.005,1.5,0.05,1,PMEC,0.021382709931400908,0.04871535742511853
0.05,0.005,1.5,0.05,1,VM,0.0,0.0
0.05,0.005,1.5,0.05,1,Other,0.006334001127826261,0.04602124574328411
0.05,0.005,1.5,0.05,2,PMEC,0.021891444264895782,0.04876767832034579
0.05,0.005,1.5,0.05,2,VM,0.0,0.0
0.05,0.005,1.5,0.05,2,Other,0.007199453892632118,0.046251602470766935
0.05,0.005,1.5,0.1,0,PMEC,0.01273882111060169,0.06872823788933001
0.05,0.005,1.5,0.1,0,VM,0.0,0.0
0.05,0.005,1.5,0.1,0,Other,0.005393119359591932,0.06915790583834222
0.05,0.005,1.5,0.1,1,PMEC,0.010875097752630335,0.06882972112117651
0.05,0.005,1.5,0.1,1,VM,0.0,0.0
0.05,0.005,1.5,0.1,1,Other,0.004714071847936203,0.0698367476251205
0.05,0.005,1.5,0.1,2,PMEC,0.010898807435044077,0.06876861758775547
0.05,0.005,1.5,0.1,2,VM,0.0,0.0
0.05,0.005,1.5,0.1,2,Other,0.005174115680046997,0.06965880413924805
0.05,0.005,2,0.001,0,PMEC,0.04561758375593691,0.04770142274151474
0.05,0.005,2,0.001,0,VM,0.0,0.0
0.05,0.005,2,0.001,0,Other,0.03548421519485885,0.03750082270441859
0.05,0.005,2,0.001,1,PMEC,0.045810032572909144,0.04820783085192269
0.05,0.005,2,0.001,1,VM,0.0,0.0
0.05,0.005,2,0.001,1,Other,0.03350217347670749,0.035772014088809506
0.05,0.005,2,0.001,2,PMEC,0.047516417398555104,0.04912060640996216
0.05,0.005,2,0.001,2,VM,0.0,0.0
0.05,0.005,2,0.001,2,Other,0.03765630398846111,0.039233427863462116
0.05,0.005,2,0.005,0,PMEC,0.04561533048552241,0.04837481332732835
0.05,0.005,2,0.005,0,VM,0.0,0.0
0.05,0.005,2,0.005,0,Other,0.029947293026790008,0.034078489423505644
0.05,0.005,2,0.005,1,PMEC,0.043788104811189735,0.047293953080653754
0.05,0.005,2,0.005,1,VM,0.0,0.0
0.05,0.005,2,0.005,1,Other,0.028310417640597794,0.033277131209709314
0.05,0.005,2,0.005,2,PMEC,0.04531284042964016,0.04828589167327059
0.05,0.005,2,0.005,2,VM,0.0,0.0
0.05,0.005,2,0.005,2,Other,0.02961980730246618,0.033733342342762165
0.05,0.005,2,0.01,0,PMEC,0.04694003271585662,0.05052251377300502
0.05,0.005,2,0.01,0,VM,0.0,0.0
0.05,0.005,2,0.01,0,Other,0.021373942428809595,0.03265503172349278
0.05,0.005,2,0.01,1,PMEC,0.04256629186652341,0.04751617977910428
0.05,0.005,2,0.01,1,VM,0.0,0.0
0.05,0.005,2,0.01,1,Other,0.020763232402699918,0.03222527055699773
0.05,0.005,2,0.01,2,PMEC,0.045230107919179835,0.04960602407941222
0.05,0.005,2,0.01,2,VM,0.0,0.0
0.05,0.005,2,0.01,2,Other,0.021619056271697676,0.0326910066695589
0.05,0.005,2,0.05,0,PMEC,0.023832213867984717,0.0490806742768082
0.05,0.005,2,0.05,0,VM,0.0,0.0
0.05,0.005,2,0.05,0,Other,0.006067111136581392,0.04614409602635518
0.05,0.005,2,0.05,1,PMEC,0.022218111267947205,0.04839967202244434
0.05,0.005,2,0.05,1,VM,0.0,0.0
0.05,0.005,2,0.05,1,Other,0.005839621777586161,0.04615773455585649
0.05,0.005,2,0.05,2,PMEC,0.02084051644127634,0.048347041038674717
0.05,0.005,2,0.05,2,VM,0.0,0.0
0.05,0.005,2,0.05,2,Other,0.0068935560894412985,0.04620059267483196
0.05,0.005,2,0.1,0,PMEC,0.012392440213046375,0.06856983811953642
0.05,0.005,2,0.1,0,VM,0.0,0.0
0.05,0.005,2,0.1,0,Other,0.004699221607116755,0.06914681857473706
0.05,0.005,2,0.1,1,PMEC,0.011893809102170751,0.06865204180161902
0.05,0.005,2,0.1,1,VM,0.0,0.0
0.05,0.005,2,0.1,1,Other,0.005059180349611358,0.06955197765044178
0.05,0.005,2,0.1,2,PMEC,0.011735595276170394,0.06895823133619776
0.05,0.005,2,0.1,2,VM,0.0,0.0
0.05,0.005,2,0.1,2,Other,0.0046136288008803514,0.0696220417287153
0.05,0.01,0.75,0.001,0,PMEC,0.04807262299855098,0.04927460881268701
0.05,0.01,0.75,0.001,0,VM,0.0,0.0
0.05,0.01,0.75,0.001,0,Other,0.037298290221687125,0.03881495407333989
0.05,0.01,0.75,0.001,1,PMEC,0.046652065444961435,0.04804426589449958
0.05,0.01,0.75,0.001,1,VM,0.0,0.0
0.05,0.01,0.75,0.001,1,Other,0.03658505834833008,0.03814466999958333
0.05,0.01,0.75,0.001,2,PMEC,0.0482083645375923,0.04955404086329114
0.05,0.01,0.75,0.001,2,VM,0.0,0.0
0.05,0.01,0.75,0.001,2,Other,0.038603901441015956,0.03999018665447131
0.05,0.01,0.75,0.005,0,PMEC,0.04536777462988519,0.04777443320857406
0.05,0.01,0.75,0.005,0,VM,0.0,0.0
0.05,0.01,0.75,0.005,0,Other,0.03042134931421344,0.034021157995032004
0.05,0.01,0.75,0.005,1,PMEC,0.04916278206747006,0.050779494062371144
0.05,0.01,0.75,0.005,1,VM,0.0,0.0
0.05,0.01,0.75,0.005,1,Other,0.03182081848024733,0.0352367236969228
0.05,0.01,0.75,0.005,2,PMEC,0.045890650362829404,0.048442556005689065
0.05,0.01,0.75,0.005,2,VM,0.0,0.0
0.05,0.01,0.75,0.005,2,Other,0.029157840961636473,0.03364523599886918
0.05,0.01,0.75,0.01,0,PMEC,0.04166876849986217,0.04722320333889448
0.05,0.01,0.75,0.01,0,VM,0.0,0.0
0.05,0.01,0.75,0.01,0,Other,0.021614938055874545,0.03278817606369178
0.05,0.01,0.75,0.01,1,PMEC,0.04347461731739172,0.048074285839655104
0.05,0.01,0.75,0.01,1,VM,0.0,0.0
0.05,0.01,0.75,0.01,1,Other,0.021100622654637177,0.03245456550266853
0.05,0.01,0.75,0.01,2,PMEC,0.04613132440034939,0.05005128231443679
0.05,0.01,0.75,0.01,2,VM,0.0,0.0
0.05,0.01,0.75,0.01,2,Other,0.021818445203884044,0.03304692788774695
0.05,0.01,0.75,0.05,0,PMEC,0.023576761083393807,0.04924865478418669
0.05,0.01,0.75,0.05,0,VM,0.0,0.0
0.05,0.01,0.75,0.05,0,Other,0.00593595325142898,0.04639016091112095
0.05,0.01,0.75,0.05,1,PMEC,0.021342638129818268,0.04860490647100865
0.05,0.01,0.75,0.05,1,VM,0.0,0.0
0.05,0.01,0.75,0.05,1,Other,0.006292586739052851,0.046025050101009386
0.05,0.01,0.75,0.05,2,PMEC,0.022863030965799277,0.048945339386061326
0.05,0.01,0.75,0.05,2,VM,0.0,0.0
0.05,0.01,0.75,0.05,2,Other,0.006921327328404191,0.04622024471216333
0.05,0.01,0.75,0.1,0,PMEC,0.009489980090036045,0.06836928565758985
0.05,0.01,0.75,0.1,0,VM,0.0,0.0
0.05,0.01,0.75,0.1,0,Other,0.005270839225763916,0.06947334068382294
0.05,0.01,0.75,0.1,1,PMEC,0.011475480334951854,0.06854112985149723
0.05,0.01,0.75,0.1,1,VM,0.0,0.0
0.05,0.01,0.75,0.1,1,Other,0.005205625406300128,0.06908793324323356
0.05,0.01,0.75,0.1,2,PMEC,0.010382473373552475,0.06874133744068174
0.05,0.01,0.75,0.1,2,VM,0.0,0.0
0.05,0.01,0.75,0.1,2,Other,0.004787806880723926,0.06962679159737352
0.05,0.01,1,0.001,0,PMEC,0.047913644412283504,0.049727193720329
0.05,0.01,1,0.001,0,VM,0.0,0.0
0.05,0.01,1,0.001,0,Other,0.03719046344369572,0.03877668643236053
0.05,0.01,1,0.001,1,PMEC,0.0480208330693101,0.049803686567513945
0.05,0.01,1,0.001,1,VM,0.0,0.0
0.05,0.01,1,0.001,1,Other,0.03819310891998367,0.039775338802873796
0.05,0.01,1,0.001,2,PMEC,0.04666963710114382,0.0486460192128496
0.05,0.01,1,0.001,2,VM,0.0,0.0
0.05,0.01,1,0.001,2,Other,0.036514028658777634,0.038331122650865426
0.05,0.01,1,0.005,0,PMEC,0.04481201228927525,0.04799357120117008
0.05,0.01,1,0.005,0,VM,0.0,0.0
0.05,0.01,1,0.005,0,Other,0.02934860902052705,0.03394442376507576
0.05,0.01,1,0.005,1,PMEC,0.045455942977614655,0.048733416007954666
0.05,0.01,1,0.005,1,VM,0.0,0.0
0.05,0.01,1,0.005,1,Other,0.02906419212116085,0.03354551491512523
0.05,0.01,1,0.005,2,PMEC,0.044971413150242036,0.048372379377027076
0.05,0.01,1,0.005,2,VM,0.0,0.0
0.05,0.01,1,0.005,2,Other,0.027809911073520262,0.032629232184527
0.05,0.01,1,0.01,0,PMEC,0.04349084252143128,0.04809746418009249
0.05,0.01,1,0.01,0,VM,0.0,0.0
0.05,0.01,1,0.01,0,Other,0.022040185199253437,0.03290017388156544
0.05,0.01,1,0.01,1,PMEC,0.04558310478752796,0.049645193082353045
0.05,0.01,1,0.01,1,VM,0.0,0.0
0.05,0.01,1,0.01,1,Other,0.022281393476186823,0.0331933687709402
0.05,0.01,1,0.01,2,PMEC,0.04562574479747505,0.04929910855637507
0.05,0.01,1,0.01,2,VM,0.0,0.0
0.05,0.01,1,0.01,2,Other,0.02232905166032738,0.03280119088095704
0.05,0.01,1,0.05,0,PMEC,0.022923874860058157,0.04914528486094452
0.05,0.01,1,0.05,0,VM,0.0,0.0
0.05,0.01,1,0.05,0,Other,0.005691293311839591,0.04610974172692341
0.05,0.01,1,0.05,1,PMEC,0.021998012185925633,0.04866653308312896
0.05,0.01,1,0.05,1,VM,0.0,0.0
0.05,0.01,1,0.05,1,Other,0.006423629932981942,0.04640778697756261
0.05,0.01,1,0.05,2,PMEC,0.021778497482254876,0.0489671991799493
0.05,0.01,1,0.05,2,VM,0.0,0.0
0.05,0.01,1,0.05,2,Other,0.006604552200484992,0.04615484652093539
0.05,0.01,1,0.1,0,PMEC,0.011474207652772104,0.06904802263934393
0.05,0.01,1,0.1,0,VM,0.0,0.0
0.05,0.01,1,0.1,0,Other,0.005024104702237772,0.069352900376749
0.05,0.01,1,0.1,1,PMEC,0.011444577027862432,0.06922056395207468
0.05,0.01,1,0.1,1,VM,0.0,0.0
0.05,0.01,1,0.1,1,Other,0.004881271069937498,0.06973389796836525
0.05,0.01,1,0.1,2,PMEC,0.012134386672105242,0.06888747098259404
0.05,0.01,1,0.1,2,VM,0.0,0.0
0.05,0.01,1,0.1,2,Other,0.004338732997591651,0.06979547776134173
0.05,0.01,1.5,0.001,0,PMEC,0.045568072133660514,0.04806710213742711
0.05,0.01,1.5,0.001,0,VM,0.0,0.0
0.05,0.01,1.5,0.001,0,Other,0.037350464621062104,0.039294144866191
0.05,0.01,1.5,0.001,1,PMEC,0.04579983111389958,0.048625053451080855
0.05,0.01,1.5,0.001,1,VM,0.0,0.0
0.05,0.01,1.5,0.001,1,Other,0.03442209598592025,0.03688047718721405
0.05,0.01,1.5,0.001,2,PMEC,0.04264792562817409,0.046440478434571095
0.05,0.01,1.5,0.001,2,VM,0.0,0.0
0.05,0.01,1.5,0.001,2,Other,0.03061743200587138,0.034347680538284193
0.05,0.01,1.5,0.005,0,PMEC,0.045274566991824354,0.04933594050550502
0.05,0.01,1.5,0.005,0,VM,0.0,0.0
0.05,0.01,1.5,0.005,0,Other,0.02810602597392954,0.03315709208778651
0.05,0.01,1.5,0.005,1,PMEC,0.04361153560014694,0.04748528577610145
0.05,0.01,1.5,0.005,1,VM,0.0,0.0
0.05,0.01,1.5,0.005,1,Other,0.029339782059504365,0.0337758053334302
0.05,0.01,1.5,0.005,2,PMEC,0.04412793425111671,0.048311214092591884
0.05,0.01,1.5,0.005,2,VM,0.0,0.0
0.05,0.01,1.5,0.005,2,Other,0.029803935032217038,0.03451658585599842
0.05,0.01,1.5,0.01,0,PMEC,0.040746858928364216,0.0467125172306272
0.05,0.01,1.5,0.01,0,VM,0.0,0.0
0.05,0.01,1.5,0.01,0,Other,0.019844187154131526,0.03191899586111742
0.05,0.01,1.5,0.01,1,PMEC,0.04205047876862068,0.047462867115618264
0.05,0.01,1.5,0.01,1,VM,0.0,0.0
0.05,0.01,1.5,0.01,1,Other,0.021565983607181774,0.03289638343755724
0.05,0.01,1.5,0.01,2,PMEC,0.04494241614999063,0.049341449244142965
0.05,0.01,1.5,0.01,2,VM,0.0,0.0
0.05,0.01,1.5,0.01,2,Other,0.02156493957481942,0.03267519451243483
0.05,0.01,1.5,0.05,0,PMEC,0.021860641483954207,0.0485329986183888
0.05,0.01,1.5,0.05,0,VM,0.0,0.0
0.05,0.01,1.5,0.05,0,Other,0.005991067188378799,0.046086322798886276
0.05,0.01,1.5,0.05,1,PMEC,0.021627319271304075,0.049212670519964884
0.05,0.01,1.5,0.05,1,VM,0.0,0.0
0.05,0.01,1.5,0.05,1,Other,0.0058392567234304,0.046080603523379504
0.05,0.01,1.5,0.05,2,PMEC,0.023288315158001546,0.04884333618786315
0.05,0.01,1.5,0.05,2,VM,0.0,0.0
0.05,0.01,1.5,0.05,2,Other,0.006749386443355804,0.04654293671017532
0.05,0.01,1.5,0.1,0,PMEC,0.012064853680443811,0.0688362510492024
0.05,0.01,1.5,0.1,0,VM,0.0,0.0
0.05,0.01,1.5,0.1,0,Other,0.004665233799188302,0.06903391121343438
0.05,0.01,1.5,0.1,1,PMEC,0.01148225255120601,0.06944790014636881
0.05,0.01,1.5,0.1,1,VM,0.0,0.0
0.05,0.01,1.5,0.1,1,Other,0.004984667480599914,0.0694221451763395
0.05,0.01,1.5,0.1,2,PMEC,0.01117484214524451,0.06873399067584117
0.05,0.01,1.5,0.1,2,VM,0.0,0.0
0.05,0.01,1.5,0.1,2,Other,0.005643248885834929,0.06955349944590444
0.05,0.01,2,0.001,0,PMEC,0.04323164165393552,0.04717911000906039
0.05,0.01,2,0.001,0,VM,0.0,0.0
0.05,0.01,2,0.001,0,Other,0.032170425087079395,0.03553462330733726
0.05,0.01,2,0.001,1,PMEC,0.04139409557821077,0.046043782325819765
0.05,0.01,2,0.001,1,VM,0.0,0.0
0.05,0.01,2,0.001,1,Other,0.02986709439718804,0.033860070349202374
0.05,0.01,2,0.001,2,PMEC,0.04497622955139697,0.047478910369105586
0.05,0.01,2,0.001,2,VM,0.0,0.0
0.05,0.01,2,0.001,2,Other,0.03781275749003079,0.039955566337129524
0.05,0.01,2,0.005,0,PMEC,0.0408259062314291,0.04598286331541634
0.05,0.01,2,0.005,0,VM,0.0,0.0
0.05,0.01,2,0.005,0,Other,0.02636872131009405,0.03244996968763549
0.05,0.01,2,0.005,1,PMEC,0.03999211395836857,0.046042545549800515
0.05,0.01,2,0.005,1,VM,0.0,0.0
0.05,0.01,2,0.005,1,Other,0.027153135069065748,0.03316037116837333
0.05,0.01,2,0.005,2,PMEC,0.04115880662050012,0.04649977685264839
0.05,0.01,2,0.005,2,VM,0.0,0.0
0.05,0.01,2,0.005,2,Other,0.028342459671916186,0.0338092533082829
0.05,0.01,2,0.01,0,PMEC,0.041085631375088964,0.04746929100300239
0.05,0.01,2,0.01,0,VM,0.0,0.0
0.05,0.01,2,0.01,0,Other,0.021588031379252075,0.032872914305901384
0.05,0.01,2,0.01,1,PMEC,0.03931142764317554,0.046402607869583154
0.05,0.01,2,0.01,1,VM,0.0,0.0
0.05,0.01,2,0.01,1,Other,0.020694044619257015,0.03268696162699847
0.05,0.01,2,0.01,2,PMEC,0.04042111656339997,0.04745896741325234
0.05,0.01,2,0.01,2,VM,0.0,0.0
0.05,0.01,2,0.01,2,Other,0.0201885041817705,0.03305015015749544
0.05,0.01,2,0.05,0,PMEC,0.020345432498124934,0.048412145825927615
0.05,0.01,2,0.05,0,VM,0.0,0.0
0.05,0.01,2,0.05,0,Other,0.005739818872110219,0.04610309912162878
0.05,0.01,2,0.05,1,PMEC,0.021815327293309515,0.04901662597093585
0.05,0.01,2,0.05,1,VM,0.0,0.0
0.05,0.01,2,0.05,1,Other,0.005575177841623758,0.04594107726393651
0.05,0.01,2,0.05,2,PMEC,0.02055101367205407,0.04897801673650437
0.05,0.01,2,0.05,2,VM,0.0,0.0
0.05,0.01,2,0.05,2,Other,0.0061673780398672825,0.046013069831703717
0.05,0.01,2,0.1,0,PMEC,0.010759783043141916,0.06896821982406703
0.05,0.01,2,0.1,0,VM,0.0,0.0
0.05,0.01,2,0.1,0,Other,0.005008813247722454,0.06911100812120402
0.05,0.01,2,0.1,1,PMEC,0.011939024864095888,0.06872997169248579
0.05,0.01,2,0.1,1,VM,0.0,0.0
0.05,0.01,2,0.1,1,Other,0.00515933342488701,0.06951946958597091
0.05,0.01,2,0.1,2,PMEC,0.011413152529228374,0.06917942120382037
0.05,0.01,2,0.1,2,VM,0.0,0.0
0.05,0.01,2,0.1,2,Other,0.004522671880919234,0.0694957375058213
0.05,0.05,0.75,0.001,0,PMEC,0.03481811491466974,0.04207878755989007
0.05,0.05,0.75,0.001,0,VM,0.0,0.0
0.05,0.05,0.75,0.001,0,Other,0.028136434129710546,0.033578553197686566
0.05,0.05,0.75,0.001,1,PMEC,0.037205096240504505,0.04459357510874453
0.05,0.05,0.75,0.001,1,VM,0.0,0.0
0.05,0.05,0.75,0.001,1,Other,0.030862674755956148,0.03598035854140756
0.05,0.05,0.75,0.001,2,PMEC,0.034295256767823475,0.04301163931958999
0.05,0.05,0.75,0.001,2,VM,0.0,0.0
0.05,0.05,0.75,0.001,2,Other,0.030213515800115304,0.03635878491757438
0.05,0.05,0.75,0.005,0,PMEC,0.03342950287099911,0.04255867112219947
0.05,0.05,0.75,0.005,0,VM,0.0,0.0
0.05,0.05,0.75,0.005,0,Other,0.025698380892297736,0.03361618539354949
0.05,0.05,0.75,0.005,1,PMEC,0.03376980110785679,0.04306424614737113
0.05,0.05,0.75,0.005,1,VM,0.0,0.0
0.05,0.05,0.75,0.005,1,Other,0.024711769036208076,0.03329834103689773
0.05,0.05,0.75,0.005,2,PMEC,0.03122323026799656,0.04071406725896466
0.05,0.05,0.75,0.005,2,VM,0.0,0.0
0.05,0.05,0.75,0.005,2,Other,0.024557777495754524,0.03305221171262338
0.05,0.05,0.75,0.01,0,PMEC,0.03020874672693016,0.04223140618282035
0.05,0.05,0.75,0.01,0,VM,0.0,0.0
0.05,0.05,0.75,0.01,0,Other,0.020589861182281326,0.03346890625476476
0.05,0.05,0.75,0.01,1,PMEC,0.032049655421951866,0.043391851335939376
0.05,0.05,0.75,0.01,1,VM,0.0,0.0
0.05,0.05,0.75,0.01,1,Other,0.02298764427021082,0.0346728573680601
0.05,0.05,0.75,0.01,2,PMEC,0.03068991983919059,0.04166356298295708
0.05,0.05,0.75,0.01,2,VM,0.0,0.0
0.05,0.05,0.75,0.01,2,Other,0.021282469047179273,0.03359854229369029
0.05,0.05,0.75,0.05,0,PMEC,0.01788460425116229,0.04912166104420981
0.05,0.05,0.75,0.05,0,VM,0.0,0.0
0.05,0.05,0.75,0.05,0,Other,0.005491344795538856,0.046116733287563674
0.05,0.05,0.75,0.05,1,PMEC,0.017028532004661676,0.04877615745435386
0.05,0.05,0.75,0.05,1,VM,0.0,0.0
0.05,0.05,0.75,0.05,1,Other,0.005741833115004916,0.04616376050417832
0.05,0.05,0.75,0.05,2,PMEC,0.018038552402718643,0.048779493996313976
0.05,0.05,0.75,0.05,2,VM,0.0,0.0
0.05,0.05,0.75,0.05,2,Other,0.007136265713771002,0.046244395183020856
0.05,0.05,0.75,0.1,0,PMEC,0.008615911859827798,0.08489723787787684
0.05,0.05,0.75,0.1,0,VM,0.0,0.0
0.05,0.05,0.75,0.1,0,Other,0.00594947425656827,0.08957189259970963
0.05,0.05,0.75,0.1,1,PMEC,0.011256619734063824,0.06985008415727888
0.05,0.05,0.75,0.1,1,VM,0.0,0.0
0.05,0.05,0.75,0.1,1,Other,0.004977065689631464,0.06920859332444464
0.05,0.05,0.75,0.1,2,PMEC,0.008016938017960811,0.08404828637075587
0.05,0.05,0.75,0.1,2,VM,0.0,0.0
0.05,0.05,0.75,0.1,2,Other,0.005461646746153123,0.08876183178115513
0.05,0.05,1,0.001,0,PMEC,0.02568927433368971,0.039432691739169856
0.05,0.05,1,0.001,0,VM,0.0,0.0
0.05,0.05,1,0.001,0,Other,0.02585128053264895,0.033691370378554325
0.05,0.05,1,0.001,1,PMEC,0.02828603801205468,0.04003448293013113
0.05,0.05,1,0.001,1,VM,0.0,0.0
0.05,0.05,1,0.001,1,Other,0.0270892970012619,0.03465656753814657
0.05,0.05,1,0.001,2,PMEC,0.02766380221877481,0.040615454294059244
0.05,0.05,1,0.001,2,VM,0.0,0.0
0.05,0.05,1,0.001,2,Other,0.02673635789679242,0.03447876691861549
0.05,0.05,1,0.005,0,PMEC,0.02714711754237174,0.04076357945455533
0.05,0.05,1,0.005,0,VM,0.0,0.0
0.05,0.05,1,0.005,0,Other,0.025190324094045462,0.033398762584520625
0.05,0.05,1,0.005,1,PMEC,0.027255478121124083,0.03985209345586884
0.05,0.05,1,0.005,1,VM,0.0,0.0
0.05,0.05,1,0.005,1,Other,0.02418447824943068,0.033440793182367125
0.05,0.05,1,0.005,2,PMEC,0.022871290782130637,0.03863259941797612
0.05,0.05,1,0.005,2,VM,0.0,0.0
0.05,0.05,1,0.005,2,Other,0.020042578879288092,0.03275605215926403
0.05,0.05,1,0.01,0,PMEC,0.02187982693009914,0.039350376615834785
0.05,0.05,1,0.01,0,VM,0.0,0.0
0.05,0.05,1,0.01,0,Other,0.017473349022488514,0.0324212602025906
0.05,0.05,1,0.01,1,PMEC,0.022910683765656397,0.04028938242633586
0.05,0.05,1,0.01,1,VM,0.0,0.0
0.05,0.05,1,0.01,1,Other,0.01966376895749742,0.03425910252837662
0.05,0.05,1,0.01,2,PMEC,0.02283619489348187,0.039349200969093404
0.05,0.05,1,0.01,2,VM,0.0,0.0
0.05,0.05,1,0.01,2,Other,0.018832813194851673,0.0327399447773145
0.05,0.05,1,0.05,0,PMEC,0.015915689114545356,0.048995990472602315
0.05,0.05,1,0.05,0,VM,0.0,0.0
0.05,0.05,1,0.05,0,Other,0.00582249262824685,0.04598534689152913
0.05,0.05,1,0.05,1,PMEC,0.014428552225376909,0.049395263193159136
0.05,0.05,1,0.05,1,VM,0.0,0.0
0.05,0.05,1,0.05,1,Other,0.006120091738028672,0.046260045102707606
0.05,0.05,1,0.05,2,PMEC,0.015612391602806882,0.04961802572067041
0.05,0.05,1,0.05,2,VM,0.0,0.0
0.05,0.05,1,0.05,2,Other,0.0060305578689544255,0.04601631274648325
0.05,0.05,1,0.1,0,PMEC,0.009362703817730805,0.08363906864086693
0.05,0.05,1,0.1,0,VM,0.0,0.0
0.05,0.05,1,0.1,0,Other,0.006309942225254797,0.09281154932543301
0.05,0.05,1,0.1,1,PMEC,0.009186484108984915,0.07198808164089722
0.05,0.05,1,0.1,1,VM,0.0,0.0
0.05,0.05,1,0.1,1,Other,0.004222794931436251,0.0690409079657173
0.05,0.05,1,0.1,2,PMEC,0.008999888810412334,0.07130628541813598
0.05,0.05,1,0.1,2,VM,0.0,0.0
0.05,0.05,1,0.1,2,Other,0.004114248053071098,0.06923145611293133
0.05,0.05,1.5,0.001,0,PMEC,0.010087568802838716,0.03607703655454821
0.05,0.05,1.5,0.001,0,VM,0.0,0.0
0.05,0.05,1.5,0.001,0,Other,0.02033736341487056,0.031995642357432894
0.05,0.05,1.5,0.001,1,PMEC,0.017298807060459713,0.039931842316966275
0.05,0.05,1.5,0.001,1,VM,0.0,0.0
0.05,0.05,1.5,0.001,1,Other,0.023099967745192712,0.0337436680412896
0.05,0.05,1.5,0.001,2,PMEC,0.023370905653089736,0.040571091593109974
0.05,0.05,1.5,0.001,2,VM,0.0,0.0
0.05,0.05,1.5,0.001,2,Other,0.028023978462259624,0.03479821225086491
0.05,0.05,1.5,0.005,0,PMEC,0.01589581865986549,0.03838860607099029
0.05,0.05,1.5,0.005,0,VM,0.0,0.0
0.05,0.05,1.5,0.005,0,Other,0.01947769675819203,0.032075600641277395
0.05,0.05,1.5,0.005,1,PMEC,0.013683935077101429,0.03588831652390709
0.05,0.05,1.5,0.005,1,VM,0.0,0.0
0.05,0.05,1.5,0.005,1,Other,0.017095288846903395,0.03064409957889028
0.05,0.05,1.5,0.005,2,PMEC,0.01813627274606123,0.03817493506237333
0.05,0.05,1.5,0.005,2,VM,0.0,0.0
0.05,0.05,1.5,0.005,2,Other,0.023936014887955045,0.03394340979819889
0.05,0.05,1.5,0.01,0,PMEC,0.013605923693074097,0.03747756444907603
0.05,0.05,1.5,0.01,0,VM,0.0,0.0
0.05,0.05,1.5,0.01,0,Other,0.014559913326327934,0.031739871615032465
0.05,0.05,1.5,0.01,1,PMEC,0.015367951856136881,0.03973916630537464
0.05,0.05,1.5,0.01,1,VM,0.0,0.0
0.05,0.05,1.5,0.01,1,Other,0.016002189002745307,0.03324510867430511
0.05,0.05,1.5,0.01,2,PMEC,0.015704812758636975,0.03918796678268173
0.05,0.05,1.5,0.01,2,VM,0.0,0.0
0.05,0.05,1.5,0.01,2,Other,0.015634472849943282,0.03253348695013162
0.05,0.05,1.5,0.05,0,PMEC,0.010462122420722121,0.05108021362976317
0.05,0.05,1.5,0.05,0,VM,0.0,0.0
0.05,0.05,1.5,0.05,0,Other,0.005377292125438594,0.04600730359932947
0.05,0.05,1.5,0.05,1,PMEC,0.010147821576195919,0.050696394878618746
0.05,0.05,1.5,0.05,1,VM,0.0,0.0
0.05,0.05,1.5,0.05,1,Other,0.005281814919987681,0.046171072869147914
0.05,0.05,1.5,0.05,2,PMEC,0.011529780360236264,0.050583015568682874
0.05,0.05,1.5,0.05,2,VM,0.0,0.0
0.05,0.05,1.5,0.05,2,Other,0.005709798213843607,0.0459535383793345
0.05,0.05,1.5,0.1,0,PMEC,0.0074654820363478005,0.07352391265080332
0.05,0.05,1.5,0.1,0,VM,0.0,0.0
0.05,0.05,1.5,0.1,0,Other,0.004129346476904854,0.06909538539497426
0.05,0.05,1.5,0.1,1,PMEC,0.008968359552756579,0.07317731591169435
0.05,0.05,1.5,0.1,1,VM,0.0,0.0
0.05,0.05,1.5,0.1,1,Other,0.0040955816061408684,0.06957348117206513
0.05,0.05,1.5,0.1,2,PMEC,0.00803069919066176,0.07337733880182537
0.05,0.05,1.5,0.1,2,VM,0.0,0.0
0.05,0.05,1.5,0.1,2,Other,0.004450483709132876,0.06914863136604975
0.05,0.05,2,0.001,0,PMEC,0.01799422110752379,0.03972758712023738
0.05,0.05,2,0.001,0,VM,0.0,0.0
0.05,0.05,2,0.001,0,Other,0.026679406804631406,0.03464788319464967
0.05,0.05,2,0.001,1,PMEC,0.014998163337886346,0.0408192283524946
0.05,0.05,2,0.001,1,VM,0.0,0.0
0.05,0.05,2,0.001,1,Other,0.021642415292528455,0.03383614548794935
0.05,0.05,2,0.001,2,PMEC,0.012298730201472258,0.03801356246672864
0.05,0.05,2,0.001,2,VM,0.0,0.0
0.05,0.05,2,0.001,2,Other,0.02007543024665868,0.03198134268593563
0.05,0.05,2,0.005,0,PMEC,0.01003656928076775,0.03782579672230253
0.05,0.05,2,0.005,0,VM,0.0,0.0
0.05,0.05,2,0.005,0,Other,0.018941733466453208,0.03249581827081615
0.05,0.05,2,0.005,1,PMEC,0.015163621719609527,0.04035367302898655
0.05,0.05,2,0.005,1,VM,0.0,0.0
0.05,0.05,2,0.005,1,Other,0.01845729379020816,0.032684309711003376
0.05,0.05,2,0.005,2,PMEC,0.009291173845499674,0.03674998466844542
0.05,0.05,2,0.005,2,VM,0.0,0.0
0.05,0.05,2,0.005,2,Other,0.014567008696483395,0.030831846893662484
0.05,0.05,2,0.01,0,PMEC,0.010945516967396459,0.03998015006547719
0.05,0.05,2,0.01,0,VM,0.0,0.0
0.05,0.05,2,0.01,0,Other,0.013117021072731033,0.03251374910834301
0.05,0.05,2,0.01,1,PMEC,0.016038413760703366,0.04153396687752885
0.05,0.05,2,0.01,1,VM,0.0,0.0
0.05,0.05,2,0.01,1,Other,0.0168046216404363,0.03429019302674009
0.05,0.05,2,0.01,2,PMEC,0.01525696815970181,0.04149045091580763
0.05,0.05,2,0.01,2,VM,0.0,0.0
0.05,0.05,2,0.01,2,Other,0.01737442387482603,0.03392978560714405
0.05,0.05,2,0.05,0,PMEC,0.008675056131559201,0.05425982433853059
0.05,0.05,2,0.05,0,VM,0.0,0.0
0.05,0.05,2,0.05,0,Other,0.005506892527982982,0.04613395876810033
0.05,0.05,2,0.05,1,PMEC,0.007942383669063163,0.05283255385131653
0.05,0.05,2,0.05,1,VM,0.0,0.0
0.05,0.05,2,0.05,1,Other,0.005562396926991698,0.04588280220430916
0.05,0.05,2,0.05,2,PMEC,0.00710510634756722,0.0536746282756622
0.05,0.05,2,0.05,2,VM,0.0,0.0
0.05,0.05,2,0.05,2,Other,0.004758846954622117,0.04578599739692675
0.05,0.05,2,0.1,0,PMEC,0.00688181490835483,0.07773911504687218
0.05,0.05,2,0.1,0,VM,0.0,0.0
0.05,0.05,2,0.1,0,Other,0.004097690764526068,0.06915094863312328
0.05,0.05,2,0.1,1,PMEC,0.006867843804684883,0.07718427902571996
0.05,0.05,2,0.1,1,VM,0.0,0.0
0.05,0.05,2,0.1,1,Other,0.003332544893455948,0.06943353400838383
0.05,0.05,2,0.1,2,PMEC,0.009800921485340045,0.0874780489047988
0.05,0.05,2,0.1,2,VM,0.0,0.0
0.05,0.05,2,0.1,2,Other,0.005290293826937492,0.08776201797217226
0.05,0.1,0.75,0.001,0,PMEC,0.014634872144377494,0.03712499685523638
0.05,0.1,0.75,0.001,0,VM,0.0,0.0
0.05,0.1,0.75,0.001,0,Other,0.021624028274169576,0.031004138880852752
0.05,0.1,0.75,0.001,1,PMEC,0.019228911587514462,0.039698504871209996
0.05,0.1,0.75,0.001,1,VM,0.0,0.0
0.05,0.1,0.75,0.001,1,Other,0.024772475119446243,0.03421612434234772
0.05,0.1,0.75,0.001,2,PMEC,0.016237108556036998,0.037351638997861196
0.05,0.1,0.75,0.001,2,VM,0.0,0.0
0.05,0.1,0.75,0.001,2,Other,0.02361252131251613,0.032502102064514496
0.05,0.1,0.75,0.005,0,PMEC,0.012260702115914653,0.037260325280048884
0.05,0.1,0.75,0.005,0,VM,0.0,0.0
0.05,0.1,0.75,0.005,0,Other,0.01681543838027527,0.03138935817184255
0.05,0.1,0.75,0.005,1,PMEC,0.010495559500270594,0.03848856324904812
0.05,0.1,0.75,0.005,1,VM,0.0,0.0
0.05,0.1,0.75,0.005,1,Other,0.016326787009824817,0.03249997139462256
0.05,0.1,0.75,0.005,2,PMEC,0.010816860745957203,0.03721136946928749
0.05,0.1,0.75,0.005,2,VM,0.0,0.0
0.05,0.1,0.75,0.005,2,Other,0.016828615379339096,0.0316627359214728
0.05,0.1,0.75,0.01,0,PMEC,0.015794744428051396,0.03941598779291703
0.05,0.1,0.75,0.01,0,VM,0.0,0.0
0.05,0.1,0.75,0.01,0,Other,0.015746774277493297,0.03299512078966719
0.05,0.1,0.75,0.01,1,PMEC,0.01800285168176732,0.04077039457892605
0.05,0.1,0.75,0.01,1,VM,0.0,0.0
0.05,0.1,0.75,0.01,1,Other,0.017902663011331622,0.03405630041910362
0.05,0.1,0.75,0.01,2,PMEC,0.015291999497238676,0.03996838468003047
0.05,0.1,0.75,0.01,2,VM,0.0,0.0
0.05,0.1,0.75,0.01,2,Other,0.0158139745610922,0.033624856111293705
0.05,0.1,0.75,0.05,0,PMEC,0.009816986741988977,0.05111244924141286
0.05,0.1,0.75,0.05,0,VM,0.0,0.0
0.05,0.1,0.75,0.05,0,Other,0.0058427705037349545,0.04612485329506176
0.05,0.1,0.75,0.05,1,PMEC,0.01075729746778384,0.051123403650561526
0.05,0.1,0.75,0.05,1,VM,0.0,0.0
0.05,0.1,0.75,0.05,1,Other,0.005492863429859297,0.046047492913764906
0.05,0.1,0.75,0.05,2,PMEC,0.010355095570070454,0.050362553468723495
0.05,0.1,0.75,0.05,2,VM,0.0,0.0
0.05,0.1,0.75,0.05,2,Other,0.005896902529047035,0.04607113801737706
0.05,0.1,0.75,0.1,0,PMEC,0.007264229380026545,0.07370971728407674
0.05,0.1,0.75,0.1,0,VM,0.0,0.0
0.05,0.1,0.75,0.1,0,Other,0.004534231342148952,0.0692244508558132
0.05,0.1,0.75,0.1,1,PMEC,0.007689285418119092,0.0743088187672842
0.05,0.1,0.75,0.1,1,VM,0.0,0.0
0.05,0.1,0.75,0.1,1,Other,0.0041999496879025645,0.06933976964877335
0.05,0.1,0.75,0.1,2,PMEC,0.007529272342081601,0.0731666664706092
0.05,0.1,0.75,0.1,2,VM,0.0,0.0
0.05,0.1,0.75,0.1,2,Other,0.004399488443698769,0.06972775796971216
0.05,0.1,1,0.001,0,PMEC,0.016133318175741762,0.04089090607525439
0.05,0.1,1,0.001,0,VM,0.0,0.0
0.05,0.1,1,0.001,0,Other,0.023948994880677425,0.0332986877497479
0.05,0.1,1,0.001,1,PMEC,0.005487433370133647,0.037924105779015393
0.05,0.1,1,0.001,1,VM,0.0,0.0
0.05,0.1,1,0.001,1,Other,0.01592559103743331,0.03167765793731879
0.05,0.1,1,0.001,2,PMEC,0.013911602822768022,0.038025679857187036
0.05,0.1,1,0.001,2,VM,0.0,0.0
0.05,0.1,1,0.001,2,Other,0.026027569687870015,0.033795881305358155
0.05,0.1,1,0.005,0,PMEC,0.012298603458807488,0.0401656346911071
0.05,0.1,1,0.005,0,VM,0.0,0.0
0.05,0.1,1,0.005,0,Other,0.02047636989433848,0.03318690353120427
0.05,0.1,1,0.005,1,PMEC,0.01616394049986697,0.039968353545049747
0.05,0.1,1,0.005,1,VM,0.0,0.0
0.05,0.1,1,0.005,1,Other,0.022323185775834052,0.034371484817818425
0.05,0.1,1,0.005,2,PMEC,0.013134844143610094,0.03989137414479469
0.05,0.1,1,0.005,2,VM,0.0,0.0
0.05,0.1,1,0.005,2,Other,0.018693878377930937,0.032070369686184264
0.05,0.1,1,0.01,0,PMEC,0.011464362152285648,0.03963294159980149
0.05,0.1,1,0.01,0,VM,0.0,0.0
0.05,0.1,1,0.01,0,Other,0.01466252521369958,0.032462761598160556
0.05,0.1,1,0.01,1,PMEC,0.011981682539435035,0.04011528149382988
0.05,0.1,1,0.01,1,VM,0.0,0.0
0.05,0.1,1,0.01,1,Other,0.014088858885495322,0.03282232034213143
0.05,0.1,1,0.01,2,PMEC,0.010298168978849375,0.03941999556986051
0.05,0.1,1,0.01,2,VM,0.0,0.0
0.05,0.1,1,0.01,2,Other,0.0164299828527033,0.03410034897394173
0.05,0.1,1,0.05,0,PMEC,0.006400412490094335,0.05387619448570667
0.05,0.1,1,0.05,0,VM,0.0,0.0
0.05,0.1,1,0.05,0,Other,0.004731830971335414,0.04592407896348703
0.05,0.1,1,0.05,1,PMEC,0.006956801603256543,0.053763998236543674
0.05,0.1,1,0.05,1,VM,0.0,0.0
0.05,0.1,1,0.05,1,Other,0.005344282338941913,0.04616888365764666
0.05,0.1,1,0.05,2,PMEC,0.009102900497168949,0.0538544616235266
0.05,0.1,1,0.05,2,VM,0.0,0.0
0.05,0.1,1,0.05,2,Other,0.0048499012097837435,0.04592175298366491
0.05,0.1,1,0.1,0,PMEC,0.006334829225032866,0.08931275541290556
0.05,0.1,1,0.1,0,VM,0.0,0.0
0.05,0.1,1,0.1,0,Other,0.005945403540681361,0.0914152978453772
0.05,0.1,1,0.1,1,PMEC,0.0069308304356471544,0.07651823265472216
0.05,0.1,1,0.1,1,VM,0.0,0.0
0.05,0.1,1,0.1,1,Other,0.003878717125243802,0.06893585665871116
0.05,0.1,1,0.1,2,PMEC,0.006873376126132854,0.07661519735389315
0.05,0.1,1,0.1,2,VM,0.0,0.0
0.05,0.1,1,0.1,2,Other,0.004210397914982894,0.0694073264891431
0.05,0.1,1.5,0.001,0,PMEC,0.009420529272792445,0.04187519469777196
0.05,0.1,1.5,0.001,0,VM,0.0,0.0
0.05,0.1,1.5,0.001,0,Other,0.02218983794709286,0.03358694204803778
0.05,0.1,1.5,0.001,1,PMEC,0.016093133838041992,0.043618785176314664
0.05,0.1,1.5,0.001,1,VM,0.0,0.0
0.05,0.1,1.5,0.001,1,Other,0.022545027198368723,0.03343173056194026
0.05,0.1,1.5,0.001,2,PMEC,0.009557221206559639,0.040406441246409915
0.05,0.1,1.5,0.001,2,VM,0.0,0.0
0.05,0.1,1.5,0.001,2,Other,0.021451165361654183,0.03249104578555703
0.05,0.1,1.5,0.005,0,PMEC,0.00894143325946896,0.04239369172758087
0.05,0.1,1.5,0.005,0,VM,0.0,0.0
0.05,0.1,1.5,0.005,0,Other,0.01618996324278566,0.0322545458466176
0.05,0.1,1.5,0.005,1,PMEC,0.010707710533775196,0.042311536376215396
0.05,0.1,1.5,0.005,1,VM,0.0,0.0
0.05,0.1,1.5,0.005,1,Other,0.015812402807424842,0.031497940638803526
0.05,0.1,1.5,0.005,2,PMEC,0.00787971945160009,0.040884992992423215
0.05,0.1,1.5,0.005,2,VM,0.0,0.0
0.05,0.1,1.5,0.005,2,Other,0.015653838869739478,0.032132824032204146
0.05,0.1,1.5,0.01,0,PMEC,0.008994231622870271,0.04388006753980601
0.05,0.1,1.5,0.01,0,VM,0.0,0.0
0.05,0.1,1.5,0.01,0,Other,0.012745727776939582,0.03243077170890323
0.05,0.1,1.5,0.01,1,PMEC,0.009515759044893358,0.04364982494808871
0.05,0.1,1.5,0.01,1,VM,0.0,0.0
0.05,0.1,1.5,0.01,1,Other,0.014694908712085217,0.033624115139370865
0.05,0.1,1.5,0.01,2,PMEC,0.012288982826000192,0.046163958059773975
0.05,0.1,1.5,0.01,2,VM,0.0,0.0
0.05,0.1,1.5,0.01,2,Other,0.015158459869722625,0.033396825439315485
0.05,0.1,1.5,0.05,0,PMEC,0.005848715616282782,0.060959372699940964
0.05,0.1,1.5,0.05,0,VM,0.0,0.0
0.05,0.1,1.5,0.05,0,Other,0.0045712210413397895,0.04607958320812798
0.05,0.1,1.5,0.05,1,PMEC,0.006572043061759873,0.0612229985351043
0.05,0.1,1.5,0.05,1,VM,0.0,0.0
0.05,0.1,1.5,0.05,1,Other,0.005446960739301362,0.04620833785558882
0.05,0.1,1.5,0.05,2,PMEC,0.006484829269157778,0.059780096323583595
0.05,0.1,1.5,0.05,2,VM,0.0,0.0
0.05,0.1,1.5,0.05,2,Other,0.004831635791439185,0.046142479697264586
0.05,0.1,1.5,0.1,0,PMEC,0.006686445316982826,0.09249146681255849
0.05,0.1,1.5,0.1,0,VM,0.0,0.0
0.05,0.1,1.5,0.1,0,Other,0.00561362142688896,0.09052839496780589
0.05,0.1,1.5,0.1,1,PMEC,0.005412634267528941,0.08627510112787941
0.05,0.1,1.5,0.1,1,VM,0.0,0.0
0.05,0.1,1.5,0.1,1,Other,0.003557283020532361,0.06986109238368184
0.05,0.1,1.5,0.1,2,PMEC,0.006681696518563034,0.09120001483831817
0.05,0.1,1.5,0.1,2,VM,0.0,0.0
0.05,0.1,1.5,0.1,2,Other,0.005844308393028332,0.09025964224633096
0.05,0.1,2,0.001,0,PMEC,0.01614026272467308,0.07049772362742385
0.05,0.1,2,0.001,0,VM,0.0,0.0
0.05,0.1,2,0.001,0,Other,0.02163188990846413,0.0650585046239444
0.05,0.1,2,0.001,1,PMEC,0.010307743821047877,0.06795798786944568
0.05,0.1,2,0.001,1,VM,0.0,0.0
0.05,0.1,2,0.001,1,Other,0.017900661938041323,0.05547661749663153
0.05,0.1,2,0.001,2,PMEC,0.01276630842398056,0.0649114012337217
0.05,0.1,2,0.001,2,VM,0.0,0.0
0.05,0.1,2,0.001,2,Other,0.019854323338521253,0.06071443278869287
0.05,0.1,2,0.005,0,PMEC,0.010605033899375092,0.06058580549002237
0.05,0.1,2,0.005,0,VM,0.0,0.0
0.05,0.1,2,0.005,0,Other,0.014740812885834148,0.06156325629795403
0.05,0.1,2,0.005,1,PMEC,0.010163531569145129,0.0663482510832017
0.05,0.1,2,0.005,1,VM,0.0,0.0
0.05,0.1,2,0.005,1,Other,0.015238412103308646,0.05648036899042736
0.05,0.1,2,0.005,2,PMEC,0.010850553004709777,0.04892615412575129
0.05,0.1,2,0.005,2,VM,0.0,0.0
0.05,0.1,2,0.005,2,Other,0.017206333222937215,0.03243527764846113
0.05,0.1,2,0.01,0,PMEC,0.016659147101900414,0.061868339386693116
0.05,0.1,2,0.01,0,VM,0.0,0.0
0.05,0.1,2,0.01,0,Other,0.011570444265163139,0.05765177348983052
0.05,0.1,2,0.01,1,PMEC,0.01157188085543248,0.06507174018846464
0.05,0.1,2,0.01,1,VM,0.0,0.0
0.05,0.1,2,0.01,1,Other,0.011756538556902023,0.058827881379165226
0.05,0.1,2,0.01,2,PMEC,0.010359473459420773,0.0679124738780585
0.05,0.1,2,0.01,2,VM,0.0,0.0
0.05,0.1,2,0.01,2,Other,0.01198176006798426,0.054193625397838785
0.05,0.1,2,0.05,0,PMEC,0.008476302243295278,0.08130260190381645
0.05,0.1,2,0.05,0,VM,0.0,0.0
0.05,0.1,2,0.05,0,Other,0.007430303853261439,0.07076710680201913
0.05,0.1,2,0.05,1,PMEC,0.009630708863630497,0.07701024863672258
0.05,0.1,2,0.05,1,VM,0.0,0.0
0.05,0.1,2,0.05,1,Other,0.006034524281670076,0.07161265633126443
0.05,0.1,2,0.05,2,PMEC,0.008494654885997899,0.07403443655054273
0.05,0.1,2,0.05,2,VM,0.0,0.0
0.05,0.1,2,0.05,2,Other,0.006898562463187645,0.06712319832842237
0.05,0.1,2,0.1,0,PMEC,0.007024053422013978,0.09314908613100502
0.05,0.1,2,0.1,0,VM,0.0,0.0
0.05,0.1,2,0.1,0,Other,0.004412586698156499,0.08744663963429392
0.05,0.1,2,0.1,1,PMEC,0.00506106728809131,0.0923152853303529
0.05,0.1,2,0.1,1,VM,0.0,0.0
0.05,0.1,2,0.1,1,Other,0.006193881640739828,0.08781300589297793
0.05,0.1,2,0.1,2,PMEC,0.00786097492572644,0.09932936972851443
0.05,0.1,2,0.1,2,VM,0.0,0.0
0.05,0.1,2,0.1,2,Other,0.005765541139363408,0.0931124456130568
0.1,0.0001,0.75,0.001,0,PMEC,0.05635242023518182,0.056640108699348386
0.1,0.0001,0.75,0.001,0,VM,0.0,0.0
0.1,0.0001,0.75,0.001,0,Other,0.03950061353269484,0.040340093693596736
0.1,0.0001,0.75,0.001,1,PMEC,0.05652905033338723,0.05680585260869599
0.1,0.0001,0.75,0.001,1,VM,0.0,0.0
0.1,0.0001,0.75,0.001,1,Other,0.03966070129447236,0.04046707287790806
0.1,0.0001,0.75,0.001,2,PMEC,0.056462834593564,0.05678294935475982
0.1,0.0001,0.75,0.001,2,VM,0.0,0.0
0.1,0.0001,0.75,0.001,2,Other,0.039437207604892506,0.04023082944883616
0.1,0.0001,0.75,0.005,0,PMEC,0.055422055890530494,0.05613671925529591
0.1,0.0001,0.75,0.005,0,VM,0.0,0.0
0.1,0.0001,0.75,0.005,0,Other,0.03248902032868933,0.03530617305957779
0.1,0.0001,0.75,0.005,1,PMEC,0.0552034151648601,0.05604234929139979
0.1,0.0001,0.75,0.005,1,VM,0.0,0.0
0.1,0.0001,0.75,0.005,1,Other,0.032613799702096685,0.03562146620923959
0.1,0.0001,0.75,0.005,2,PMEC,0.05539020247592528,0.05600911454931744
0.1,0.0001,0.75,0.005,2,VM,0.0,0.0
0.1,0.0001,0.75,0.005,2,Other,0.032321319166002,0.03533316297023338
0.1,0.0001,0.75,0.01,0,PMEC,0.05320627945622511,0.05546347085260027
0.1,0.0001,0.75,0.01,0,VM,0.0,0.0
0.1,0.0001,0.75,0.01,0,Other,0.02267202952428569,0.03307378146140176
0.1,0.0001,0.75,0.01,1,PMEC,0.051686966184696516,0.05452796440136908
0.1,0.0001,0.75,0.01,1,VM,0.0,0.0
0.1,0.0001,0.75,0.01,1,Other,0.022409371094904065,0.03303766204784409
0.1,0.0001,0.75,0.01,2,PMEC,0.05252004822219877,0.05528517577607024
0.1,0.0001,0.75,0.01,2,VM,0.0,0.0
0.1,0.0001,0.75,0.01,2,Other,0.02186147059864118,0.033023174243128665
0.1,0.0001,0.75,0.05,0,PMEC,0.027043138984446956,0.050855121108595594
0.1,0.0001,0.75,0.05,0,VM,0.0,0.0
0.1,0.0001,0.75,0.05,0,Other,0.0065983635315242034,0.04635454577149034
0.1,0.0001,0.75,0.05,1,PMEC,0.025729064006228486,0.05121890002177366
0.1,0.0001,0.75,0.05,1,VM,0.0,0.0
0.1,0.0001,0.75,0.05,1,Other,0.006407550336226416,0.046078570885029715
0.1,0.0001,0.75,0.05,2,PMEC,0.024779055509883397,0.050191598839633526
0.1,0.0001,0.75,0.05,2,VM,0.0,0.0
0.1,0.0001,0.75,0.05,2,Other,0.0070104622482538795,0.04635195331916618
0.1,0.0001,0.75,0.1,0,PMEC,0.00905209186608896,0.08266376979141331
0.1,0.0001,0.75,0.1,0,VM,0.0,0.0
0.1,0.0001,0.75,0.1,0,Other,0.006391050794911948,0.08873379981895453
0.1,0.0001,0.75,0.1,1,PMEC,0.014755162542412173,0.06925163470414164
0.1,0.0001,0.75,0.1,1,VM,0.0,0.0
0.1,0.0001,0.75,0.1,1,Other,0.004812991233654134,0.06956270476199002
0.1,0.0001,0.75,0.1,2,PMEC,0.014186010087070416,0.06960134636561068
0.1,0.0001,0.75,0.1,2,VM,0.0,0.0
0.1,0.0001,0.75,0.1,2,Other,0.004172229326988737,0.06984479493184316
0.1,0.0001,1,0.001,0,PMEC,0.056452364329710646,0.05674663387006398
0.1,0.0001,1,0.001,0,VM,0.0,0.0
0.1,0.0001,1,0.001,0,Other,0.03977424722653801,0.040641109650307615
0.1,0.0001,1,0.001,1,PMEC,0.056469237831010564,0.05676135974651741
0.1,0.0001,1,0.001,1,VM,0.0,0.0
0.1,0.0001,1,0.001,1,Other,0.03985804355506972,0.040660703026665766
0.1,0.0001,1,0.001,2,PMEC,0.056425631355530706,0.05672933064290611
0.1,0.0001,1,0.001,2,VM,0.0,0.0
0.1,0.0001,1,0.001,2,Other,0.03986965597703606,0.040676984584230275
0.1,0.0001,1,0.005,0,PMEC,0.055336119316866446,0.056037969150133614
0.1,0.0001,1,0.005,0,VM,0.0,0.0
0.1,0.0001,1,0.005,0,Other,0.03265316475764842,0.03552599966753888
0.1,0.0001,1,0.005,1,PMEC,0.055300691940567984,0.05634292042209337
0.1,0.0001,1,0.005,1,VM,0.0,0.0
0.1,0.0001,1,0.005,1,Other,0.032282748843881305,0.03525993203966983
0.1,0.0001,1,0.005,2,PMEC,0.05529378861845102,0.0561235859178413
0.1,0.0001,1,0.005,2,VM,0.0,0.0
0.1,0.0001,1,0.005,2,Other,0.032903765269527804,0.03581634801531805
0.1,0.0001,1,0.01,0,PMEC,0.051724709502953846,0.05488291116839723
0.1,0.0001,1,0.01,0,VM,0.0,0.0
0.1,0.0001,1,0.01,0,Other,0.02179692286312155,0.032652862230954795
0.1,0.0001,1,0.01,1,PMEC,0.05200976945122822,0.05540037381766965
0.1,0.0001,1,0.01,1,VM,0.0,0.0
0.1,0.0001,1,0.01,1,Other,0.023171272396516014,0.0330876663213052
0.1,0.0001,1,0.01,2,PMEC,0.05326200860139536,0.055496919019132895
0.1,0.0001,1,0.01,2,VM,0.0,0.0
0.1,0.0001,1,0.01,2,Other,0.021966636725934907,0.03262356286273611
0.1,0.0001,1,0.05,0,PMEC,0.025552620639730662,0.05051902954138776
0.1,0.0001,1,0.05,0,VM,0.0,0.0
0.1,0.0001,1,0.05,0,Other,0.006277340600000227,0.04616722839877076
0.1,0.0001,1,0.05,1,PMEC,0.024346888105013658,0.05045360097377989
0.1,0.0001,1,0.05,1,VM,0.0,0.0
0.1,0.0001,1,0.05,1,Other,0.006432471358566841,0.04609482721058325
0.1,0.0001,1,0.05,2,PMEC,0.02746173965978231,0.05133762515894856
0.1,0.0001,1,0.05,2,VM,0.0,0.0
0.1,0.0001,1,0.05,2,Other,0.006611428540808197,0.04629424762885563
0.1,0.0001,1,0.1,0,PMEC,0.008222818902751063,0.08389950489667618
0.1,0.0001,1,0.1,0,VM,0.0,0.0
0.1,0.0001,1,0.1,0,Other,0.006466942372102925,0.0898908360579491
0.1,0.0001,1,0.1,1,PMEC,0.014450512363379455,0.0689185382022369
0.1,0.0001,1,0.1,1,VM,0.0,0.0
0.1,0.0001,1,0.1,1,Other,0.005094891804958283,0.06953592344021718
0.1,0.0001,1,0.1,2,PMEC,0.014341014827378668,0.06931146963355315
0.1,0.0001,1,0.1,2,VM,0.0,0.0
0.1,0.0001,1,0.1,2,Other,0.005512170258007633,0.06979280580995662
0.1,0.0001,1.5,0.001,0,PMEC,0.05643807410383766,0.05674499188381169
0.1,0.0001,1.5,0.001,0,VM,0.0,0.0
0.1,0.0001,1.5,0.001,0,Other,0.039500217068738935,0.040393389104728075
0.1,0.0001,1.5,0.001,1,PMEC,0.056535788922916566,0.05680284028818622
0.1,0.0001,1.5,0.001,1,VM,0.0,0.0
0.1,0.0001,1.5,0.001,1,Other,0.03945275039620001,0.0403178846348346
0.1,0.0001,1.5,0.001,2,PMEC,0.0564957584555118,0.05679080262942528
0.1,0.0001,1.5,0.001,2,VM,0.0,0.0
0.1,0.0001,1.5,0.001,2,Other,0.04007307880665976,0.0408813970650313
0.1,0.0001,1.5,0.005,0,PMEC,0.055033597670378714,0.056017886021362304
0.1,0.0001,1.5,0.005,0,VM,0.0,0.0
0.1,0.0001,1.5,0.005,0,Other,0.032139145035891194,0.03515985037509057
0.1,0.0001,1.5,0.005,1,PMEC,0.055306125255402405,0.056044881084537194
0.1,0.0001,1.5,0.005,1,VM,0.0,0.0
0.1,0.0001,1.5,0.005,1,Other,0.032407038517027795,0.03532832738777137
0.1,0.0001,1.5,0.005,2,PMEC,0.05489130374330782,0.05598424367844023
0.1,0.0001,1.5,0.005,2,VM,0.0,0.0
0.1,0.0001,1.5,0.005,2,Other,0.03258025207598989,0.03553451290785224
0.1,0.0001,1.5,0.01,0,PMEC,0.05108164945316098,0.05482843860152658
0.1,0.0001,1.5,0.01,0,VM,0.0,0.0
0.1,0.0001,1.5,0.01,0,Other,0.02133992309337225,0.03260496128329678
0.1,0.0001,1.5,0.01,1,PMEC,0.05090661154772053,0.05446740228380581
0.1,0.0001,1.5,0.01,1,VM,0.0,0.0
0.1,0.0001,1.5,0.01,1,Other,0.02197051236404406,0.03273973600082451
0.1,0.0001,1.5,0.01,2,PMEC,0.052432058958645764,0.0548899951575455
0.1,0.0001,1.5,0.01,2,VM,0.0,0.0
0.1,0.0001,1.5,0.01,2,Other,0.022039847772833354,0.03337595743015364
0.1,0.0001,1.5,0.05,0,PMEC,0.025358519559692566,0.05077778865136848
0.1,0.0001,1.5,0.05,0,VM,0.0,0.0
0.1,0.0001,1.5,0.05,0,Other,0.005728908910188649,0.04630001828745284
0.1,0.0001,1.5,0.05,1,PMEC,0.023891587129673708,0.05065126369378939
0.1,0.0001,1.5,0.05,1,VM,0.0,0.0
0.1,0.0001,1.5,0.05,1,Other,0.00669943750923841,0.04633513003040728
0.1,0.0001,1.5,0.05,2,PMEC,0.024336466706682137,0.05054639286072364
0.1,0.0001,1.5,0.05,2,VM,0.0,0.0
0.1,0.0001,1.5,0.05,2,Other,0.006315784585345071,0.04645417407235005
0.1,0.0001,1.5,0.1,0,PMEC,0.013466461245525562,0.06966658484866954
0.1,0.0001,1.5,0.1,0,VM,0.0,0.0
0.1,0.0001,1.5,0.1,0,Other,0.005433771764896485,0.06976336715131143
0.1,0.0001,1.5,0.1,1,PMEC,0.01437135038185065,0.06924142021738974
0.1,0.0001,1.5,0.1,1,VM,0.0,0.0
0.1,0.0001,1.5,0.1,1,Other,0.005224187394705605,0.06958531279027227
0.1,0.0001,1.5,0.1,2,PMEC,0.014078685844816896,0.06927167997072303
0.1,0.0001,1.5,0.1,2,VM,0.0,0.0
0.1,0.0001,1.5,0.1,2,Other,0.005054416978670979,0.06976193678792682
0.1,0.0001,2,0.001,0,PMEC,0.05646972668573767,0.056754859735320594
0.1,0.0001,2,0.001,0,VM,0.0,0.0
0.1,0.0001,2,0.001,0,Other,0.03983994774346725,0.040680062192694634
0.1,0.0001,2,0.001,1,PMEC,0.056499548323679503,0.05676761998762543
0.1,0.0001,2,0.001,1,VM,0.0,0.0
0.1,0.0001,2,0.001,1,Other,0.03922718620075277,0.04011290608812124
0.1,0.0001,2,0.001,2,PMEC,0.0564951726096076,0.05676296217207323
0.1,0.0001,2,0.001,2,VM,0.0,0.0
0.1,0.0001,2,0.001,2,Other,0.03948500503263557,0.040319544966789356
0.1,0.0001,2,0.005,0,PMEC,0.05535851421166731,0.05609436687981526
0.1,0.0001,2,0.005,0,VM,0.0,0.0
0.1,0.0001,2,0.005,0,Other,0.0330689929647383,0.03587372226583934
0.1,0.0001,2,0.005,1,PMEC,0.055699274323553115,0.05645457314425006
0.1,0.0001,2,0.005,1,VM,0.0,0.0
0.1,0.0001,2,0.005,1,Other,0.03296341635387268,0.03581860377995832
0.1,0.0001,2,0.005,2,PMEC,0.05550951856595076,0.056241960864514176
0.1,0.0001,2,0.005,2,VM,0.0,0.0
0.1,0.0001,2,0.005,2,Other,0.03296161189770247,0.03582967648059233
0.1,0.0001,2,0.01,0,PMEC,0.05256298830868069,0.05502141407530387
0.1,0.0001,2,0.01,0,VM,0.0,0.0
0.1,0.0001,2,0.01,0,Other,0.023085454549309662,0.03353688082279161
0.1,0.0001,2,0.01,1,PMEC,0.05225073802119865,0.05532074050770465
0.1,0.0001,2,0.01,1,VM,0.0,0.0
0.1,0.0001,2,0.01,1,Other,0.020948830415016856,0.03275640581521361
0.1,0.0001,2,0.01,2,PMEC,0.051674691868241085,0.05443652554409042
0.1,0.0001,2,0.01,2,VM,0.0,0.0
0.1,0.0001,2,0.01,2,Other,0.02094247726573802,0.03238104001761291
0.1,0.0001,2,0.05,0,PMEC,0.025178186606701854,0.05033981052062197
0.1,0.0001,2,0.05,0,VM,0.0,0.0
0.1,0.0001,2,0.05,0,Other,0.0068657778328103875,0.046137554277915944
0.1,0.0001,2,0.05,1,PMEC,0.02497533221048425,0.05029492600836584
0.1,0.0001,2,0.05,1,VM,0.0,0.0
0.1,0.0001,2,0.05,1,Other,0.006710362713300424,0.046483529135558435
0.1,0.0001,2,0.05,2,PMEC,0.02825586293454277,0.05162153226211512
0.1,0.0001,2,0.05,2,VM,0.0,0.0
0.1,0.0001,2,0.05,2,Other,0.007388797985983988,0.04615912769565653
0.1,0.0001,2,0.1,0,PMEC,0.015087749780031585,0.06898300860234827
0.1,0.0001,2,0.1,0,VM,0.0,0.0
0.1,0.0001,2,0.1,0,Other,0.004641436237916329,0.06943550744529556
0.1,0.0001,2,0.1,1,PMEC,0.014882840319782068,0.06923769196610054
0.1,0.0001,2,0.1,1,VM,0.0,0.0
0.1,0.0001,2,0.1,1,Other,0.0047900218410325355,0.06992083836988111
0.1,0.0001,2,0.1,2,PMEC,0.009974751483221193,0.08223437794516203
0.1,0.0001,2,0.1,2,VM,0.0,0.0
0.1,0.0001,2,0.1,2,Other,0.0052740901404204395,0.08777421377030145
0.1,0.0005,0.75,0.001,0,PMEC,0.05643625786133684,0.05671932523025436
0.1,0.0005,0.75,0.001,0,VM,0.0,0.0
0.1,0.0005,0.75,0.001,0,Other,0.039339367113491376,0.04020927961395524
0.1,0.0005,0.75,0.001,1,PMEC,0.056481737591183655,0.056787949799521634
0.1,0.0005,0.75,0.001,1,VM,0.0,0.0
0.1,0.0005,0.75,0.001,1,Other,0.0397725730332483,0.04065391141947888
0.1,0.0005,0.75,0.001,2,PMEC,0.05641572248091299,0.05671351807185538
0.1,0.0005,0.75,0.001,2,VM,0.0,0.0
0.1,0.0005,0.75,0.001,2,Other,0.039493115726807214,0.04041555798032293
0.1,0.0005,0.75,0.005,0,PMEC,0.05574320183525713,0.05636857849621012
0.1,0.0005,0.75,0.005,0,VM,0.0,0.0
0.1,0.0005,0.75,0.005,0,Other,0.03212257234672495,0.035156811502478104
0.1,0.0005,0.75,0.005,1,PMEC,0.05528705192397462,0.0562493411487297
0.1,0.0005,0.75,0.005,1,VM,0.0,0.0
0.1,0.0005,0.75,0.005,1,Other,0.03320063729970138,0.035989561943764785
0.1,0.0005,0.75,0.005,2,PMEC,0.0555292312146498,0.05619394089742625
0.1,0.0005,0.75,0.005,2,VM,0.0,0.0
0.1,0.0005,0.75,0.005,2,Other,0.033058410505552444,0.03577363808592751
0.1,0.0005,0.75,0.01,0,PMEC,0.053457524914726634,0.05547852245239376
0.1,0.0005,0.75,0.01,0,VM,0.0,0.0
0.1,0.0005,0.75,0.01,0,Other,0.021727885788807046,0.03254725185976262
0.1,0.0005,0.75,0.01,1,PMEC,0.05341339509655783,0.055540637208451156
0.1,0.0005,0.75,0.01,1,VM,0.0,0.0
0.1,0.0005,0.75,0.01,1,Other,0.020880428383373485,0.032619289341050094
0.1,0.0005,0.75,0.01,2,PMEC,0.05001628343311959,0.05367036607532509
0.1,0.0005,0.75,0.01,2,VM,0.0,0.0
0.1,0.0005,0.75,0.01,2,Other,0.023865973578841945,0.033234410606744924
0.1,0.0005,0.75,0.05,0,PMEC,0.025020298879508306,0.05061411408693493
0.1,0.0005,0.75,0.05,0,VM,0.0,0.0
0.1,0.0005,0.75,0.05,0,Other,0.006187120166348759,0.046355886432555816
0.1,0.0005,0.75,0.05,1,PMEC,0.02664604463903225,0.05067021349306023
0.1,0.0005,0.75,0.05,1,VM,0.0,0.0
0.1,0.0005,0.75,0.05,1,Other,0.0065976527122690205,0.04626636578176625
0.1,0.0005,0.75,0.05,2,PMEC,0.025124672567091805,0.05071001502293951
0.1,0.0005,0.75,0.05,2,VM,0.0,0.0
0.1,0.0005,0.75,0.05,2,Other,0.006230139572993707,0.04625103890416234
0.1,0.0005,0.75,0.1,0,PMEC,0.014765948115022666,0.06883062059667056
0.1,0.0005,0.75,0.1,0,VM,0.0,0.0
0.1,0.0005,0.75,0.1,0,Other,0.004341049017488518,0.06946071295873829
0.1,0.0005,0.75,0.1,1,PMEC,0.013665028004887734,0.06943002389711635
0.1,0.0005,0.75,0.1,1,VM,0.0,0.0
0.1,0.0005,0.75,0.1,1,Other,0.005259083733212896,0.06978326010902978
0.1,0.0005,0.75,0.1,2,PMEC,0.014087551997352758,0.06914118267285299
0.1,0.0005,0.75,0.1,2,VM,0.0,0.0
0.1,0.0005,0.75,0.1,2,Other,0.005230443174573027,0.06977711656620841
0.1,0.0005,1,0.001,0,PMEC,0.05636367847922174,0.056634937456958856
0.1,0.0005,1,0.001,0,VM,0.0,0.0
0.1,0.0005,1,0.001,0,Other,0.039874726823844325,0.04072889393250035
0.1,0.0005,1,0.001,1,PMEC,0.05639492410810024,0.05668473989948501
0.1,0.0005,1,0.001,1,VM,0.0,0.0
0.1,0.0005,1,0.001,1,Other,0.03960993978249154,0.04049722561989566
0.1,0.0005,1,0.001,2,PMEC,0.05646279094204203,0.05673497641241338
0.1,0.0005,1,0.001,2,VM,0.0,0.0
0.1,0.0005,1,0.001,2,Other,0.03901639664726073,0.03993753258732487
0.1,0.0005,1,0.005,0,PMEC,0.05531901661258376,0.056174797419882
0.1,0.0005,1,0.005,0,VM,0.0,0.0
0.1,0.0005,1,0.005,0,Other,0.032322536147303835,0.035503084725779996
0.1,0.0005,1,0.005,1,PMEC,0.055457731117831206,0.056213930786687634
0.1,0.0005,1,0.005,1,VM,0.0,0.0
0.1,0.0005,1,0.005,1,Other,0.03183816220154811,0.03505771151025101
0.1,0.0005,1,0.005,2,PMEC,0.055374318182929115,0.05598388769349376
0.1,0.0005,1,0.005,2,VM,0.0,0.0
0.1,0.0005,1,0.005,2,Other,0.03314337149674747,0.036044305458503956
0.1,0.0005,1,0.01,0,PMEC,0.05317127352515864,0.055783875880519786
0.1,0.0005,1,0.01,0,VM,0.0,0.0
0.1,0.0005,1,0.01,0,Other,0.02248963060369957,0.03269497233507606
0.1,0.0005,1,0.01,1,PMEC,0.051537753550415455,0.05464560540917014
0.1,0.0005,1,0.01,1,VM,0.0,0.0
0.1,0.0005,1,0.01,1,Other,0.021614781293080396,0.03268331349161317
0.1,0.0005,1,0.01,2,PMEC,0.05098842762306819,0.05430062202680502
0.1,0.0005,1,0.01,2,VM,0.0,0.0
0.1,0.0005,1,0.01,2,Other,0.022702722686190478,0.03304641994760808
0.1,0.0005,1,0.05,0,PMEC,0.026070617739286928,0.05091211589459973
0.1,0.0005,1,0.05,0,VM,0.0,0.0
0.1,0.0005,1,0.05,0,Other,0.0073076920102644344,0.04625564012750529
0.1,0.0005,1,0.05,1,PMEC,0.02422129709163228,0.05079992133215187
0.1,0.0005,1,0.05,1,VM,0.0,0.0
0.1,0.0005,1,0.05,1,Other,0.0061920714134229525,0.04621601290162488
0.1,0.0005,1,0.05,2,PMEC,0.02292349954190334,0.050214836208995306
0.1,0.0005,1,0.05,2,VM,0.0,0.0
0.1,0.0005,1,0.05,2,Other,0.0069241139689017895,0.046206220916574024
0.1,0.0005,1,0.1,0,PMEC,0.014052499401910617,0.0695365532516086
0.1,0.0005,1,0.1,0,VM,0.0,0.0
0.1,0.0005,1,0.1,0,Other,0.004658362668991864,0.06985932921216868
0.1,0.0005,1,0.1,1,PMEC,0.013229979701690127,0.06892474958929033
0.1,0.0005,1,0.1,1,VM,0.0,0.0
0.1,0.0005,1,0.1,1,Other,0.005316774757017313,0.06960874521905229
0.1,0.0005,1,0.1,2,PMEC,0.014382995881729463,0.06931484523544994
0.1,0.0005,1,0.1,2,VM,0.0,0.0
0.1,0.0005,1,0.1,2,Other,0.004991229879570996,0.06981397168871638
0.1,0.0005,1.5,0.001,0,PMEC,0.05633925214511926,0.056573409840643844
0.1,0.0005,1.5,0.001,0,VM,0.0,0.0
0.1,0.0005,1.5,0.001,0,Other,0.03934341689065622,0.04031035886083186
0.1,0.0005,1.5,0.001,1,PMEC,0.05634763915809605,0.05659668009778855
0.1,0.0005,1.5,0.001,1,VM,0.0,0.0
0.1,0.0005,1.5,0.001,1,Other,0.039694773492512846,0.04054982571707911
0.1,0.0005,1.5,0.001,2,PMEC,0.05635429536526615,0.05660805425843929
0.1,0.0005,1.5,0.001,2,VM,0.0,0.0
0.1,0.0005,1.5,0.001,2,Other,0.038951748972798954,0.03991270196945667
0.1,0.0005,1.5,0.005,0,PMEC,0.05492860258539876,0.055955838314917
0.1,0.0005,1.5,0.005,0,VM,0.0,0.0
0.1,0.0005,1.5,0.005,0,Other,0.03244167884571544,0.03547445224222622
0.1,0.0005,1.5,0.005,1,PMEC,0.055270426715690164,0.05616683645257171
0.1,0.0005,1.5,0.005,1,VM,0.0,0.0
0.1,0.0005,1.5,0.005,1,Other,0.03188761701970358,0.03508943017002462
0.1,0.0005,1.5,0.005,2,PMEC,0.055052548988608466,0.05611415138474969
0.1,0.0005,1.5,0.005,2,VM,0.0,0.0
0.1,0.0005,1.5,0.005,2,Other,0.032546435799262655,0.0355358879711755
0.1,0.0005,1.5,0.01,0,PMEC,0.05204989396470726,0.055158098709230885
0.1,0.0005,1.5,0.01,0,VM,0.0,0.0
0.1,0.0005,1.5,0.01,0,Other,0.022336175089849884,0.03301888928317953
0.1,0.0005,1.5,0.01,1,PMEC,0.053342421122850196,0.055951389078518106
0.1,0.0005,1.5,0.01,1,VM,0.0,0.0
0.1,0.0005,1.5,0.01,1,Other,0.022319838652265927,0.03271997010743954
0.1,0.0005,1.5,0.01,2,PMEC,0.05343187998282485,0.055645903834886115
0.1,0.0005,1.5,0.01,2,VM,0.0,0.0
0.1,0.0005,1.5,0.01,2,Other,0.0221601117740078,0.03245220867874877
0.1,0.0005,1.5,0.05,0,PMEC,0.027171163093193517,0.05125249731690613
0.1,0.0005,1.5,0.05,0,VM,0.0,0.0
0.1,0.0005,1.5,0.05,0,Other,0.0062942314939296645,0.046330367642246906
0.1,0.0005,1.5,0.05,1,PMEC,0.025959996647747886,0.05114918947293431
0.1,0.0005,1.5,0.05,1,VM,0.0,0.0
0.1,0.0005,1.5,0.05,1,Other,0.007356012888310028,0.04619456333613124
0.1,0.0005,1.5,0.05,2,PMEC,0.023835027770288016,0.050330624750951285
0.1,0.0005,1.5,0.05,2,VM,0.0,0.0
0.1,0.0005,1.5,0.05,2,Other,0.005844326845405806,0.046282850788742176
0.1,0.0005,1.5,0.1,0,PMEC,0.013946066418943092,0.06957611575984099
0.1,0.0005,1.5,0.1,0,VM,0.0,0.0
0.1,0.0005,1.5,0.1,0,Other,0.005454339267559683,0.06936194433160645
0.1,0.0005,1.5,0.1,1,PMEC,0.007621736201847451,0.07931887868177574
0.1,0.0005,1.5,0.1,1,VM,0.0,0.0
0.1,0.0005,1.5,0.1,1,Other,0.0050374105626153475,0.08364823402204005
0.1,0.0005,1.5,0.1,2,PMEC,0.009966375134700589,0.07827955635217547
0.1,0.0005,1.5,0.1,2,VM,0.0,0.0
0.1,0.0005,1.5,0.1,2,Other,0.007113194557466216,0.08917255924476078
0.1,0.0005,2,0.001,0,PMEC,0.05602677807432474,0.056253007360360215
0.1,0.0005,2,0.001,0,VM,0.0,0.0
0.1,0.0005,2,0.001,0,Other,0.039202577408041346,0.04012507858067524
0.1,0.0005,2,0.001,1,PMEC,0.05614201793940418,0.05637386780303653
0.1,0.0005,2,0.001,1,VM,0.0,0.0
0.1,0.0005,2,0.001,1,Other,0.03923046349701608,0.04013605202359833
0.1,0.0005,2,0.001,2,PMEC,0.056126525911669285,0.05636797785034123
0.1,0.0005,2,0.001,2,VM,0.0,0.0
0.1,0.0005,2,0.001,2,Other,0.03953645313179123,0.040508741181953904
0.1,0.0005,2,0.005,0,PMEC,0.0552709826704966,0.05606177265256508
0.1,0.0005,2,0.005,0,VM,0.0,0.0
0.1,0.0005,2,0.005,0,Other,0.03131801322519616,0.03478834682605182
0.1,0.0005,2,0.005,1,PMEC,0.055155328102996636,0.0560800258080109
0.1,0.0005,2,0.005,1,VM,0.0,0.0
0.1,0.0005,2,0.005,1,Other,0.032714660696809575,0.03574695950495033
0.1,0.0005,2,0.005,2,PMEC,0.05500540891210808,0.05614250232162286
0.1,0.0005,2,0.005,2,VM,0.0,0.0
0.1,0.0005,2,0.005,2,Other,0.032421925182399176,0.03551002351770045
0.1,0.0005,2,0.01,0,PMEC,0.052176894056294915,0.05477530077118588
0.1,0.0005,2,0.01,0,VM,0.0,0.0
0.1,0.0005,2,0.01,0,Other,0.02093066354297567,0.03235577785769313
0.1,0.0005,2,0.01,1,PMEC,0.05254028082567086,0.05550208985408625
0.1,0.0005,2,0.01,1,VM,0.0,0.0
0.1,0.0005,2,0.01,1,Other,0.02139332041541386,0.03263288744714484
0.1,0.0005,2,0.01,2,PMEC,0.05046785947053608,0.05442671936797972
0.1,0.0005,2,0.01,2,VM,0.0,0.0
0.1,0.0005,2,0.01,2,Other,0.021283940272935557,0.032575812929131094
0.1,0.0005,2,0.05,0,PMEC,0.02512654123231908,0.051146815289163844
0.1,0.0005,2,0.05,0,VM,0.0,0.0
0.1,0.0005,2,0.05,0,Other,0.006526305156601615,0.04657602232719663
0.1,0.0005,2,0.05,1,PMEC,0.02565845486296437,0.05052500293699501
0.1,0.0005,2,0.05,1,VM,0.0,0.0
0.1,0.0005,2,0.05,1,Other,0.005609669173000479,0.04628095649473835
0.1,0.0005,2,0.05,2,PMEC,0.027705793570787392,0.05113832770787271
0.1,0.0005,2,0.05,2,VM,0.0,0.0
0.1,0.0005,2,0.05,2,Other,0.005817207743246156,0.04606673956962517
0.1,0.0005,2,0.1,0,PMEC,0.014296312105647647,0.06917871458435577
0.1,0.0005,2,0.1,0,VM,0.0,0.0
0.1,0.0005,2,0.1,0,Other,0.004767345010471406,0.06975667657864769
0.1,0.0005,2,0.1,1,PMEC,0.013978261753966893,0.06832817899723165
0.1,0.0005,2,0.1,1,VM,0.0,0.0
0.1,0.0005,2,0.1,1,Other,0.004962297189772408,0.06971538213422944
0.1,0.0005,2,0.1,2,PMEC,0.014693252881067534,0.06880729172391443
0.1,0.0005,2,0.1,2,VM,0.0,0.0
0.1,0.0005,2,0.1,2,Other,0.005122880701944552,0.06980162060106433
0.1,0.001,0.75,0.001,0,PMEC,0.05628219694588512,0.056547801683756865
0.1,0.001,0.75,0.001,0,VM,0.0,0.0
0.1,0.001,0.75,0.001,0,Other,0.039299791728124096,0.040197090781526106
0.1,0.001,0.75,0.001,1,PMEC,0.056316949325021896,0.05654931018607534
0.1,0.001,0.75,0.001,1,VM,0.0,0.0
0.1,0.001,0.75,0.001,1,Other,0.03936752023055061,0.04026122724881018
0.1,0.001,0.75,0.001,2,PMEC,0.056369756018960826,0.05662015637044704
0.1,0.001,0.75,0.001,2,VM,0.0,0.0
0.1,0.001,0.75,0.001,2,Other,0.039668874038083585,0.04061334820914358
0.1,0.001,0.75,0.005,0,PMEC,0.05541589357750369,0.05609559251682658
0.1,0.001,0.75,0.005,0,VM,0.0,0.0
0.1,0.001,0.75,0.005,0,Other,0.031665908891999044,0.03503480329314174
0.1,0.001,0.75,0.005,1,PMEC,0.05555722283607289,0.05612747394092608
0.1,0.001,0.75,0.005,1,VM,0.0,0.0
0.1,0.001,0.75,0.005,1,Other,0.03175324323082622,0.03520366653895556
0.1,0.001,0.75,0.005,2,PMEC,0.055277191176310934,0.056017972504932186
0.1,0.001,0.75,0.005,2,VM,0.0,0.0
0.1,0.001,0.75,0.005,2,Other,0.03154759197530839,0.03482469376586889
0.1,0.001,0.75,0.01,0,PMEC,0.05300055152480645,0.055259945301128
0.1,0.001,0.75,0.01,0,VM,0.0,0.0
0.1,0.001,0.75,0.01,0,Other,0.02205478805890201,0.032922167796653926
0.1,0.001,0.75,0.01,1,PMEC,0.05180620208025746,0.05480453768440205
0.1,0.001,0.75,0.01,1,VM,0.0,0.0
0.1,0.001,0.75,0.01,1,Other,0.021976944540464855,0.03270537012845539
0.1,0.001,0.75,0.01,2,PMEC,0.05195946447965894,0.055061514253781974
0.1,0.001,0.75,0.01,2,VM,0.0,0.0
0.1,0.001,0.75,0.01,2,Other,0.022213582278321226,0.03345876754741759
0.1,0.001,0.75,0.05,0,PMEC,0.02570074134144227,0.050721665765758726
0.1,0.001,0.75,0.05,0,VM,0.0,0.0
0.1,0.001,0.75,0.05,0,Other,0.006189051319074216,0.04609744071554287
0.1,0.001,0.75,0.05,1,PMEC,0.02591506067987135,0.05108701086345015
0.1,0.001,0.75,0.05,1,VM,0.0,0.0
0.1,0.001,0.75,0.05,1,Other,0.006026283722623999,0.04622220999744869
0.1,0.001,0.75,0.05,2,PMEC,0.025617674650313876,0.05087080794476768
0.1,0.001,0.75,0.05,2,VM,0.0,0.0
0.1,0.001,0.75,0.05,2,Other,0.0064409639013048225,0.04645134614239633
0.1,0.001,0.75,0.1,0,PMEC,0.014473527596632984,0.06938045033639191
0.1,0.001,0.75,0.1,0,VM,0.0,0.0
0.1,0.001,0.75,0.1,0,Other,0.00538008764936578,0.06974874189200361
0.1,0.001,0.75,0.1,1,PMEC,0.01517720547501922,0.06909854285736018
0.1,0.001,0.75,0.1,1,VM,0.0,0.0
0.1,0.001,0.75,0.1,1,Other,0.004529803971792699,0.06918602161568631
0.1,0.001,0.75,0.1,2,PMEC,0.014405784039413996,0.0691108895168441
0.1,0.001,0.75,0.1,2,VM,0.0,0.0
0.1,0.001,0.75,0.1,2,Other,0.005031821165273757,0.06967645429362687
0.1,0.001,1,0.001,0,PMEC,0.05595730812010647,0.05618863138108204
0.1,0.001,1,0.001,0,VM,0.0,0.0
0.1,0.001,1,0.001,0,Other,0.03942858983386729,0.040336423966626726
0.1,0.001,1,0.001,1,PMEC,0.056210713299778135,0.05643431512361864
0.1,0.001,1,0.001,1,VM,0.0,0.0
0.1,0.001,1,0.001,1,Other,0.03998414941923748,0.04088848758138336
0.1,0.001,1,0.001,2,PMEC,0.05618836129468668,0.056422058357984244
0.1,0.001,1,0.001,2,VM,0.0,0.0
0.1,0.001,1,0.001,2,Other,0.0393321077208699,0.04024121801015713
0.1,0.001,1,0.005,0,PMEC,0.05541752031021235,0.05611806623339067
0.1,0.001,1,0.005,0,VM,0.0,0.0
0.1,0.001,1,0.005,0,Other,0.0322778899944718,0.03526306383098328
0.1,0.001,1,0.005,1,PMEC,0.05517832301378919,0.055985803611276884
0.1,0.001,1,0.005,1,VM,0.0,0.0
0.1,0.001,1,0.005,1,Other,0.03126325232823662,0.03467634421893292
0.1,0.001,1,0.005,2,PMEC,0.055483041061320716,0.056204614225736776
0.1,0.001,1,0.005,2,VM,0.0,0.0
0.1,0.001,1,0.005,2,Other,0.03230253344552314,0.03527429514499556
0.1,0.001,1,0.01,0,PMEC,0.0525728309642771,0.05511670066321002
0.1,0.001,1,0.01,0,VM,0.0,0.0
0.1,0.001,1,0.01,0,Other,0.021662003481484702,0.03246837357690508
0.1,0.001,1,0.01,1,PMEC,0.0521116607292593,0.054779806070099794
0.1,0.001,1,0.01,1,VM,0.0,0.0
0.1,0.001,1,0.01,1,Other,0.02096771677691974,0.032043038944573644
0.1,0.001,1,0.01,2,PMEC,0.053088090871541614,0.05547753779161758
0.1,0.001,1,0.01,2,VM,0.0,0.0
0.1,0.001,1,0.01,2,Other,0.022494962695238773,0.033115137339100216
0.1,0.001,1,0.05,0,PMEC,0.025663168705735418,0.05099739273251356
0.1,0.001,1,0.05,0,VM,0.0,0.0
0.1,0.001,1,0.05,0,Other,0.006317423351639949,0.046282508789507584
0.1,0.001,1,0.05,1,PMEC,0.024152702759967653,0.050783029127613344
0.1,0.001,1,0.05,1,VM,0.0,0.0
0.1,0.001,1,0.05,1,Other,0.006572422086006395,0.04626453148111647
0.1,0.001,1,0.05,2,PMEC,0.025771522091396496,0.05050034315133394
0.1,0.001,1,0.05,2,VM,0.0,0.0
0.1,0.001,1,0.05,2,Other,0.0065695992597199935,0.04599859631287144
0.1,0.001,1,0.1,0,PMEC,0.011845711160915344,0.08256382791266972
0.1,0.001,1,0.1,0,VM,0.0,0.0
0.1,0.001,1,0.1,0,Other,0.00577675463796552,0.08989864346820954
0.1,0.001,1,0.1,1,PMEC,0.015739366333804006,0.06966730191083743
0.1,0.001,1,0.1,1,VM,0.0,0.0
0.1,0.001,1,0.1,1,Other,0.005148640095198005,0.06965634912870323
0.1,0.001,1,0.1,2,PMEC,0.014757205479208307,0.06969028305901356
0.1,0.001,1,0.1,2,VM,0.0,0.0
0.1,0.001,1,0.1,2,Other,0.004842921461263331,0.06981264596703889
0.1,0.001,1.5,0.001,0,PMEC,0.055968046255259675,0.05620849374867521
0.1,0.001,1.5,0.001,0,VM,0.0,0.0
0.1,0.001,1.5,0.001,0,Other,0.039468990301120256,0.04039107442180226
0.1,0.001,1.5,0.001,1,PMEC,0.05594897251926472,0.05620017940628293
0.1,0.001,1.5,0.001,1,VM,0.0,0.0
0.1,0.001,1.5,0.001,1,Other,0.03941161997407504,0.04037456544591771
0.1,0.001,1.5,0.001,2,PMEC,0.05605677592725615,0.05631340986769876
0.1,0.001,1.5,0.001,2,VM,0.0,0.0
0.1,0.001,1.5,0.001,2,Other,0.03949028113813477,0.040389874050109964
0.1,0.001,1.5,0.005,0,PMEC,0.055408972773239015,0.056177805724017135
0.1,0.001,1.5,0.005,0,VM,0.0,0.0
0.1,0.001,1.5,0.005,0,Other,0.031973477000969974,0.03529058430490625
0.1,0.001,1.5,0.005,1,PMEC,0.05511287667162467,0.05580202566827345
0.1,0.001,1.5,0.005,1,VM,0.0,0.0
0.1,0.001,1.5,0.005,1,Other,0.030992062075238136,0.03468258109958208
0.1,0.001,1.5,0.005,2,PMEC,0.05518471846633284,0.055957905803116326
0.1,0.001,1.5,0.005,2,VM,0.0,0.0
0.1,0.001,1.5,0.005,2,Other,0.031858196051174244,0.03494237384422931
0.1,0.001,1.5,0.01,0,PMEC,0.05265171762153975,0.05496981858700955
0.1,0.001,1.5,0.01,0,VM,0.0,0.0
0.1,0.001,1.5,0.01,0,Other,0.022119120775310506,0.03298645048490426
0.1,0.001,1.5,0.01,1,PMEC,0.05191299070849613,0.055230595929841836
0.1,0.001,1.5,0.01,1,VM,0.0,0.0
0.1,0.001,1.5,0.01,1,Other,0.021818590927665134,0.033081236963482925
0.1,0.001,1.5,0.01,2,PMEC,0.054490139845346376,0.056200832078726747
0.1,0.001,1.5,0.01,2,VM,0.0,0.0
0.1,0.001,1.5,0.01,2,Other,0.022183215582396484,0.03296433378888334
0.1,0.001,1.5,0.05,0,PMEC,0.02349682496637549,0.05020274963047049
0.1,0.001,1.5,0.05,0,VM,0.0,0.0
0.1,0.001,1.5,0.05,0,Other,0.006227351718913323,0.046461853362247875
0.1,0.001,1.5,0.05,1,PMEC,0.02483819710864576,0.050540587940641986
0.1,0.001,1.5,0.05,1,VM,0.0,0.0
0.1,0.001,1.5,0.05,1,Other,0.005936168852530734,0.04628351289198859
0.1,0.001,1.5,0.05,2,PMEC,0.02307141509353531,0.050405309315757554
0.1,0.001,1.5,0.05,2,VM,0.0,0.0
0.1,0.001,1.5,0.05,2,Other,0.005682050590245405,0.0461882629597378
0.1,0.001,1.5,0.1,0,PMEC,0.014248232777957877,0.06908929127140995
0.1,0.001,1.5,0.1,0,VM,0.0,0.0
0.1,0.001,1.5,0.1,0,Other,0.004446212080576317,0.06970035106391022
0.1,0.001,1.5,0.1,1,PMEC,0.014321583957215004,0.06962932921553744
0.1,0.001,1.5,0.1,1,VM,0.0,0.0
0.1,0.001,1.5,0.1,1,Other,0.004585850527725087,0.0696258073450728
0.1,0.001,1.5,0.1,2,PMEC,0.014120872703394901,0.06927782918106912
0.1,0.001,1.5,0.1,2,VM,0.0,0.0
0.1,0.001,1.5,0.1,2,Other,0.004782215516357925,0.06967031768568567
0.1,0.001,2,0.001,0,PMEC,0.05595411933283262,0.05624707978403675
0.1,0.001,2,0.001,0,VM,0.0,0.0
0.1,0.001,2,0.001,0,Other,0.03905430459410826,0.04002634622458707
0.1,0.001,2,0.001,1,PMEC,0.05606263201356862,0.056364487971108504
0.1,0.001,2,0.001,1,VM,0.0,0.0
0.1,0.001,2,0.001,1,Other,0.03930575148730434,0.04029586705349914
0.1,0.001,2,0.001,2,PMEC,0.05592054019936032,0.056207996522908886
0.1,0.001,2,0.001,2,VM,0.0,0.0
0.1,0.001,2,0.001,2,Other,0.03983710409594491,0.04077449487469538
0.1,0.001,2,0.005,0,PMEC,0.055392143135766604,0.056142618258214
0.1,0.001,2,0.005,0,VM,0.0,0.0
0.1,0.001,2,0.005,0,Other,0.031980408256416855,0.035340693280672325
0.1,0.001,2,0.005,1,PMEC,0.05533269335854787,0.056202082982942915
0.1,0.001,2,0.005,1,VM,0.0,0.0
0.1,0.001,2,0.005,1,Other,0.031420252476988014,0.034812531256025764
0.1,0.001,2,0.005,2,PMEC,0.0548551070452739,0.05600460712399769
0.1,0.001,2,0.005,2,VM,0.0,0.0
0.1,0.001,2,0.005,2,Other,0.03165827625128357,0.03508682608893012
0.1,0.001,2,0.01,0,PMEC,0.05362633479175258,0.05569459136851239
0.1,0.001,2,0.01,0,VM,0.0,0.0
0.1,0.001,2,0.01,0,Other,0.021326329727078812,0.03230307419199582
0.1,0.001,2,0.01,1,PMEC,0.052892327146215355,0.05523094030083145
0.1,0.001,2,0.01,1,VM,0.0,0.0
0.1,0.001,2,0.01,1,Other,0.02139184064338095,0.03272822450955287
0.1,0.001,2,0.01,2,PMEC,0.05277776170041005,0.055303483004780385
0.1,0.001,2,0.01,2,VM,0.0,0.0
0.1,0.001,2,0.01,2,Other,0.021595963831434806,0.03267826186846887
0.1,0.001,2,0.05,0,PMEC,0.02709643126172937,0.051260412246903087
0.1,0.001,2,0.05,0,VM,0.0,0.0
0.1,0.001,2,0.05,0,Other,0.005978704901107808,0.04614003247676113
0.1,0.001,2,0.05,1,PMEC,0.024826091639378094,0.05109465068745571
0.1,0.001,2,0.05,1,VM,0.0,0.0
0.1,0.001,2,0.05,1,Other,0.0061646720694373824,0.046108394593120314
0.1,0.001,2,0.05,2,PMEC,0.026606766062455853,0.05100661076673372
0.1,0.001,2,0.05,2,VM,0.0,0.0
0.1,0.001,2,0.05,2,Other,0.006212864454527461,0.04649073071264423
0.1,0.001,2,0.1,0,PMEC,0.014474231519143413,0.06969716464239165
0.1,0.001,2,0.1,0,VM,0.0,0.0
0.1,0.001,2,0.1,0,Other,0.004942451449923311,0.06920870131552248
0.1,0.001,2,0.1,1,PMEC,0.013352132817965691,0.06898155497588278
0.1,0.001,2,0.1,1,VM,0.0,0.0
0.1,0.001,2,0.1,1,Other,0.005182366277010931,0.06949336962340469
0.1,0.001,2,0.1,2,PMEC,0.010167089069144817,0.0785526185333444
0.1,0.001,2,0.1,2,VM,0.0,0.0
0.1,0.001,2,0.1,2,Other,0.005584439641227704,0.08241731450553041
0.1,0.005,0.75,0.001,0,PMEC,0.05462536073333628,0.05516489140906159
0.1,0.005,0.75,0.001,0,VM,0.0,0.0
0.1,0.005,0.75,0.001,0,Other,0.03902421320875229,0.04007134913053944
0.1,0.005,0.75,0.001,1,PMEC,0.05386695886336751,0.054452633452787544
0.1,0.005,0.75,0.001,1,VM,0.0,0.0
0.1,0.005,0.75,0.001,1,Other,0.039357060159657245,0.04037785567522841
0.1,0.005,0.75,0.001,2,PMEC,0.05520385133288758,0.055728733307594217
0.1,0.005,0.75,0.001,2,VM,0.0,0.0
0.1,0.005,0.75,0.001,2,Other,0.03905027521428296,0.04008209491855322
0.1,0.005,0.75,0.005,0,PMEC,0.05502607414927034,0.055841908696001814
0.1,0.005,0.75,0.005,0,VM,0.0,0.0
0.1,0.005,0.75,0.005,0,Other,0.03186794684888542,0.03506411298511591
0.1,0.005,0.75,0.005,1,PMEC,0.05504490670644912,0.05596503683604015
0.1,0.005,0.75,0.005,1,VM,0.0,0.0
0.1,0.005,0.75,0.005,1,Other,0.03155326461035078,0.03503476324203104
0.1,0.005,0.75,0.005,2,PMEC,0.0548861789390684,0.055867595153907275
0.1,0.005,0.75,0.005,2,VM,0.0,0.0
0.1,0.005,0.75,0.005,2,Other,0.03183911135008491,0.035154108372919025
0.1,0.005,0.75,0.01,0,PMEC,0.05299193168609708,0.0553959084824139
0.1,0.005,0.75,0.01,0,VM,0.0,0.0
0.1,0.005,0.75,0.01,0,Other,0.022422415745530572,0.03339976570553574
0.1,0.005,0.75,0.01,1,PMEC,0.05346194980039386,0.05559870659374667
0.1,0.005,0.75,0.01,1,VM,0.0,0.0
0.1,0.005,0.75,0.01,1,Other,0.022011185135365752,0.03254644385056551
0.1,0.005,0.75,0.01,2,PMEC,0.05163260645973671,0.054857450284672864
0.1,0.005,0.75,0.01,2,VM,0.0,0.0
0.1,0.005,0.75,0.01,2,Other,0.021526117813588517,0.03243409342596966
0.1,0.005,0.75,0.05,0,PMEC,0.02424175624203072,0.05079291740991739
0.1,0.005,0.75,0.05,0,VM,0.0,0.0
0.1,0.005,0.75,0.05,0,Other,0.006618365519028618,0.04624956815492035
0.1,0.005,0.75,0.05,1,PMEC,0.02350498665733032,0.05066677157798192
0.1,0.005,0.75,0.05,1,VM,0.0,0.0
0.1,0.005,0.75,0.05,1,Other,0.006386304705455261,0.04627408251162581
0.1,0.005,0.75,0.05,2,PMEC,0.02615581057059052,0.05106507013323603
0.1,0.005,0.75,0.05,2,VM,0.0,0.0
0.1,0.005,0.75,0.05,2,Other,0.005841684621199794,0.046124178831479686
0.1,0.005,0.75,0.1,0,PMEC,0.013813685007967983,0.06868090587634396
0.1,0.005,0.75,0.1,0,VM,0.0,0.0
0.1,0.005,0.75,0.1,0,Other,0.004867318741014321,0.0693220939631791
0.1,0.005,0.75,0.1,1,PMEC,0.014020904528712798,0.06982361872233768
0.1,0.005,0.75,0.1,1,VM,0.0,0.0
0.1,0.005,0.75,0.1,1,Other,0.004488861131384023,0.0693813961496356
0.1,0.005,0.75,0.1,2,PMEC,0.015695598947126434,0.0694684585687983
0.1,0.005,0.75,0.1,2,VM,0.0,0.0
0.1,0.005,0.75,0.1,2,Other,0.005094098457479829,0.06949804359777056
0.1,0.005,1,0.001,0,PMEC,0.05355232940452412,0.05433725189554531
0.1,0.005,1,0.001,0,VM,0.0,0.0
0.1,0.005,1,0.001,0,Other,0.03788730245309528,0.03909520494683524
0.1,0.005,1,0.001,1,PMEC,0.054386023583260217,0.05514379002873822
0.1,0.005,1,0.001,1,VM,0.0,0.0
0.1,0.005,1,0.001,1,Other,0.03802790042167619,0.0391706911889955
0.1,0.005,1,0.001,2,PMEC,0.0538171111741938,0.054551001959552446
0.1,0.005,1,0.001,2,VM,0.0,0.0
0.1,0.005,1,0.001,2,Other,0.038372916263708576,0.03957948408960032
0.1,0.005,1,0.005,0,PMEC,0.05405548906262126,0.05549937523543136
0.1,0.005,1,0.005,0,VM,0.0,0.0
0.1,0.005,1,0.005,0,Other,0.03156965705195087,0.035053824997137474
0.1,0.005,1,0.005,1,PMEC,0.05487432141255581,0.055965210682360794
0.1,0.005,1,0.005,1,VM,0.0,0.0
0.1,0.005,1,0.005,1,Other,0.03223044371524148,0.035505902014519516
0.1,0.005,1,0.005,2,PMEC,0.05393319876803293,0.05507636157299124
0.1,0.005,1,0.005,2,VM,0.0,0.0
0.1,0.005,1,0.005,2,Other,0.031241135490686495,0.034766244095371844
0.1,0.005,1,0.01,0,PMEC,0.05262905240413991,0.05525103187210026
0.1,0.005,1,0.01,0,VM,0.0,0.0
0.1,0.005,1,0.01,0,Other,0.021373700099289135,0.032704382304161006
0.1,0.005,1,0.01,1,PMEC,0.05281437006266313,0.05540396619846118
0.1,0.005,1,0.01,1,VM,0.0,0.0
0.1,0.005,1,0.01,1,Other,0.022790398584142682,0.03314470547004681
0.1,0.005,1,0.01,2,PMEC,0.053228205133899684,0.0557405235184045
0.1,0.005,1,0.01,2,VM,0.0,0.0
0.1,0.005,1,0.01,2,Other,0.020835354409386792,0.032696738211650825
0.1,0.005,1,0.05,0,PMEC,0.023919830710646572,0.0504871943142355
0.1,0.005,1,0.05,0,VM,0.0,0.0
0.1,0.005,1,0.05,0,Other,0.006797134900476557,0.04645471388864677
0.1,0.005,1,0.05,1,PMEC,0.02520625843685807,0.05073836036292746
0.1,0.005,1,0.05,1,VM,0.0,0.0
0.1,0.005,1,0.05,1,Other,0.006213651201614235,0.04609298946039947
0.1,0.005,1,0.05,2,PMEC,0.025256127069986645,0.05025469699978812
0.1,0.005,1,0.05,2,VM,0.0,0.0
0.1,0.005,1,0.05,2,Other,0.00651996841825778,0.04640192126764144
0.1,0.005,1,0.1,0,PMEC,0.01374172599121599,0.06928281672657038
0.1,0.005,1,0.1,0,VM,0.0,0.0
0.1,0.005,1,0.1,0,Other,0.005169784989546304,0.06916674421502224
0.1,0.005,1,0.1,1,PMEC,0.01441860203387251,0.06944875275408006
0.1,0.005,1,0.1,1,VM,0.0,0.0
0.1,0.005,1,0.1,1,Other,0.005603365817183903,0.06907073555020664
0.1,0.005,1,0.1,2,PMEC,0.014850851138371932,0.06953837203619254
0.1,0.005,1,0.1,2,VM,0.0,0.0
0.1,0.005,1,0.1,2,Other,0.005031401675681839,0.06962543129093553
0.1,0.005,1.5,0.001,0,PMEC,0.05211756536473179,0.05338444969368669
0.1,0.005,1.5,0.001,0,VM,0.0,0.0
0.1,0.005,1.5,0.001,0,Other,0.03709025075575566,0.0384693991114446
0.1,0.005,1.5,0.001,1,PMEC,0.051981382710220764,0.05309503275251083
0.1,0.005,1.5,0.001,1,VM,0.0,0.0
0.1,0.005,1.5,0.001,1,Other,0.038740786814429946,0.04001428769475586
0.1,0.005,1.5,0.001,2,PMEC,0.05139716927905016,0.05282703768105283
0.1,0.005,1.5,0.001,2,VM,0.0,0.0
0.1,0.005,1.5,0.001,2,Other,0.03727883776855081,0.0387572958933102
0.1,0.005,1.5,0.005,0,PMEC,0.052710326278531734,0.0543884296272932
0.1,0.005,1.5,0.005,0,VM,0.0,0.0
0.1,0.005,1.5,0.005,0,Other,0.03101899792199507,0.034666162441288596
0.1,0.005,1.5,0.005,1,PMEC,0.051080860990594855,0.0533173103487944
0.1,0.005,1.5,0.005,1,VM,0.0,0.0
0.1,0.005,1.5,0.005,1,Other,0.029804028885830933,0.03398017939198774
0.1,0.005,1.5,0.005,2,PMEC,0.051648092086221,0.053663666693373475
0.1,0.005,1.5,0.005,2,VM,0.0,0.0
0.1,0.005,1.5,0.005,2,Other,0.030780951656207894,0.03444950613719716
0.1,0.005,1.5,0.01,0,PMEC,0.05156362070767866,0.05461625889440269
0.1,0.005,1.5,0.01,0,VM,0.0,0.0
0.1,0.005,1.5,0.01,0,Other,0.021900996548317706,0.03258335318286153
0.1,0.005,1.5,0.01,1,PMEC,0.050982611826720335,0.05419740123008164
0.1,0.005,1.5,0.01,1,VM,0.0,0.0
0.1,0.005,1.5,0.01,1,Other,0.021715782887834288,0.03302557399682091
0.1,0.005,1.5,0.01,2,PMEC,0.053194785284894415,0.05567937214126189
0.1,0.005,1.5,0.01,2,VM,0.0,0.0
0.1,0.005,1.5,0.01,2,Other,0.02280680986683605,0.03314196582554456
0.1,0.005,1.5,0.05,0,PMEC,0.02625558467301145,0.05071908410847883
0.1,0.005,1.5,0.05,0,VM,0.0,0.0
0.1,0.005,1.5,0.05,0,Other,0.006468596819328997,0.046084004216088145
0.1,0.005,1.5,0.05,1,PMEC,0.02352297556680568,0.050277686851113654
0.1,0.005,1.5,0.05,1,VM,0.0,0.0
0.1,0.005,1.5,0.05,1,Other,0.005628076458989845,0.046219593104408076
0.1,0.005,1.5,0.05,2,PMEC,0.02510653557431651,0.05089294703363209
0.1,0.005,1.5,0.05,2,VM,0.0,0.0
0.1,0.005,1.5,0.05,2,Other,0.006392650533201486,0.04616367343373423
0.1,0.005,1.5,0.1,0,PMEC,0.014151301105651406,0.06944098658411128
0.1,0.005,1.5,0.1,0,VM,0.0,0.0
0.1,0.005,1.5,0.1,0,Other,0.004994601518023536,0.06949109325703284
0.1,0.005,1.5,0.1,1,PMEC,0.014921540954432324,0.06952076559438027
0.1,0.005,1.5,0.1,1,VM,0.0,0.0
0.1,0.005,1.5,0.1,1,Other,0.004617888796873852,0.06955052026620014
0.1,0.005,1.5,0.1,2,PMEC,0.014078172673901865,0.06948476157400804
0.1,0.005,1.5,0.1,2,VM,0.0,0.0
0.1,0.005,1.5,0.1,2,Other,0.00479430339648302,0.0695910565348282
0.1,0.005,2,0.001,0,PMEC,0.04899225860427012,0.050847613235397375
0.1,0.005,2,0.001,0,VM,0.0,0.0
0.1,0.005,2,0.001,0,Other,0.03641372750910251,0.03808885066778984
0.1,0.005,2,0.001,1,PMEC,0.05045001078159293,0.05272351684002511
0.1,0.005,2,0.001,1,VM,0.0,0.0
0.1,0.005,2,0.001,1,Other,0.03682015597676296,0.03849486672841737
0.1,0.005,2,0.001,2,PMEC,0.05010584772522956,0.05244151209491833
0.1,0.005,2,0.001,2,VM,0.0,0.0
0.1,0.005,2,0.001,2,Other,0.03693610237658465,0.03869421928548075
0.1,0.005,2,0.005,0,PMEC,0.05003062448131525,0.05264815278562015
0.1,0.005,2,0.005,0,VM,0.0,0.0
0.1,0.005,2,0.005,0,Other,0.02913478677668099,0.03352821158278779
0.1,0.005,2,0.005,1,PMEC,0.04851818710372318,0.05145426638946431
0.1,0.005,2,0.005,1,VM,0.0,0.0
0.1,0.005,2,0.005,1,Other,0.029943447703496988,0.03415054993695097
0.1,0.005,2,0.005,2,PMEC,0.04980406074373126,0.05281011461374313
0.1,0.005,2,0.005,2,VM,0.0,0.0
0.1,0.005,2,0.005,2,Other,0.030080953415160965,0.0342806194166099
0.1,0.005,2,0.01,0,PMEC,0.050166827668935654,0.05399522869558561
0.1,0.005,2,0.01,0,VM,0.0,0.0
0.1,0.005,2,0.01,0,Other,0.020474708398699762,0.03252027587298885
0.1,0.005,2,0.01,1,PMEC,0.04773790529177622,0.052480845193279425
0.1,0.005,2,0.01,1,VM,0.0,0.0
0.1,0.005,2,0.01,1,Other,0.021509642551112998,0.03301053374364938
0.1,0.005,2,0.01,2,PMEC,0.04887005684317927,0.052671793758518506
0.1,0.005,2,0.01,2,VM,0.0,0.0
0.1,0.005,2,0.01,2,Other,0.0224729154449354,0.033047046534151726
0.1,0.005,2,0.05,0,PMEC,0.02623397540133377,0.05089344573637472
0.1,0.005,2,0.05,0,VM,0.0,0.0
0.1,0.005,2,0.05,0,Other,0.006027280750396888,0.04616160413030262
0.1,0.005,2,0.05,1,PMEC,0.023546508356875197,0.05031491650491638
0.1,0.005,2,0.05,1,VM,0.0,0.0
0.1,0.005,2,0.05,1,Other,0.006621109784221517,0.04632367053346903
0.1,0.005,2,0.05,2,PMEC,0.024248650330044266,0.05070957945086805
0.1,0.005,2,0.05,2,VM,0.0,0.0
0.1,0.005,2,0.05,2,Other,0.00618362557483932,0.04631240412173508
0.1,0.005,2,0.1,0,PMEC,0.012403776538178542,0.06954133451278531
0.1,0.005,2,0.1,0,VM,0.0,0.0
0.1,0.005,2,0.1,0,Other,0.00479385842423906,0.06986325304437697
0.1,0.005,2,0.1,1,PMEC,0.012750126471199,0.0697129656780291
0.1,0.005,2,0.1,1,VM,0.0,0.0
0.1,0.005,2,0.1,1,Other,0.005001342396338416,0.06958265297086
0.1,0.005,2,0.1,2,PMEC,0.009836057170832918,0.08448186317494485
0.1,0.005,2,0.1,2,VM,0.0,0.0
0.1,0.005,2,0.1,2,Other,0.006475813140701835,0.08950449069105003
0.1,0.01,0.75,0.001,0,PMEC,0.05120781249766081,0.052564399111420024
0.1,0.01,0.75,0.001,0,VM,0.0,0.0
0.1,0.01,0.75,0.001,0,Other,0.03725074443048659,0.0387013336339771
0.1,0.01,0.75,0.001,1,PMEC,0.05247524131890407,0.05378515775483726
0.1,0.01,0.75,0.001,1,VM,0.0,0.0
0.1,0.01,0.75,0.001,1,Other,0.03793963599993587,0.03929338056065275
0.1,0.01,0.75,0.001,2,PMEC,0.05306927568128915,0.05435917230592689
0.1,0.01,0.75,0.001,2,VM,0.0,0.0
0.1,0.01,0.75,0.001,2,Other,0.039049921513940475,0.040280960312948984
0.1,0.01,0.75,0.005,0,PMEC,0.0524122589859087,0.054259951184853224
0.1,0.01,0.75,0.005,0,VM,0.0,0.0
0.1,0.01,0.75,0.005,0,Other,0.030453046271804937,0.034276888746394674
0.1,0.01,0.75,0.005,1,PMEC,0.05035914260291784,0.05252657527241584
0.1,0.01,0.75,0.005,1,VM,0.0,0.0
0.1,0.01,0.75,0.005,1,Other,0.0310363763571193,0.0345261478651298
0.1,0.01,0.75,0.005,2,PMEC,0.05216061430695648,0.05394431683289499
0.1,0.01,0.75,0.005,2,VM,0.0,0.0
0.1,0.01,0.75,0.005,2,Other,0.03118920345956251,0.03491776907061744
0.1,0.01,0.75,0.01,0,PMEC,0.052573709707884185,0.0553403221568525
0.1,0.01,0.75,0.01,0,VM,0.0,0.0
0.1,0.01,0.75,0.01,0,Other,0.022658667794665646,0.03332850588414419
0.1,0.01,0.75,0.01,1,PMEC,0.052941803490287445,0.0553881783860514
0.1,0.01,0.75,0.01,1,VM,0.0,0.0
0.1,0.01,0.75,0.01,1,Other,0.021538975002250885,0.032791209506570884
0.1,0.01,0.75,0.01,2,PMEC,0.05268104556214542,0.05535785369915954
0.1,0.01,0.75,0.01,2,VM,0.0,0.0
0.1,0.01,0.75,0.01,2,Other,0.022780788045590715,0.03318130057430313
0.1,0.01,0.75,0.05,0,PMEC,0.023192591479521227,0.0503861174854693
0.1,0.01,0.75,0.05,0,VM,0.0,0.0
0.1,0.01,0.75,0.05,0,Other,0.006563216050692697,0.04640534361802928
0.1,0.01,0.75,0.05,1,PMEC,0.026308885596295642,0.05091679105421263
0.1,0.01,0.75,0.05,1,VM,0.0,0.0
0.1,0.01,0.75,0.05,1,Other,0.006584104282468105,0.046403523740305944
0.1,0.01,0.75,0.05,2,PMEC,0.023195156744897458,0.049944616887450846
0.1,0.01,0.75,0.05,2,VM,0.0,0.0
0.1,0.01,0.75,0.05,2,Other,0.006875909717191417,0.046392691269290895
0.1,0.01,0.75,0.1,0,PMEC,0.01385786835392104,0.06923055549154512
0.1,0.01,0.75,0.1,0,VM,0.0,0.0
0.1,0.01,0.75,0.1,0,Other,0.005379215134385404,0.06970461480491916
0.1,0.01,0.75,0.1,1,PMEC,0.014453216181333781,0.06980802689995318
0.1,0.01,0.75,0.1,1,VM,0.0,0.0
0.1,0.01,0.75,0.1,1,Other,0.0053264090421538315,0.06927391252338841
0.1,0.01,0.75,0.1,2,PMEC,0.014122284328687342,0.06950092649197241
0.1,0.01,0.75,0.1,2,VM,0.0,0.0
0.1,0.01,0.75,0.1,2,Other,0.00496580216721434,0.0698089129444492
0.1,0.01,1,0.001,0,PMEC,0.050381677227662,0.05209898522113528
0.1,0.01,1,0.001,0,VM,0.0,0.0
0.1,0.01,1,0.001,0,Other,0.036472915654873886,0.03816091775690657
0.1,0.01,1,0.001,1,PMEC,0.048709362134177925,0.050794838684091494
0.1,0.01,1,0.001,1,VM,0.0,0.0
0.1,0.01,1,0.001,1,Other,0.03541972506830841,0.03729712324096181
0.1,0.01,1,0.001,2,PMEC,0.048486924960224394,0.05114407564560461
0.1,0.01,1,0.001,2,VM,0.0,0.0
0.1,0.01,1,0.001,2,Other,0.0343418842792373,0.03660758388755855
0.1,0.01,1,0.005,0,PMEC,0.049411691074279375,0.05214365346997296
0.1,0.01,1,0.005,0,VM,0.0,0.0
0.1,0.01,1,0.005,0,Other,0.03085997367119589,0.03475847026111429
0.1,0.01,1,0.005,1,PMEC,0.049086041059212916,0.051739013212695716
0.1,0.01,1,0.005,1,VM,0.0,0.0
0.1,0.01,1,0.005,1,Other,0.0300425843884129,0.03455092290608877
0.1,0.01,1,0.005,2,PMEC,0.04881884682979777,0.0514088824403713
0.1,0.01,1,0.005,2,VM,0.0,0.0
0.1,0.01,1,0.005,2,Other,0.030809310276531037,0.03487472537246303
0.1,0.01,1,0.01,0,PMEC,0.049582737977974634,0.05246814810302322
0.1,0.01,1,0.01,0,VM,0.0,0.0
0.1,0.01,1,0.01,0,Other,0.023083747176182858,0.033284262815461096
0.1,0.01,1,0.01,1,PMEC,0.04781444876871657,0.051714822412372165
0.1,0.01,1,0.01,1,VM,0.0,0.0
0.1,0.01,1,0.01,1,Other,0.021891411701012612,0.03310209932854661
0.1,0.01,1,0.01,2,PMEC,0.05188572465273442,0.05482116681353076
0.1,0.01,1,0.01,2,VM,0.0,0.0
0.1,0.01,1,0.01,2,Other,0.02237843752080907,0.03309511987945553
0.1,0.01,1,0.05,0,PMEC,0.02464230550024806,0.050518043992481894
0.1,0.01,1,0.05,0,VM,0.0,0.0
0.1,0.01,1,0.05,0,Other,0.006352655700398249,0.04630997265649857
0.1,0.01,1,0.05,1,PMEC,0.026485056511408717,0.05105746991692082
0.1,0.01,1,0.05,1,VM,0.0,0.0
0.1,0.01,1,0.05,1,Other,0.006026657421262089,0.04619834541213606
0.1,0.01,1,0.05,2,PMEC,0.025533775720910337,0.050747477966405836
0.1,0.01,1,0.05,2,VM,0.0,0.0
0.1,0.01,1,0.05,2,Other,0.006772777104385065,0.04624238673302156
0.1,0.01,1,0.1,0,PMEC,0.01474946944225512,0.06909729817746776
0.1,0.01,1,0.1,0,VM,0.0,0.0
0.1,0.01,1,0.1,0,Other,0.0044050234587950385,0.06946742913134106
0.1,0.01,1,0.1,1,PMEC,0.014497798563676762,0.06989096159729978
0.1,0.01,1,0.1,1,VM,0.0,0.0
0.1,0.01,1,0.1,1,Other,0.0046793985780503805,0.06969981487508133
0.1,0.01,1,0.1,2,PMEC,0.014166835491032963,0.0698922398703491
0.1,0.01,1,0.1,2,VM,0.0,0.0
0.1,0.01,1,0.1,2,Other,0.0049970797005891455,0.0690787381201762
0.1,0.01,1.5,0.001,0,PMEC,0.04928371797761898,0.052223172029231255
0.1,0.01,1.5,0.001,0,VM,0.0,0.0
0.1,0.01,1.5,0.001,0,Other,0.035864504166999496,0.03796610843147455
0.1,0.01,1.5,0.001,1,PMEC,0.04987903293157069,0.05273370088713922
0.1,0.01,1.5,0.001,1,VM,0.0,0.0
0.1,0.01,1.5,0.001,1,Other,0.03638992291400172,0.038496665029173434
0.1,0.01,1.5,0.001,2,PMEC,0.04845626804725313,0.05077917025390041
0.1,0.01,1.5,0.001,2,VM,0.0,0.0
0.1,0.01,1.5,0.001,2,Other,0.036516344129451844,0.038586378604085675
0.1,0.01,1.5,0.005,0,PMEC,0.04987131028452833,0.05297043992754345
0.1,0.01,1.5,0.005,0,VM,0.0,0.0
0.1,0.01,1.5,0.005,0,Other,0.031845616362576434,0.035493798060605236
0.1,0.01,1.5,0.005,1,PMEC,0.04986856789992841,0.053384590056301
0.1,0.01,1.5,0.005,1,VM,0.0,0.0
0.1,0.01,1.5,0.005,1,Other,0.029778798078265792,0.03480114584996534
0.1,0.01,1.5,0.005,2,PMEC,0.04804563147446545,0.05132442233178997
0.1,0.01,1.5,0.005,2,VM,0.0,0.0
0.1,0.01,1.5,0.005,2,Other,0.02988305374492292,0.03416977311454668
0.1,0.01,1.5,0.01,0,PMEC,0.04585852524241355,0.05090798114964779
0.1,0.01,1.5,0.01,0,VM,0.0,0.0
0.1,0.01,1.5,0.01,0,Other,0.021448052813434763,0.03283904062115619
0.1,0.01,1.5,0.01,1,PMEC,0.04519899866329426,0.050459803699056366
0.1,0.01,1.5,0.01,1,VM,0.0,0.0
0.1,0.01,1.5,0.01,1,Other,0.020869191749938953,0.03232446860083839
0.1,0.01,1.5,0.01,2,PMEC,0.044146122758810004,0.04957625635645328
0.1,0.01,1.5,0.01,2,VM,0.0,0.0
0.1,0.01,1.5,0.01,2,Other,0.019904941001720543,0.03171582822425093
0.1,0.01,1.5,0.05,0,PMEC,0.024136478671949835,0.05065497580053619
0.1,0.01,1.5,0.05,0,VM,0.0,0.0
0.1,0.01,1.5,0.05,0,Other,0.00643963607893189,0.046309234532767474
0.1,0.01,1.5,0.05,1,PMEC,0.024171834057084618,0.05062462747998311
0.1,0.01,1.5,0.05,1,VM,0.0,0.0
0.1,0.01,1.5,0.05,1,Other,0.0061734531207030645,0.04616127871837526
0.1,0.01,1.5,0.05,2,PMEC,0.02569682750852319,0.051197790636577416
0.1,0.01,1.5,0.05,2,VM,0.0,0.0
0.1,0.01,1.5,0.05,2,Other,0.006334283880988023,0.04620991545277769
0.1,0.01,1.5,0.1,0,PMEC,0.013637634662832248,0.06925961754151116
0.1,0.01,1.5,0.1,0,VM,0.0,0.0
0.1,0.01,1.5,0.1,0,Other,0.005158231218350116,0.06976783204872154
0.1,0.01,1.5,0.1,1,PMEC,0.013100423716924476,0.06884071218952062
0.1,0.01,1.5,0.1,1,VM,0.0,0.0
0.1,0.01,1.5,0.1,1,Other,0.004871132540987969,0.06946664217099188
0.1,0.01,1.5,0.1,2,PMEC,0.011444864058899478,0.08745403578707812
0.1,0.01,1.5,0.1,2,VM,0.0,0.0
0.1,0.01,1.5,0.1,2,Other,0.006823379158606791,0.09284339203398907
0.1,0.01,2,0.001,0,PMEC,0.04546998779608064,0.04901415656363524
0.1,0.01,2,0.001,0,VM,0.0,0.0
0.1,0.01,2,0.001,0,Other,0.033850879505610124,0.036829951880848096
0.1,0.01,2,0.001,1,PMEC,0.045960288639354335,0.05025139439772636
0.1,0.01,2,0.001,1,VM,0.0,0.0
0.1,0.01,2,0.001,1,Other,0.03399833977951612,0.03683825658765243
0.1,0.01,2,0.001,2,PMEC,0.045781648423493915,0.04959886652703884
0.1,0.01,2,0.001,2,VM,0.0,0.0
0.1,0.01,2,0.001,2,Other,0.033678283883842794,0.03674992187532432
0.1,0.01,2,0.005,0,PMEC,0.044472782041242866,0.04921893944201372
0.1,0.01,2,0.005,0,VM,0.0,0.0
0.1,0.01,2,0.005,0,Other,0.02812928907233004,0.033169858437657816
0.1,0.01,2,0.005,1,PMEC,0.043073797769465,0.0485551595415368
0.1,0.01,2,0.005,1,VM,0.0,0.0
0.1,0.01,2,0.005,1,Other,0.02655170283955286,0.032498401534030656
0.1,0.01,2,0.005,2,PMEC,0.0454324944921282,0.04972665102042885
0.1,0.01,2,0.005,2,VM,0.0,0.0
0.1,0.01,2,0.005,2,Other,0.028970046744323304,0.03421491367738547
0.1,0.01,2,0.01,0,PMEC,0.040599616320875526,0.04786895557585035
0.1,0.01,2,0.01,0,VM,0.0,0.0
0.1,0.01,2,0.01,0,Other,0.02304093772179583,0.03333362456964193
0.1,0.01,2,0.01,1,PMEC,0.0425882727592979,0.04930343217799283
0.1,0.01,2,0.01,1,VM,0.0,0.0
0.1,0.01,2,0.01,1,Other,0.01985536398899027,0.03261236088244959
0.1,0.01,2,0.01,2,PMEC,0.04198481725546857,0.04905515147321993
0.1,0.01,2,0.01,2,VM,0.0,0.0
0.1,0.01,2,0.01,2,Other,0.02193424065422157,0.033070889433556655
0.1,0.01,2,0.05,0,PMEC,0.022718355168654825,0.05026919239384474
0.1,0.01,2,0.05,0,VM,0.0,0.0
0.1,0.01,2,0.05,0,Other,0.0064124986379633965,0.04629050051773971
0.1,0.01,2,0.05,1,PMEC,0.025625237394214587,0.050880383374100814
0.1,0.01,2,0.05,1,VM,0.0,0.0
0.1,0.01,2,0.05,1,Other,0.0068011074660580375,0.04634162139876588
0.1,0.01,2,0.05,2,PMEC,0.023312722026846488,0.05051040753964457
0.1,0.01,2,0.05,2,VM,0.0,0.0
0.1,0.01,2,0.05,2,Other,0.006552918892420849,0.046329815657169884
0.1,0.01,2,0.1,0,PMEC,0.013750133083759618,0.06947117835689745
0.1,0.01,2,0.1,0,VM,0.0,0.0
0.1,0.01,2,0.1,0,Other,0.005305622843677919,0.06935718771561854
0.1,0.01,2,0.1,1,PMEC,0.014214406458225873,0.06983646098354623
0.1,0.01,2,0.1,1,VM,0.0,0.0
0.1,0.01,2,0.1,1,Other,0.005740273491080708,0.06923575050084975
0.1,0.01,2,0.1,2,PMEC,0.013030678927775815,0.06985436958561832
0.1,0.01,2,0.1,2,VM,0.0,0.0
0.1,0.01,2,0.1,2,Other,0.005277920703661487,0.06932855268134885
0.1,0.05,0.75,0.001,0,PMEC,0.036290246150790975,0.043973795134891136
0.1,0.05,0.75,0.001,0,VM,0.0,0.0
0.1,0.05,0.75,0.001,0,Other,0.029161316200950197,0.035472483592969346
0.1,0.05,0.75,0.001,1,PMEC,0.03957648894334138,0.04581840984984182
0.1,0.05,0.75,0.001,1,VM,0.0,0.0
0.1,0.05,0.75,0.001,1,Other,0.033192225907530154,0.03734341249352794
0.1,0.05,0.75,0.001,2,PMEC,0.03574176741214673,0.04361266257825466
0.1,0.05,0.75,0.001,2,VM,0.0,0.0
0.1,0.05,0.75,0.001,2,Other,0.03001148073751294,0.03500892901417696
0.1,0.05,0.75,0.005,0,PMEC,0.03875827038969776,0.046058040366836535
0.1,0.05,0.75,0.005,0,VM,0.0,0.0
0.1,0.05,0.75,0.005,0,Other,0.02727289963724764,0.0337702546301485
0.1,0.05,0.75,0.005,1,PMEC,0.03543224590592232,0.04453527436564221
0.1,0.05,0.75,0.005,1,VM,0.0,0.0
0.1,0.05,0.75,0.005,1,Other,0.027368807555980725,0.03457531867673567
0.1,0.05,0.75,0.005,2,PMEC,0.0346037991873283,0.04311473303283248
0.1,0.05,0.75,0.005,2,VM,0.0,0.0
0.1,0.05,0.75,0.005,2,Other,0.02791171225784946,0.03533369986081695
0.1,0.05,0.75,0.01,0,PMEC,0.03050416058476215,0.04284657845873457
0.1,0.05,0.75,0.01,0,VM,0.0,0.0
0.1,0.05,0.75,0.01,0,Other,0.02056612723479931,0.03371001206761229
0.1,0.05,0.75,0.01,1,PMEC,0.03520057244735504,0.04548282767697427
0.1,0.05,0.75,0.01,1,VM,0.0,0.0
0.1,0.05,0.75,0.01,1,Other,0.021842181129874776,0.03373976347268218
0.1,0.05,0.75,0.01,2,PMEC,0.034459429409280574,0.045004222077571716
0.1,0.05,0.75,0.01,2,VM,0.0,0.0
0.1,0.05,0.75,0.01,2,Other,0.02133885043640094,0.033594835472953735
0.1,0.05,0.75,0.05,0,PMEC,0.02149504812313052,0.0508492491392609
0.1,0.05,0.75,0.05,0,VM,0.0,0.0
0.1,0.05,0.75,0.05,0,Other,0.006448810343351298,0.04612068841023035
0.1,0.05,0.75,0.05,1,PMEC,0.023153293027442512,0.05063499355541646
0.1,0.05,0.75,0.05,1,VM,0.0,0.0
0.1,0.05,0.75,0.05,1,Other,0.006085940013494248,0.045812699572945655
0.1,0.05,0.75,0.05,2,PMEC,0.02267525161471563,0.050974103276162204
0.1,0.05,0.75,0.05,2,VM,0.0,0.0
0.1,0.05,0.75,0.05,2,Other,0.006344626493545063,0.046207961074171376
0.1,0.05,0.75,0.1,0,PMEC,0.012471034358428138,0.07057866487190713
0.1,0.05,0.75,0.1,0,VM,0.0,0.0
0.1,0.05,0.75,0.1,0,Other,0.004469832963703786,0.06932811087885411
0.1,0.05,0.75,0.1,1,PMEC,0.013714917336339484,0.07041868536473918
0.1,0.05,0.75,0.1,1,VM,0.0,0.0
0.1,0.05,0.75,0.1,1,Other,0.0043035072106085625,0.06922892560180595
0.1,0.05,0.75,0.1,2,PMEC,0.008706787305131079,0.08567294317803549
0.1,0.05,0.75,0.1,2,VM,0.0,0.0
0.1,0.05,0.75,0.1,2,Other,0.006448075905462196,0.08870945897441736
0.1,0.05,1,0.001,0,PMEC,0.025044431042075224,0.03973491074070287
0.1,0.05,1,0.001,0,VM,0.0,0.0
0.1,0.05,1,0.001,0,Other,0.024380370531708134,0.03469575801972095
0.1,0.05,1,0.001,1,PMEC,0.028253070545243165,0.040435276437025
0.1,0.05,1,0.001,1,VM,0.0,0.0
0.1,0.05,1,0.001,1,Other,0.027894457923675443,0.034921129168647244
0.1,0.05,1,0.001,2,PMEC,0.027229857471843467,0.039661796392269424
0.1,0.05,1,0.001,2,VM,0.0,0.0
0.1,0.05,1,0.001,2,Other,0.02495695609673301,0.03360745093453539
0.1,0.05,1,0.005,0,PMEC,0.02003409113655676,0.03743020161724153
0.1,0.05,1,0.005,0,VM,0.0,0.0
0.1,0.05,1,0.005,0,Other,0.019043053358650502,0.032091678448698834
0.1,0.05,1,0.005,1,PMEC,0.027249909193422628,0.04146088860151797
0.1,0.05,1,0.005,1,VM,0.0,0.0
0.1,0.05,1,0.005,1,Other,0.024974854470641454,0.03469845267508607
0.1,0.05,1,0.005,2,PMEC,0.0246779266993074,0.039620238725566755
0.1,0.05,1,0.005,2,VM,0.0,0.0
0.1,0.05,1,0.005,2,Other,0.024138356161380572,0.034057728072255336
0.1,0.05,1,0.01,0,PMEC,0.027844105199172842,0.041911940029002996
0.1,0.05,1,0.01,0,VM,0.0,0.0
0.1,0.05,1,0.01,0,Other,0.02213295059200201,0.03370958567605621
0.1,0.05,1,0.01,1,PMEC,0.024181524662539453,0.041595158390427066
0.1,0.05,1,0.01,1,VM,0.0,0.0
0.1,0.05,1,0.01,1,Other,0.018473806849991874,0.03348207063743029
0.1,0.05,1,0.01,2,PMEC,0.022768940750865326,0.0404454613598783
0.1,0.05,1,0.01,2,VM,0.0,0.0
0.1,0.05,1,0.01,2,Other,0.01827186678037089,0.03332619911496833
0.1,0.05,1,0.05,0,PMEC,0.018889922607124764,0.05062677735600476
0.1,0.05,1,0.05,0,VM,0.0,0.0
0.1,0.05,1,0.05,0,Other,0.006272228400129581,0.046324037090775164
0.1,0.05,1,0.05,1,PMEC,0.01906770678169975,0.05119388193716062
0.1,0.05,1,0.05,1,VM,0.0,0.0
0.1,0.05,1,0.05,1,Other,0.005692995275356847,0.04613033666803445
0.1,0.05,1,0.05,2,PMEC,0.022499847428282222,0.05171660803617363
0.1,0.05,1,0.05,2,VM,0.0,0.0
0.1,0.05,1,0.05,2,Other,0.007090768000985008,0.046229159508797336
0.1,0.05,1,0.1,0,PMEC,0.008573055989064271,0.08504896414648747
0.1,0.05,1,0.1,0,VM,0.0,0.0
0.1,0.05,1,0.1,0,Other,0.006764507504012194,0.08988624290169375
0.1,0.05,1,0.1,1,PMEC,0.012758707782045683,0.07165823929291339
0.1,0.05,1,0.1,1,VM,0.0,0.0
0.1,0.05,1,0.1,1,Other,0.005057539791141837,0.0689986497409344
0.1,0.05,1,0.1,2,PMEC,0.01275398750855224,0.07142456730523991
0.1,0.05,1,0.1,2,VM,0.0,0.0
0.1,0.05,1,0.1,2,Other,0.0045064400390906765,0.06950036516450206
0.1,0.05,1.5,0.001,0,PMEC,0.02186740231762572,0.03913179949864734
0.1,0.05,1.5,0.001,0,VM,0.0,0.0
0.1,0.05,1.5,0.001,0,Other,0.02645203421998253,0.03336369875345492
0.1,0.05,1.5,0.001,1,PMEC,0.017013945745426844,0.039236374282523155
0.1,0.05,1.5,0.001,1,VM,0.0,0.0
0.1,0.05,1.5,0.001,1,Other,0.02052112303933045,0.03240503115456984
0.1,0.05,1.5,0.001,2,PMEC,0.009738255041286637,0.03623035613682877
0.1,0.05,1.5,0.001,2,VM,0.0,0.0
0.1,0.05,1.5,0.001,2,Other,0.01740064510067026,0.03130913915727702
0.1,0.05,1.5,0.005,0,PMEC,0.014322019460283757,0.03857256822145413
0.1,0.05,1.5,0.005,0,VM,0.0,0.0
0.1,0.05,1.5,0.005,0,Other,0.02150197808279516,0.033509951983148614
0.1,0.05,1.5,0.005,1,PMEC,0.01770110683381592,0.03763697352653356
0.1,0.05,1.5,0.005,1,VM,0.0,0.0
0.1,0.05,1.5,0.005,1,Other,0.020727399710863008,0.0320445616773614
0.1,0.05,1.5,0.005,2,PMEC,0.013384382991784512,0.03890391697883783
0.1,0.05,1.5,0.005,2,VM,0.0,0.0
0.1,0.05,1.5,0.005,2,Other,0.01999186934105643,0.03328716393298113
0.1,0.05,1.5,0.01,0,PMEC,0.017737865219377334,0.0400634710887775
0.1,0.05,1.5,0.01,0,VM,0.0,0.0
0.1,0.05,1.5,0.01,0,Other,0.018063917504624882,0.03347222726437962
0.1,0.05,1.5,0.01,1,PMEC,0.013856770489985596,0.03867826525093387
0.1,0.05,1.5,0.01,1,VM,0.0,0.0
0.1,0.05,1.5,0.01,1,Other,0.0173809430518487,0.033228269983106955
0.1,0.05,1.5,0.01,2,PMEC,0.016593016157823052,0.04007157362547347
0.1,0.05,1.5,0.01,2,VM,0.0,0.0
0.1,0.05,1.5,0.01,2,Other,0.017249589849525133,0.03362676229639153
0.1,0.05,1.5,0.05,0,PMEC,0.011206447581986844,0.05197683717356222
0.1,0.05,1.5,0.05,0,VM,0.0,0.0
0.1,0.05,1.5,0.05,0,Other,0.005383995927004686,0.04599639064917237
0.1,0.05,1.5,0.05,1,PMEC,0.011415789265761781,0.0515917530470789
0.1,0.05,1.5,0.05,1,VM,0.0,0.0
0.1,0.05,1.5,0.05,1,Other,0.005418186540893582,0.045869714574141365
0.1,0.05,1.5,0.05,2,PMEC,0.01398098218683555,0.05176758034658362
0.1,0.05,1.5,0.05,2,VM,0.0,0.0
0.1,0.05,1.5,0.05,2,Other,0.005995204813927907,0.04616303952185615
0.1,0.05,1.5,0.1,0,PMEC,0.011147507932893977,0.08215274856940828
0.1,0.05,1.5,0.1,0,VM,0.0,0.0
0.1,0.05,1.5,0.1,0,Other,0.005538283152516264,0.08469506325970313
0.1,0.05,1.5,0.1,1,PMEC,0.011153829270019863,0.07357956369799432
0.1,0.05,1.5,0.1,1,VM,0.0,0.0
0.1,0.05,1.5,0.1,1,Other,0.0043387177174999516,0.06905488179328616
0.1,0.05,1.5,0.1,2,PMEC,0.007031145167449622,0.0888988101985524
0.1,0.05,1.5,0.1,2,VM,0.0,0.0
0.1,0.05,1.5,0.1,2,Other,0.0062828581078879266,0.09115776992497567
0.1,0.05,2,0.001,0,PMEC,0.013848589283873195,0.03903557188880623
0.1,0.05,2,0.001,0,VM,0.0,0.0
0.1,0.05,2,0.001,0,Other,0.023482500711341874,0.033249698819561545
0.1,0.05,2,0.001,1,PMEC,0.019486011192389463,0.041657003159763645
0.1,0.05,2,0.001,1,VM,0.0,0.0
0.1,0.05,2,0.001,1,Other,0.02385992971956075,0.03355053357392497
0.1,0.05,2,0.001,2,PMEC,0.012863540747982577,0.03865128637641989
0.1,0.05,2,0.001,2,VM,0.0,0.0
0.1,0.05,2,0.001,2,Other,0.02106890019359547,0.031884508866411386
0.1,0.05,2,0.005,0,PMEC,0.012863824822051959,0.03989375725581599
0.1,0.05,2,0.005,0,VM,0.0,0.0
0.1,0.05,2,0.005,0,Other,0.021784247524745216,0.034326258850832445
0.1,0.05,2,0.005,1,PMEC,0.012958579722680115,0.04002067050728912
0.1,0.05,2,0.005,1,VM,0.0,0.0
0.1,0.05,2,0.005,1,Other,0.01769043858998339,0.03280916345563874
0.1,0.05,2,0.005,2,PMEC,0.006672217485199326,0.03727091464230156
0.1,0.05,2,0.005,2,VM,0.0,0.0
0.1,0.05,2,0.005,2,Other,0.0130933371269163,0.02979432495148916
0.1,0.05,2,0.01,0,PMEC,0.012481393577736482,0.04131039349421691
0.1,0.05,2,0.01,0,VM,0.0,0.0
0.1,0.05,2,0.01,0,Other,0.01541808774144877,0.03345653496701028
0.1,0.05,2,0.01,1,PMEC,0.012624689976251983,0.04037080983550548
0.1,0.05,2,0.01,1,VM,0.0,0.0
0.1,0.05,2,0.01,1,Other,0.015019040465125788,0.033717296837042596
0.1,0.05,2,0.01,2,PMEC,0.010899803401282483,0.04038940422763902
0.1,0.05,2,0.01,2,VM,0.0,0.0
0.1,0.05,2,0.01,2,Other,0.013003833290026424,0.03323418710321202
0.1,0.05,2,0.05,0,PMEC,0.009529938603669371,0.05411730986794268
0.1,0.05,2,0.05,0,VM,0.0,0.0
0.1,0.05,2,0.05,0,Other,0.005113866641022068,0.045825533363436824
0.1,0.05,2,0.05,1,PMEC,0.008174496225476231,0.05394528764417112
0.1,0.05,2,0.05,1,VM,0.0,0.0
0.1,0.05,2,0.05,1,Other,0.005117496763946542,0.046302436714977246
0.1,0.05,2,0.05,2,PMEC,0.008927853543706643,0.05370801842092471
0.1,0.05,2,0.05,2,VM,0.0,0.0
0.1,0.05,2,0.05,2,Other,0.0053691257197962736,0.04577424979650558
0.1,0.05,2,0.1,0,PMEC,0.008065294128629953,0.09514500672022906
0.1,0.05,2,0.1,0,VM,0.0,0.0
0.1,0.05,2,0.1,0,Other,0.006791304712985044,0.09226691361966713
0.1,0.05,2,0.1,1,PMEC,0.007686927903071367,0.09403702026573395
0.1,0.05,2,0.1,1,VM,0.0,0.0
0.1,0.05,2,0.1,1,Other,0.007384763196418126,0.0954454289652868
0.1,0.05,2,0.1,2,PMEC,0.005751931738743853,0.08495332211353875
0.1,0.05,2,0.1,2,VM,0.0,0.0
0.1,0.05,2,0.1,2,Other,0.005088003334926678,0.08815688321479856
0.1,0.1,0.75,0.001,0,PMEC,0.01594727084259947,0.03938946880023354
0.1,0.1,0.75,0.001,0,VM,0.0,0.0
0.1,0.1,0.75,0.001,0,Other,0.02449867049948183,0.03407217203669406
0.1,0.1,0.75,0.001,1,PMEC,0.0201425908573681,0.03941395922191881
0.1,0.1,0.75,0.001,1,VM,0.0,0.0
0.1,0.1,0.75,0.001,1,Other,0.023690483647560323,0.03287824206440122
0.1,0.1,0.75,0.001,2,PMEC,0.018702107368828234,0.038372963727427885
0.1,0.1,0.75,0.001,2,VM,0.0,0.0
0.1,0.1,0.75,0.001,2,Other,0.023373639552544113,0.0334246889633425
0.1,0.1,0.75,0.005,0,PMEC,0.015784285534785333,0.03734215814960048
0.1,0.1,0.75,0.005,0,VM,0.0,0.0
0.1,0.1,0.75,0.005,0,Other,0.01812782858100897,0.030611206335126758
0.1,0.1,0.75,0.005,1,PMEC,0.017299645475951527,0.038970327077881305
0.1,0.1,0.75,0.005,1,VM,0.0,0.0
0.1,0.1,0.75,0.005,1,Other,0.019318865871108884,0.03272435068159187
0.1,0.1,0.75,0.005,2,PMEC,0.020412994154319134,0.04039127841272351
0.1,0.1,0.75,0.005,2,VM,0.0,0.0
0.1,0.1,0.75,0.005,2,Other,0.022676246168442965,0.034024297461503795
0.1,0.1,0.75,0.01,0,PMEC,0.012982989267260872,0.03960569469250993
0.1,0.1,0.75,0.01,0,VM,0.0,0.0
0.1,0.1,0.75,0.01,0,Other,0.013903549079189654,0.033075607252418884
0.1,0.1,0.75,0.01,1,PMEC,0.016542748732055586,0.04086379677049113
0.1,0.1,0.75,0.01,1,VM,0.0,0.0
0.1,0.1,0.75,0.01,1,Other,0.016757898802874885,0.03404910523469509
0.1,0.1,0.75,0.01,2,PMEC,0.01379208185631558,0.03907884806465557
0.1,0.1,0.75,0.01,2,VM,0.0,0.0
0.1,0.1,0.75,0.01,2,Other,0.016839597983620003,0.033357437902610594
0.1,0.1,0.75,0.05,0,PMEC,0.012188138413053865,0.05166407793221535
0.1,0.1,0.75,0.05,0,VM,0.0,0.0
0.1,0.1,0.75,0.05,0,Other,0.005294256935669915,0.04627976492560389
0.1,0.1,0.75,0.05,1,PMEC,0.012085160337481854,0.05160122195689403
0.1,0.1,0.75,0.05,1,VM,0.0,0.0
0.1,0.1,0.75,0.05,1,Other,0.005599588153355435,0.04607378108405206
0.1,0.1,0.75,0.05,2,PMEC,0.011772941176535847,0.05211293857584148
0.1,0.1,0.75,0.05,2,VM,0.0,0.0
0.1,0.1,0.75,0.05,2,Other,0.005721765599746448,0.04594718864121327
0.1,0.1,0.75,0.1,0,PMEC,0.010876834121512682,0.0739155751781421
0.1,0.1,0.75,0.1,0,VM,0.0,0.0
0.1,0.1,0.75,0.1,0,Other,0.0050533515190924715,0.06913867826608461
0.1,0.1,0.75,0.1,1,PMEC,0.011743289773889264,0.07408499894221371
0.1,0.1,0.75,0.1,1,VM,0.0,0.0
0.1,0.1,0.75,0.1,1,Other,0.004438563240227929,0.06935511790896978
0.1,0.1,0.75,0.1,2,PMEC,0.010251328265420483,0.07372333555629759
0.1,0.1,0.75,0.1,2,VM,0.0,0.0
0.1,0.1,0.75,0.1,2,Other,0.004175272581257615,0.06941345766328624
0.1,0.1,1,0.001,0,PMEC,0.010236631266248056,0.03748701776085324
0.1,0.1,1,0.001,0,VM,0.0,0.0
0.1,0.1,1,0.001,0,Other,0.01901979032292801,0.0303979249551699
0.1,0.1,1,0.001,1,PMEC,0.014887204149995404,0.04033324458053793
0.1,0.1,1,0.001,1,VM,0.0,0.0
0.1,0.1,1,0.001,1,Other,0.02385524783365843,0.033896189424979156
0.1,0.1,1,0.001,2,PMEC,0.016290176028442876,0.04017841659230188
0.1,0.1,1,0.001,2,VM,0.0,0.0
0.1,0.1,1,0.001,2,Other,0.02331542477382501,0.0330947358658333
0.1,0.1,1,0.005,0,PMEC,0.013262905574876931,0.03974991924553346
0.1,0.1,1,0.005,0,VM,0.0,0.0
0.1,0.1,1,0.005,0,Other,0.015946397640199735,0.03262540180645601
0.1,0.1,1,0.005,1,PMEC,0.01502559099838494,0.04100758215616824
0.1,0.1,1,0.005,1,VM,0.0,0.0
0.1,0.1,1,0.005,1,Other,0.01678688115595643,0.032775062535796325
0.1,0.1,1,0.005,2,PMEC,0.01016876616697957,0.03796401277851417
0.1,0.1,1,0.005,2,VM,0.0,0.0
0.1,0.1,1,0.005,2,Other,0.015751431026852048,0.031105233240719933
0.1,0.1,1,0.01,0,PMEC,0.012968143875032645,0.03935336299723001
0.1,0.1,1,0.01,0,VM,0.0,0.0
0.1,0.1,1,0.01,0,Other,0.012680545999927175,0.031607679569912686
0.1,0.1,1,0.01,1,PMEC,0.014267478003475352,0.04115541177455266
0.1,0.1,1,0.01,1,VM,0.0,0.0
0.1,0.1,1,0.01,1,Other,0.01619704010850431,0.03379457626308691
0.1,0.1,1,0.01,2,PMEC,0.012861507963409756,0.041276335008569295
0.1,0.1,1,0.01,2,VM,0.0,0.0
0.1,0.1,1,0.01,2,Other,0.016511698125246863,0.03415704859126969
0.1,0.1,1,0.05,0,PMEC,0.008017253776646076,0.05394862451253881
0.1,0.1,1,0.05,0,VM,0.0,0.0
0.1,0.1,1,0.05,0,Other,0.006076854036409824,0.0460834206968135
0.1,0.1,1,0.05,1,PMEC,0.008893125573189584,0.05412852101073603
0.1,0.1,1,0.05,1,VM,0.0,0.0
0.1,0.1,1,0.05,1,Other,0.004772145507174689,0.04568748724122944
0.1,0.1,1,0.05,2,PMEC,0.008070094352045686,0.05422261441681444
0.1,0.1,1,0.05,2,VM,0.0,0.0
0.1,0.1,1,0.05,2,Other,0.005467540444742535,0.04591557793676013
0.1,0.1,1,0.1,0,PMEC,0.009432415133335743,0.07682015505317996
0.1,0.1,1,0.1,0,VM,0.0,0.0
0.1,0.1,1,0.1,0,Other,0.00464563226513727,0.06919261537088031
0.1,0.1,1,0.1,1,PMEC,0.007930201602840149,0.07754131117126799
0.1,0.1,1,0.1,1,VM,0.0,0.0
0.1,0.1,1,0.1,1,Other,0.004517484654980109,0.06925930907832215
0.1,0.1,1,0.1,2,PMEC,0.009138185375613212,0.07660650784081127
0.1,0.1,1,0.1,2,VM,0.0,0.0
0.1,0.1,1,0.1,2,Other,0.004853758001831895,0.06925382115172486
0.1,0.1,1.5,0.001,0,PMEC,0.017490360933346452,0.044216610974794825
0.1,0.1,1.5,0.001,0,VM,0.0,0.0
0.1,0.1,1.5,0.001,0,Other,0.024665099861340984,0.03376588696569605
0.1,0.1,1.5,0.001,1,PMEC,0.01106435218868212,0.04103558373365046
0.1,0.1,1.5,0.001,1,VM,0.0,0.0
0.1,0.1,1.5,0.001,1,Other,0.02276317211344059,0.03304721049440524
0.1,0.1,1.5,0.001,2,PMEC,0.010776127094167871,0.04163282349570033
0.1,0.1,1.5,0.001,2,VM,0.0,0.0
0.1,0.1,1.5,0.001,2,Other,0.02297490006347132,0.033238512330998976
0.1,0.1,1.5,0.005,0,PMEC,0.009304978080834754,0.04308952870939783
0.1,0.1,1.5,0.005,0,VM,0.0,0.0
0.1,0.1,1.5,0.005,0,Other,0.01570069532137273,0.03226701068340046
0.1,0.1,1.5,0.005,1,PMEC,0.01151795420582058,0.043125790847487584
0.1,0.1,1.5,0.005,1,VM,0.0,0.0
0.1,0.1,1.5,0.005,1,Other,0.020300994551912484,0.03234162388803371
0.1,0.1,1.5,0.005,2,PMEC,0.01593159109381884,0.044728118764481656
0.1,0.1,1.5,0.005,2,VM,0.0,0.0
0.1,0.1,1.5,0.005,2,Other,0.01975911395141298,0.03223646773531539
0.1,0.1,1.5,0.01,0,PMEC,0.011992334581478574,0.04569324921446064
0.1,0.1,1.5,0.01,0,VM,0.0,0.0
0.1,0.1,1.5,0.01,0,Other,0.015360317100466635,0.03412085245142364
0.1,0.1,1.5,0.01,1,PMEC,0.010307345631287185,0.04431406578322691
0.1,0.1,1.5,0.01,1,VM,0.0,0.0
0.1,0.1,1.5,0.01,1,Other,0.014337736236795375,0.033472196940773295
0.1,0.1,1.5,0.01,2,PMEC,0.012822051473293902,0.04482849017032385
0.1,0.1,1.5,0.01,2,VM,0.0,0.0
0.1,0.1,1.5,0.01,2,Other,0.01628329461092712,0.03391866547265918
0.1,0.1,1.5,0.05,0,PMEC,0.008201660713398546,0.06226879785001955
0.1,0.1,1.5,0.05,0,VM,0.0,0.0
0.1,0.1,1.5,0.05,0,Other,0.006209838183833166,0.04642209977291025
0.1,0.1,1.5,0.05,1,PMEC,0.006665081710664172,0.06288026967357281
0.1,0.1,1.5,0.05,1,VM,0.0,0.0
0.1,0.1,1.5,0.05,1,Other,0.005105638856520228,0.045894718133469625
0.1,0.1,1.5,0.05,2,PMEC,0.007217748162575428,0.060262105400620235
0.1,0.1,1.5,0.05,2,VM,0.0,0.0
0.1,0.1,1.5,0.05,2,Other,0.005527354045771083,0.04600008304515167
0.1,0.1,1.5,0.1,0,PMEC,0.0073230654987495505,0.08752651007332628
0.1,0.1,1.5,0.1,0,VM,0.0,0.0
0.1,0.1,1.5,0.1,0,Other,0.0038822584417295405,0.07003773757995291
0.1,0.1,1.5,0.1,1,PMEC,0.004440031390382085,0.09261626432866985
0.1,0.1,1.5,0.1,1,VM,0.0,0.0
0.1,0.1,1.5,0.1,1,Other,0.007387310886916108,0.09662415126783962
0.1,0.1,1.5,0.1,2,PMEC,0.008060981326405627,0.09103994712111942
0.1,0.1,1.5,0.1,2,VM,0.0,0.0
0.1,0.1,1.5,0.1,2,Other,0.007135170020752396,0.09106341716522907
0.1,0.1,2,0.001,0,PMEC,0.011882318231749903,0.06537247530414034
0.1,0.1,2,0.001,0,VM,0.0,0.0
0.1,0.1,2,0.001,0,Other,0.01925059697218811,0.059650629830943165
0.1,0.1,2,0.001,1,PMEC,0.02848348658459422,0.0718036342977967
0.1,0.1,2,0.001,1,VM,0.0,0.0
0.1,0.1,2,0.001,1,Other,0.02599264785583786,0.06036219495302581
0.1,0.1,2,0.001,2,PMEC,0.02525975049391616,0.07330601223754481
0.1,0.1,2,0.001,2,VM,0.0,0.0
0.1,0.1,2,0.001,2,Other,0.02193352132271842,0.06190914423916382
0.1,0.1,2,0.005,0,PMEC,0.015818901766592574,0.060181202165156794
0.1,0.1,2,0.005,0,VM,0.0,0.0
0.1,0.1,2,0.005,0,Other,0.017354916236206382,0.05865770640707224
0.1,0.1,2,0.005,1,PMEC,0.016039625285804604,0.0652054711561314
0.1,0.1,2,0.005,1,VM,0.0,0.0
0.1,0.1,2,0.005,1,Other,0.01799773143850866,0.0646573195288732
0.1,0.1,2,0.005,2,PMEC,0.013749607856409933,0.06010033203857903
0.1,0.1,2,0.005,2,VM,0.0,0.0
0.1,0.1,2,0.005,2,Other,0.014500777586779324,0.057832220349069645
0.1,0.1,2,0.01,0,PMEC,0.009037751987265629,0.06263955404111195
0.1,0.1,2,0.01,0,VM,0.0,0.0
0.1,0.1,2,0.01,0,Other,0.010960996099749834,0.0556890316126875
0.1,0.1,2,0.01,1,PMEC,0.010154933304058084,0.06772581296084565
0.1,0.1,2,0.01,1,VM,0.0,0.0
0.1,0.1,2,0.01,1,Other,0.012088239450942739,0.05170513057959248
0.1,0.1,2,0.01,2,PMEC,0.012576241026963286,0.07094361204453746
0.1,0.1,2,0.01,2,VM,0.0,0.0
0.1,0.1,2,0.01,2,Other,0.011636437780357422,0.06615438643115955
0.1,0.1,2,0.05,0,PMEC,0.0058848845692933945,0.0783603228326249
0.1,0.1,2,0.05,0,VM,0.0,0.0
0.1,0.1,2,0.05,0,Other,0.006310608073085871,0.07529149986726709
0.1,0.1,2,0.05,1,PMEC,0.010778216992122756,0.08036895182641661
0.1,0.1,2,0.05,1,VM,0.0,0.0
0.1,0.1,2,0.05,1,Other,0.006865591658997233,0.06901743257442321
0.1,0.1,2,0.05,2,PMEC,0.008227432262149437,0.08053512803128937
0.1,0.1,2,0.05,2,VM,0.0,0.0
0.1,0.1,2,0.05,2,Other,0.0067137069246450175,0.07044266776440203
0.1,0.1,2,0.1,0,PMEC,0.006068361769733875,0.08966032705751405
0.1,0.1,2,0.1,0,VM,0.0,0.0
0.1,0.1,2,0.1,0,Other,0.005142924819100047,0.09004140960756801
0.1,0.1,2,0.1,1,PMEC,0.006031247365094455,0.09544904521457188
0.1,0.1,2,0.1,1,VM,0.0,0.0
0.1,0.1,2,0.1,1,Other,0.006032539221499861,0.08944026074210652
0.1,0.1,2,0.1,2,PMEC,0.006583966726549932,0.08858133661712594
0.1,0.1,2,0.1,2,VM,0.0,0.0
0.1,0.1,2,0.1,2,Other,0.004947306231522798,0.08636544476178133
0.005,0.0001,0.75,0.001,0,PMEC,0.03120554285125359,0.03337485343010641
0.005,0.0001,0.75,0.001,0,VM,0.0,0.0
0.005,0.0001,0.75,0.001,0,Other,0.02953468802487117,0.0314240895585316
0.005,0.0001,0.75,0.001,1,PMEC,0.030384229059570764,0.03218651816603641
0.005,0.0001,0.75,0.001,1,VM,0.0,0.0
0.005,0.0001,0.75,0.001,1,Other,0.02962689268501024,0.031325796497366366
0.005,0.0001,0.75,0.001,2,PMEC,0.031442420083362156,0.03295630172884108
0.005,0.0001,0.75,0.001,2,VM,0.0,0.0
0.005,0.0001,0.75,0.001,2,Other,0.03006085987697522,0.031564277054564306
0.005,0.0001,0.75,0.005,0,PMEC,0.028431278878875046,0.03320189915764446
0.005,0.0001,0.75,0.005,0,VM,0.0,0.0
0.005,0.0001,0.75,0.005,0,Other,0.027581442478348643,0.03244702617254826
0.005,0.0001,0.75,0.005,1,PMEC,0.028411563610131717,0.033423550964595136
0.005,0.0001,0.75,0.005,1,VM,0.0,0.0
0.005,0.0001,0.75,0.005,1,Other,0.02721653774692339,0.03257407561117697
0.005,0.0001,0.75,0.005,2,PMEC,0.028508852515806538,0.0326942995740729
0.005,0.0001,0.75,0.005,2,VM,0.0,0.0
0.005,0.0001,0.75,0.005,2,Other,0.025975834573329214,0.03168069173024695
0.005,0.0001,0.75,0.01,0,PMEC,0.02461190936909212,0.03325266701957724
0.005,0.0001,0.75,0.01,0,VM,0.0,0.0
0.005,0.0001,0.75,0.01,0,Other,0.022523655047653066,0.032871750701911166
0.005,0.0001,0.75,0.01,1,PMEC,0.02429289308182946,0.03271493562086733
0.005,0.0001,0.75,0.01,1,VM,0.0,0.0
0.005,0.0001,0.75,0.01,1,Other,0.022302875302473532,0.032681032093790245
0.005,0.0001,0.75,0.01,2,PMEC,0.024541773494650834,0.03307078758164286
0.005,0.0001,0.75,0.01,2,VM,0.0,0.0
0.005,0.0001,0.75,0.01,2,Other,0.021727613822491228,0.032398358350022825
0.005,0.0001,0.75,0.05,0,PMEC,0.014091780575160681,0.04515666523151893
0.005,0.0001,0.75,0.05,0,VM,0.0,0.0
0.005,0.0001,0.75,0.05,0,Other,0.006467514646237737,0.046196817532246234
0.005,0.0001,0.75,0.05,1,PMEC,0.011959547599376815,0.04482476517509453
0.005,0.0001,0.75,0.05,1,VM,0.0,0.0
0.005,0.0001,0.75,0.05,1,Other,0.006838025202974916,0.04592706248255526
0.005,0.0001,0.75,0.05,2,PMEC,0.013063354693641706,0.044925380299646045
0.005,0.0001,0.75,0.05,2,VM,0.0,0.0
0.005,0.0001,0.75,0.05,2,Other,0.005771313678182094,0.04609218053556598
0.005,0.0001,0.75,0.1,0,PMEC,0.008449600538002379,0.06718939036383045
0.005,0.0001,0.75,0.1,0,VM,0.0,0.0
0.005,0.0001,0.75,0.1,0,Other,0.004113866740688416,0.06909877667227571
0.005,0.0001,0.75,0.1,1,PMEC,0.006960979989264435,0.06724739314363024
0.005,0.0001,0.75,0.1,1,VM,0.0,0.0
0.005,0.0001,0.75,0.1,1,Other,0.004970329813121474,0.06902802797972063
0.005,0.0001,0.75,0.1,2,PMEC,0.008541623155898806,0.06746703559833025
0.005,0.0001,0.75,0.1,2,VM,0.0,0.0
0.005,0.0001,0.75,0.1,2,Other,0.0044516732108822905,0.06944302220070993
0.005,0.0001,1,0.001,0,PMEC,0.031686440720078535,0.03350051658535419
0.005,0.0001,1,0.001,0,VM,0.0,0.0
0.005,0.0001,1,0.001,0,Other,0.029632208482643526,0.03138898077322602
0.005,0.0001,1,0.001,1,PMEC,0.02946512822529271,0.031519685997550374
0.005,0.0001,1,0.001,1,VM,0.0,0.0
0.005,0.0001,1,0.001,1,Other,0.02916206902578702,0.031047375893657872
0.005,0.0001,1,0.001,2,PMEC,0.030028766679923657,0.032123529924055406
0.005,0.0001,1,0.001,2,VM,0.0,0.0
0.005,0.0001,1,0.001,2,Other,0.02919630430910538,0.030997972408856104
0.005,0.0001,1,0.005,0,PMEC,0.029454231137823497,0.033620197231135844
0.005,0.0001,1,0.005,0,VM,0.0,0.0
0.005,0.0001,1,0.005,0,Other,0.028168710684092085,0.0328727871146957
0.005,0.0001,1,0.005,1,PMEC,0.02928828616582477,0.03368802244063605
0.005,0.0001,1,0.005,1,VM,0.0,0.0
0.005,0.0001,1,0.005,1,Other,0.02739461912311951,0.03223092587117051
0.005,0.0001,1,0.005,2,PMEC,0.02896724450973495,0.033225246773648194
0.005,0.0001,1,0.005,2,VM,0.0,0.0
0.005,0.0001,1,0.005,2,Other,0.028049706720012706,0.03282957518934484
0.005,0.0001,1,0.01,0,PMEC,0.02549245528471238,0.03302199019046807
0.005,0.0001,1,0.01,0,VM,0.0,0.0
0.005,0.0001,1,0.01,0,Other,0.02269769528986323,0.03281654465804666
0.005,0.0001,1,0.01,1,PMEC,0.024453880598225532,0.032340589188020005
0.005,0.0001,1,0.01,1,VM,0.0,0.0
0.005,0.0001,1,0.01,1,Other,0.021922077012812555,0.03278672744920637
0.005,0.0001,1,0.01,2,PMEC,0.02483438964316124,0.03263228264017785
0.005,0.0001,1,0.01,2,VM,0.0,0.0
0.005,0.0001,1,0.01,2,Other,0.022583048026315035,0.03282486446085959
0.005,0.0001,1,0.05,0,PMEC,0.013125676072921234,0.04511872687355572
0.005,0.0001,1,0.05,0,VM,0.0,0.0
0.005,0.0001,1,0.05,0,Other,0.006453662168908346,0.04626264348864317
0.005,0.0001,1,0.05,1,PMEC,0.012586459253791978,0.04486497030865942
0.005,0.0001,1,0.05,1,VM,0.0,0.0
0.005,0.0001,1,0.05,1,Other,0.0065091554835567484,0.04613732990794058
0.005,0.0001,1,0.05,2,PMEC,0.012811422822778739,0.04480107204954558
0.005,0.0001,1,0.05,2,VM,0.0,0.0
0.005,0.0001,1,0.05,2,Other,0.007005929939180928,0.045918306815383815
0.005,0.0001,1,0.1,0,PMEC,0.007508886607862659,0.06772945933593313
0.005,0.0001,1,0.1,0,VM,0.0,0.0
0.005,0.0001,1,0.1,0,Other,0.004925694421674636,0.06901244310397033
0.005,0.0001,1,0.1,1,PMEC,0.007562247811547623,0.06732043140357916
0.005,0.0001,1,0.1,1,VM,0.0,0.0
0.005,0.0001,1,0.1,1,Other,0.005301307051538372,0.0693347148952405
0.005,0.0001,1,0.1,2,PMEC,0.007169936008907527,0.06752503300301727
0.005,0.0001,1,0.1,2,VM,0.0,0.0
0.005,0.0001,1,0.1,2,Other,0.004811592794760142,0.06882181050934963
0.005,0.0001,1.5,0.001,0,PMEC,0.032476622424557955,0.03410677056725986
0.005,0.0001,1.5,0.001,0,VM,0.0,0.0
0.005,0.0001,1.5,0.001,0,Other,0.029135201169874853,0.03091034680923148
0.005,0.0001,1.5,0.001,1,PMEC,0.030262671491550135,0.03208514659674233
0.005,0.0001,1.5,0.001,1,VM,0.0,0.0
0.005,0.0001,1.5,0.001,1,Other,0.02916939845337999,0.03080576539998488
0.005,0.0001,1.5,0.001,2,PMEC,0.031030064417332994,0.032925067276449935
0.005,0.0001,1.5,0.001,2,VM,0.0,0.0
0.005,0.0001,1.5,0.001,2,Other,0.029276123221702366,0.031091590867670025
0.005,0.0001,1.5,0.005,0,PMEC,0.028018521913303958,0.03288574058778109
0.005,0.0001,1.5,0.005,0,VM,0.0,0.0
0.005,0.0001,1.5,0.005,0,Other,0.026512544861445955,0.03183611213961756
0.005,0.0001,1.5,0.005,1,PMEC,0.028475078309106606,0.03375329928621909
0.005,0.0001,1.5,0.005,1,VM,0.0,0.0
0.005,0.0001,1.5,0.005,1,Other,0.02643017682220354,0.032322574232915194
0.005,0.0001,1.5,0.005,2,PMEC,0.028787165687275913,0.03345507955302965
0.005,0.0001,1.5,0.005,2,VM,0.0,0.0
0.005,0.0001,1.5,0.005,2,Other,0.02689579031118923,0.032278264490517856
0.005,0.0001,1.5,0.01,0,PMEC,0.024722019412555463,0.03305177288862265
0.005,0.0001,1.5,0.01,0,VM,0.0,0.0
0.005,0.0001,1.5,0.01,0,Other,0.02220115042329591,0.0326952441595157
0.005,0.0001,1.5,0.01,1,PMEC,0.024755288631270283,0.03324124762096337
0.005,0.0001,1.5,0.01,1,VM,0.0,0.0
0.005,0.0001,1.5,0.01,1,Other,0.021916207349983906,0.03280056846848372
0.005,0.0001,1.5,0.01,2,PMEC,0.025070180146432034,0.03356194504742413
0.005,0.0001,1.5,0.01,2,VM,0.0,0.0
0.005,0.0001,1.5,0.01,2,Other,0.022313105075581763,0.0327700946246684
0.005,0.0001,1.5,0.05,0,PMEC,0.012335028751248093,0.04494027764210719
0.005,0.0001,1.5,0.05,0,VM,0.0,0.0
0.005,0.0001,1.5,0.05,0,Other,0.006574980436573702,0.04640002382519775
0.005,0.0001,1.5,0.05,1,PMEC,0.011635318488652851,0.04491339542914719
0.005,0.0001,1.5,0.05,1,VM,0.0,0.0
0.005,0.0001,1.5,0.05,1,Other,0.006483088422493491,0.045976242862739845
0.005,0.0001,1.5,0.05,2,PMEC,0.012194977957593724,0.04503794398030663
0.005,0.0001,1.5,0.05,2,VM,0.0,0.0
0.005,0.0001,1.5,0.05,2,Other,0.00713852688573589,0.04614977420323378
0.005,0.0001,1.5,0.1,0,PMEC,0.008054816224869175,0.06721382256507348
0.005,0.0001,1.5,0.1,0,VM,0.0,0.0
0.005,0.0001,1.5,0.1,0,Other,0.004351493027194314,0.06899859168298006
0.005,0.0001,1.5,0.1,1,PMEC,0.008809747187293153,0.06773820633236231
0.005,0.0001,1.5,0.1,1,VM,0.0,0.0
0.005,0.0001,1.5,0.1,1,Other,0.004668318524436672,0.06930777785769747
0.005,0.0001,1.5,0.1,2,PMEC,0.008795310724315419,0.06790229094189652
0.005,0.0001,1.5,0.1,2,VM,0.0,0.0
0.005,0.0001,1.5,0.1,2,Other,0.00466981311578965,0.0687965045405493
0.005,0.0001,2,0.001,0,PMEC,0.028836481210107522,0.030983723056474642
0.005,0.0001,2,0.001,0,VM,0.0,0.0
0.005,0.0001,2,0.001,0,Other,0.02880228071609738,0.030672938867133022
0.005,0.0001,2,0.001,1,PMEC,0.03040923117177038,0.032341623511129326
0.005,0.0001,2,0.001,1,VM,0.0,0.0
0.005,0.0001,2,0.001,1,Other,0.027991885970301708,0.029860194893687745
0.005,0.0001,2,0.001,2,PMEC,0.02980181295183341,0.03153935198563512
0.005,0.0001,2,0.001,2,VM,0.0,0.0
0.005,0.0001,2,0.001,2,Other,0.029004031160901153,0.030921791941974697
0.005,0.0001,2,0.005,0,PMEC,0.028202630984019733,0.033359798720385046
0.005,0.0001,2,0.005,0,VM,0.0,0.0
0.005,0.0001,2,0.005,0,Other,0.02734732952164201,0.032527212399101196
0.005,0.0001,2,0.005,1,PMEC,0.028373222796541527,0.033033507296758885
0.005,0.0001,2,0.005,1,VM,0.0,0.0
0.005,0.0001,2,0.005,1,Other,0.026007436605452516,0.03150352545471866
0.005,0.0001,2,0.005,2,PMEC,0.02878203475034834,0.033232927071472594
0.005,0.0001,2,0.005,2,VM,0.0,0.0
0.005,0.0001,2,0.005,2,Other,0.02743677337487965,0.032274877554182846
0.005,0.0001,2,0.01,0,PMEC,0.02430193320609565,0.03263423617638993
0.005,0.0001,2,0.01,0,VM,0.0,0.0
0.005,0.0001,2,0.01,0,Other,0.022204502490483696,0.03280439066905218
0.005,0.0001,2,0.01,1,PMEC,0.024805635964964254,0.032991715773815
0.005,0.0001,2,0.01,1,VM,0.0,0.0
0.005,0.0001,2,0.01,1,Other,0.021468351080156083,0.03262194802889027
0.005,0.0001,2,0.01,2,PMEC,0.025347880106432356,0.033576136473982186
0.005,0.0001,2,0.01,2,VM,0.0,0.0
0.005,0.0001,2,0.01,2,Other,0.02240284602925073,0.03269405699899893
0.005,0.0001,2,0.05,0,PMEC,0.012362752582299132,0.04458665199994007
0.005,0.0001,2,0.05,0,VM,0.0,0.0
0.005,0.0001,2,0.05,0,Other,0.006537595817063429,0.046043821586343445
0.005,0.0001,2,0.05,1,PMEC,0.014092525680628064,0.04497480344899074
0.005,0.0001,2,0.05,1,VM,0.0,0.0
0.005,0.0001,2,0.05,1,Other,0.006263437547819243,0.04617879681545054
0.005,0.0001,2,0.05,2,PMEC,0.013203552936644913,0.04507655403637464
0.005,0.0001,2,0.05,2,VM,0.0,0.0
0.005,0.0001,2,0.05,2,Other,0.00673769091038065,0.0461452662645764
0.005,0.0001,2,0.1,0,PMEC,0.008098024267072361,0.06748912423469774
0.005,0.0001,2,0.1,0,VM,0.0,0.0
0.005,0.0001,2,0.1,0,Other,0.004835959627508433,0.06976620382719868
0.005,0.0001,2,0.1,1,PMEC,0.007569258252192242,0.06763569763715122
0.005,0.0001,2,0.1,1,VM,0.0,0.0
0.005,0.0001,2,0.1,1,Other,0.004577465755167604,0.06936313059548978
0.005,0.0001,2,0.1,2,PMEC,0.00803478921227719,0.0680547071240465
0.005,0.0001,2,0.1,2,VM,0.0,0.0
0.005,0.0001,2,0.1,2,Other,0.004164577467527668,0.06959996089350774
0.005,0.0005,0.75,0.001,0,PMEC,0.029301226510604617,0.0316980757188999
0.005,0.0005,0.75,0.001,0,VM,0.0,0.0
0.005,0.0005,0.75,0.001,0,Other,0.028543754912039882,0.030535524763877313
0.005,0.0005,0.75,0.001,1,PMEC,0.02968111114170627,0.03180622101791264
0.005,0.0005,0.75,0.001,1,VM,0.0,0.0
0.005,0.0005,0.75,0.001,1,Other,0.02798020372027906,0.02984707471689542
0.005,0.0005,0.75,0.001,2,PMEC,0.028977898681488454,0.030719756965009132
0.005,0.0005,0.75,0.001,2,VM,0.0,0.0
0.005,0.0005,0.75,0.001,2,Other,0.029163295797823296,0.030817231530252554
0.005,0.0005,0.75,0.005,0,PMEC,0.028499102329225076,0.03319003937606179
0.005,0.0005,0.75,0.005,0,VM,0.0,0.0
0.005,0.0005,0.75,0.005,0,Other,0.02702672062228588,0.032462891924581905
0.005,0.0005,0.75,0.005,1,PMEC,0.02934257799302879,0.034210406240100244
0.005,0.0005,0.75,0.005,1,VM,0.0,0.0
0.005,0.0005,0.75,0.005,1,Other,0.027494687056615834,0.032612892853435174
0.005,0.0005,0.75,0.005,2,PMEC,0.028873679830975624,0.03338296750168004
0.005,0.0005,0.75,0.005,2,VM,0.0,0.0
0.005,0.0005,0.75,0.005,2,Other,0.02847930924300774,0.03323472717216138
0.005,0.0005,0.75,0.01,0,PMEC,0.0252123154619689,0.033573763465334854
0.005,0.0005,0.75,0.01,0,VM,0.0,0.0
0.005,0.0005,0.75,0.01,0,Other,0.022742394203562312,0.033072220557257656
0.005,0.0005,0.75,0.01,1,PMEC,0.024402891669911834,0.03286615168957628
0.005,0.0005,0.75,0.01,1,VM,0.0,0.0
0.005,0.0005,0.75,0.01,1,Other,0.021881897734215054,0.03266460664931845
0.005,0.0005,0.75,0.01,2,PMEC,0.024822300507241525,0.033305751670325415
0.005,0.0005,0.75,0.01,2,VM,0.0,0.0
0.005,0.0005,0.75,0.01,2,Other,0.021966090760211006,0.032681495317481504
0.005,0.0005,0.75,0.05,0,PMEC,0.012501213642251706,0.04506912355143015
0.005,0.0005,0.75,0.05,0,VM,0.0,0.0
0.005,0.0005,0.75,0.05,0,Other,0.007304005282267371,0.04619818142092579
0.005,0.0005,0.75,0.05,1,PMEC,0.012398956204450643,0.04502737486634228
0.005,0.0005,0.75,0.05,1,VM,0.0,0.0
0.005,0.0005,0.75,0.05,1,Other,0.007230347175062754,0.04570865047260347
0.005,0.0005,0.75,0.05,2,PMEC,0.012728593296309683,0.04505019157626963
0.005,0.0005,0.75,0.05,2,VM,0.0,0.0
0.005,0.0005,0.75,0.05,2,Other,0.006058918634405475,0.04605236921056547
0.005,0.0005,0.75,0.1,0,PMEC,0.007069753256422352,0.06703559399577151
0.005,0.0005,0.75,0.1,0,VM,0.0,0.0
0.005,0.0005,0.75,0.1,0,Other,0.004488359343332388,0.06919893252498675
0.005,0.0005,0.75,0.1,1,PMEC,0.006508017594063911,0.06775444935019431
0.005,0.0005,0.75,0.1,1,VM,0.0,0.0
0.005,0.0005,0.75,0.1,1,Other,0.0045945861441549045,0.06919414352495812
0.005,0.0005,0.75,0.1,2,PMEC,0.0077123296456506635,0.06760636176428046
0.005,0.0005,0.75,0.1,2,VM,0.0,0.0
0.005,0.0005,0.75,0.1,2,Other,0.004314341287141132,0.0698044588962566
0.005,0.0005,1,0.001,0,PMEC,0.029947041400564558,0.031738680133824096
0.005,0.0005,1,0.001,0,VM,0.0,0.0
0.005,0.0005,1,0.001,0,Other,0.03038681934650888,0.032010986194125124
0.005,0.0005,1,0.001,1,PMEC,0.02989910730650154,0.03194468440300027
0.005,0.0005,1,0.001,1,VM,0.0,0.0
0.005,0.0005,1,0.001,1,Other,0.029013534584773928,0.030883066596191732
0.005,0.0005,1,0.001,2,PMEC,0.03078989625195659,0.03267400252753393
0.005,0.0005,1,0.001,2,VM,0.0,0.0
0.005,0.0005,1,0.001,2,Other,0.028958198268957118,0.030694046480876654
0.005,0.0005,1,0.005,0,PMEC,0.028619164531284054,0.03347466697454989
0.005,0.0005,1,0.005,0,VM,0.0,0.0
0.005,0.0005,1,0.005,0,Other,0.026817653894248533,0.03238987999058849
0.005,0.0005,1,0.005,1,PMEC,0.02862198587174266,0.033080316718561306
0.005,0.0005,1,0.005,1,VM,0.0,0.0
0.005,0.0005,1,0.005,1,Other,0.027332104026630267,0.0322222358606387
0.005,0.0005,1,0.005,2,PMEC,0.029847227981945997,0.034242793696383736
0.005,0.0005,1,0.005,2,VM,0.0,0.0
0.005,0.0005,1,0.005,2,Other,0.027575377516709326,0.032877392471299303
0.005,0.0005,1,0.01,0,PMEC,0.0249802610777911,0.03339705932974653
0.005,0.0005,1,0.01,0,VM,0.0,0.0
0.005,0.0005,1,0.01,0,Other,0.022646505148372496,0.032908749666204294
0.005,0.0005,1,0.01,1,PMEC,0.025042106829426657,0.03370533645854303
0.005,0.0005,1,0.01,1,VM,0.0,0.0
0.005,0.0005,1,0.01,1,Other,0.022955570184761666,0.03317689682788063
0.005,0.0005,1,0.01,2,PMEC,0.025532811894129374,0.03357154104373707
0.005,0.0005,1,0.01,2,VM,0.0,0.0
0.005,0.0005,1,0.01,2,Other,0.022971535646376818,0.032877812227755876
0.005,0.0005,1,0.05,0,PMEC,0.013943112135473315,0.045256506424345366
0.005,0.0005,1,0.05,0,VM,0.0,0.0
0.005,0.0005,1,0.05,0,Other,0.007088059914428294,0.046060601559383435
0.005,0.0005,1,0.05,1,PMEC,0.01250247146959981,0.04462424976715608
0.005,0.0005,1,0.05,1,VM,0.0,0.0
0.005,0.0005,1,0.05,1,Other,0.006692531995476298,0.04591199071796918
0.005,0.0005,1,0.05,2,PMEC,0.011784913760169699,0.044883775764581996
0.005,0.0005,1,0.05,2,VM,0.0,0.0
0.005,0.0005,1,0.05,2,Other,0.006756538133232129,0.04616770672855777
0.005,0.0005,1,0.1,0,PMEC,0.007073377828274393,0.0674322546190578
0.005,0.0005,1,0.1,0,VM,0.0,0.0
0.005,0.0005,1,0.1,0,Other,0.004291708913283104,0.06913938371207254
0.005,0.0005,1,0.1,1,PMEC,0.007713330217715159,0.06760833644231642
0.005,0.0005,1,0.1,1,VM,0.0,0.0
0.005,0.0005,1,0.1,1,Other,0.004691950688289767,0.06927186121504944
0.005,0.0005,1,0.1,2,PMEC,0.007377861830286008,0.06712244545985886
0.005,0.0005,1,0.1,2,VM,0.0,0.0
0.005,0.0005,1,0.1,2,Other,0.004645665591444823,0.06887399988652873
0.005,0.0005,1.5,0.001,0,PMEC,0.029841068255795,0.031918826672554634
0.005,0.0005,1.5,0.001,0,VM,0.0,0.0
0.005,0.0005,1.5,0.001,0,Other,0.02910340803568575,0.030926728314751552
0.005,0.0005,1.5,0.001,1,PMEC,0.03014009547521716,0.03222993127312833
0.005,0.0005,1.5,0.001,1,VM,0.0,0.0
0.005,0.0005,1.5,0.001,1,Other,0.02822265977696306,0.03006271108052491
0.005,0.0005,1.5,0.001,2,PMEC,0.030383110703488526,0.03250649096565607
0.005,0.0005,1.5,0.001,2,VM,0.0,0.0
0.005,0.0005,1.5,0.001,2,Other,0.028732434643490467,0.030618690256790246
0.005,0.0005,1.5,0.005,0,PMEC,0.028804689993338097,0.03352327596822924
0.005,0.0005,1.5,0.005,0,VM,0.0,0.0
0.005,0.0005,1.5,0.005,0,Other,0.027677862977839765,0.03268677668307832
0.005,0.0005,1.5,0.005,1,PMEC,0.028250688690801367,0.033398061324394754
0.005,0.0005,1.5,0.005,1,VM,0.0,0.0
0.005,0.0005,1.5,0.005,1,Other,0.026784032951149152,0.03209220102974893
0.005,0.0005,1.5,0.005,2,PMEC,0.028588644445568474,0.03345486337294562
0.005,0.0005,1.5,0.005,2,VM,0.0,0.0
0.005,0.0005,1.5,0.005,2,Other,0.02657983131392924,0.03209436473988209
0.005,0.0005,1.5,0.01,0,PMEC,0.025160299277875723,0.0332023232452145
0.005,0.0005,1.5,0.01,0,VM,0.0,0.0
0.005,0.0005,1.5,0.01,0,Other,0.022311982990463886,0.03258166473472654
0.005,0.0005,1.5,0.01,1,PMEC,0.024938121025280032,0.033164712907143346
0.005,0.0005,1.5,0.01,1,VM,0.0,0.0
0.005,0.0005,1.5,0.01,1,Other,0.02207898165285091,0.03254093946159946
0.005,0.0005,1.5,0.01,2,PMEC,0.024300437796707514,0.032913103960029624
0.005,0.0005,1.5,0.01,2,VM,0.0,0.0
0.005,0.0005,1.5,0.01,2,Other,0.021219148513756916,0.03232885692749272
0.005,0.0005,1.5,0.05,0,PMEC,0.013778805474853797,0.045311881606872814
0.005,0.0005,1.5,0.05,0,VM,0.0,0.0
0.005,0.0005,1.5,0.05,0,Other,0.006025449080352179,0.046212344475175735
0.005,0.0005,1.5,0.05,1,PMEC,0.012609625656878981,0.04525233475245225
0.005,0.0005,1.5,0.05,1,VM,0.0,0.0
0.005,0.0005,1.5,0.05,1,Other,0.006234731365203047,0.046137698213980075
0.005,0.0005,1.5,0.05,2,PMEC,0.014502412857255223,0.04549864074285931
0.005,0.0005,1.5,0.05,2,VM,0.0,0.0
0.005,0.0005,1.5,0.05,2,Other,0.0061701371507562105,0.04583883958348432
0.005,0.0005,1.5,0.1,0,PMEC,0.007211839630030212,0.06778981681662385
0.005,0.0005,1.5,0.1,0,VM,0.0,0.0
0.005,0.0005,1.5,0.1,0,Other,0.004862401730147642,0.06960927128733885
0.005,0.0005,1.5,0.1,1,PMEC,0.007490584667013256,0.0679521295249864
0.005,0.0005,1.5,0.1,1,VM,0.0,0.0
0.005,0.0005,1.5,0.1,1,Other,0.004902804643883125,0.06903050738928597
0.005,0.0005,1.5,0.1,2,PMEC,0.008028055856254426,0.06674194701178954
0.005,0.0005,1.5,0.1,2,VM,0.0,0.0
0.005,0.0005,1.5,0.1,2,Other,0.005161706834459242,0.0690820847083638
0.005,0.0005,2,0.001,0,PMEC,0.030917514059728618,0.03274531955403348
0.005,0.0005,2,0.001,0,VM,0.0,0.0
0.005,0.0005,2,0.001,0,Other,0.029299842243820123,0.030943529948004686
0.005,0.0005,2,0.001,1,PMEC,0.029536378694864196,0.03166894457080222
0.005,0.0005,2,0.001,1,VM,0.0,0.0
0.005,0.0005,2,0.001,1,Other,0.029562491580383134,0.031324901370315364
0.005,0.0005,2,0.001,2,PMEC,0.02794017870094038,0.029773566585519128
0.005,0.0005,2,0.001,2,VM,0.0,0.0
0.005,0.0005,2,0.001,2,Other,0.028800621158195636,0.03058957012060389
0.005,0.0005,2,0.005,0,PMEC,0.028872784197044886,0.03366160277467084
0.005,0.0005,2,0.005,0,VM,0.0,0.0
0.005,0.0005,2,0.005,0,Other,0.02691783268995367,0.03218616067642376
0.005,0.0005,2,0.005,1,PMEC,0.028331781271210842,0.03287150187484161
0.005,0.0005,2,0.005,1,VM,0.0,0.0
0.005,0.0005,2,0.005,1,Other,0.025774100548273043,0.03182240889354715
0.005,0.0005,2,0.005,2,PMEC,0.02774807782584119,0.03285476069743811
0.005,0.0005,2,0.005,2,VM,0.0,0.0
0.005,0.0005,2,0.005,2,Other,0.027040648094593295,0.0322828200162626
0.005,0.0005,2,0.01,0,PMEC,0.025750395950467277,0.033973661168364325
0.005,0.0005,2,0.01,0,VM,0.0,0.0
0.005,0.0005,2,0.01,0,Other,0.02278998337703833,0.033183058544679185
0.005,0.0005,2,0.01,1,PMEC,0.025235646902538333,0.03377889237039882
0.005,0.0005,2,0.01,1,VM,0.0,0.0
0.005,0.0005,2,0.01,1,Other,0.022644810149872806,0.032932632448921584
0.005,0.0005,2,0.01,2,PMEC,0.025048145630366225,0.03267412573451672
0.005,0.0005,2,0.01,2,VM,0.0,0.0
0.005,0.0005,2,0.01,2,Other,0.021143045602891496,0.03217290185556932
0.005,0.0005,2,0.05,0,PMEC,0.012758808640513602,0.044992958787547534
0.005,0.0005,2,0.05,0,VM,0.0,0.0
0.005,0.0005,2,0.05,0,Other,0.006251400895372546,0.04600369622423369
0.005,0.0005,2,0.05,1,PMEC,0.013325009109533315,0.04474121889440114
0.005,0.0005,2,0.05,1,VM,0.0,0.0
0.005,0.0005,2,0.05,1,Other,0.006661508959329337,0.04632211294077103
0.005,0.0005,2,0.05,2,PMEC,0.012683572310680936,0.04549532445372712
0.005,0.0005,2,0.05,2,VM,0.0,0.0
0.005,0.0005,2,0.05,2,Other,0.00715430996194282,0.04607737055677123
0.005,0.0005,2,0.1,0,PMEC,0.00808845289247971,0.06742067131884315
0.005,0.0005,2,0.1,0,VM,0.0,0.0
0.005,0.0005,2,0.1,0,Other,0.004663953927530298,0.06921042591265823
0.005,0.0005,2,0.1,1,PMEC,0.008013462571146697,0.06723964733099598
0.005,0.0005,2,0.1,1,VM,0.0,0.0
0.005,0.0005,2,0.1,1,Other,0.004880272057616481,0.06947901654996891
0.005,0.0005,2,0.1,2,PMEC,0.008562117070961201,0.06750952724302459
0.005,0.0005,2,0.1,2,VM,0.0,0.0
0.005,0.0005,2,0.1,2,Other,0.00476291232915397,0.06923645188912154
0.005,0.001,0.75,0.001,0,PMEC,0.03027516197733129,0.032178047608415666
0.005,0.001,0.75,0.001,0,VM,0.0,0.0
0.005,0.001,0.75,0.001,0,Other,0.028941009329724897,0.030596721574477032
0.005,0.001,0.75,0.001,1,PMEC,0.029306178313738062,0.03137623374513468
0.005,0.001,0.75,0.001,1,VM,0.0,0.0
0.005,0.001,0.75,0.001,1,Other,0.028567610067926363,0.030481495352277118
0.005,0.001,0.75,0.001,2,PMEC,0.028082157847806925,0.030139828405557758
0.005,0.001,0.75,0.001,2,VM,0.0,0.0
0.005,0.001,0.75,0.001,2,Other,0.02912625822317203,0.03093338536912594
0.005,0.001,0.75,0.005,0,PMEC,0.028775434294657926,0.033284119412766086
0.005,0.001,0.75,0.005,0,VM,0.0,0.0
0.005,0.001,0.75,0.005,0,Other,0.02732114075764556,0.03249005030778299
0.005,0.001,0.75,0.005,1,PMEC,0.02771993108757164,0.03266266382254663
0.005,0.001,0.75,0.005,1,VM,0.0,0.0
0.005,0.001,0.75,0.005,1,Other,0.027081209113472702,0.03227997406406637
0.005,0.001,0.75,0.005,2,PMEC,0.027205938987651095,0.03242534558578735
0.005,0.001,0.75,0.005,2,VM,0.0,0.0
0.005,0.001,0.75,0.005,2,Other,0.02715658834483182,0.03253605645578174
0.005,0.001,0.75,0.01,0,PMEC,0.024789721222539973,0.033161025287939065
0.005,0.001,0.75,0.01,0,VM,0.0,0.0
0.005,0.001,0.75,0.01,0,Other,0.02291851456402118,0.03341064321016174
0.005,0.001,0.75,0.01,1,PMEC,0.024564596116882657,0.03268449254709235
0.005,0.001,0.75,0.01,1,VM,0.0,0.0
0.005,0.001,0.75,0.01,1,Other,0.022462202070339114,0.033008703347715544
0.005,0.001,0.75,0.01,2,PMEC,0.02500845918494513,0.03357425494589845
0.005,0.001,0.75,0.01,2,VM,0.0,0.0
0.005,0.001,0.75,0.01,2,Other,0.02106503702683638,0.03258457725636441
0.005,0.001,0.75,0.05,0,PMEC,0.012924883763606943,0.045153683388753155
0.005,0.001,0.75,0.05,0,VM,0.0,0.0
0.005,0.001,0.75,0.05,0,Other,0.00600112882116648,0.04618477553313913
0.005,0.001,0.75,0.05,1,PMEC,0.01201507325418463,0.045172098658402694
0.005,0.001,0.75,0.05,1,VM,0.0,0.0
0.005,0.001,0.75,0.05,1,Other,0.00662472454600974,0.04616427812829704
0.005,0.001,0.75,0.05,2,PMEC,0.012482720091494428,0.04480213896937985
0.005,0.001,0.75,0.05,2,VM,0.0,0.0
0.005,0.001,0.75,0.05,2,Other,0.0065202611168921325,0.0460017323228874
0.005,0.001,0.75,0.1,0,PMEC,0.009930995103706498,0.06789403471754457
0.005,0.001,0.75,0.1,0,VM,0.0,0.0
0.005,0.001,0.75,0.1,0,Other,0.004725344437360021,0.06957969666153564
0.005,0.001,0.75,0.1,1,PMEC,0.008213223650387505,0.06752070379399581
0.005,0.001,0.75,0.1,1,VM,0.0,0.0
0.005,0.001,0.75,0.1,1,Other,0.004297296661244602,0.06911748353577724
0.005,0.001,0.75,0.1,2,PMEC,0.007200058747020607,0.06715975707166681
0.005,0.001,0.75,0.1,2,VM,0.0,0.0
0.005,0.001,0.75,0.1,2,Other,0.004539460337578481,0.0690646330928301
0.005,0.001,1,0.001,0,PMEC,0.028527867741337167,0.03054246024349258
0.005,0.001,1,0.001,0,VM,0.0,0.0
0.005,0.001,1,0.001,0,Other,0.029261155581949472,0.031112924039428256
0.005,0.001,1,0.001,1,PMEC,0.02953351607114638,0.03128000692037352
0.005,0.001,1,0.001,1,VM,0.0,0.0
0.005,0.001,1,0.001,1,Other,0.028852530371948758,0.030628770351237206
0.005,0.001,1,0.001,2,PMEC,0.029984625780324455,0.03172706151212995
0.005,0.001,1,0.001,2,VM,0.0,0.0
0.005,0.001,1,0.001,2,Other,0.029649996205274254,0.031142864271278783
0.005,0.001,1,0.005,0,PMEC,0.02881870600303827,0.03337389473754571
0.005,0.001,1,0.005,0,VM,0.0,0.0
0.005,0.001,1,0.005,0,Other,0.027022566865401478,0.032035054316265944
0.005,0.001,1,0.005,1,PMEC,0.028446515193335725,0.03288868060863105
0.005,0.001,1,0.005,1,VM,0.0,0.0
0.005,0.001,1,0.005,1,Other,0.02697561689023816,0.032077022486320377
0.005,0.001,1,0.005,2,PMEC,0.029182240577519527,0.03391160669757156
0.005,0.001,1,0.005,2,VM,0.0,0.0
0.005,0.001,1,0.005,2,Other,0.027044722264013384,0.032248394176197695
0.005,0.001,1,0.01,0,PMEC,0.024719767037662637,0.032870067491772334
0.005,0.001,1,0.01,0,VM,0.0,0.0
0.005,0.001,1,0.01,0,Other,0.022134091802970927,0.03290202052115899
0.005,0.001,1,0.01,1,PMEC,0.024463860634986255,0.033144126010213305
0.005,0.001,1,0.01,1,VM,0.0,0.0
0.005,0.001,1,0.01,1,Other,0.022200145351531246,0.03303971571655446
0.005,0.001,1,0.01,2,PMEC,0.025766728196181376,0.03352519103769156
0.005,0.001,1,0.01,2,VM,0.0,0.0
0.005,0.001,1,0.01,2,Other,0.02176882996948137,0.03244522370482299
0.005,0.001,1,0.05,0,PMEC,0.013394894783122809,0.044791848937334434
0.005,0.001,1,0.05,0,VM,0.0,0.0
0.005,0.001,1,0.05,0,Other,0.006508740344740628,0.046217762904430665
0.005,0.001,1,0.05,1,PMEC,0.013254350853756314,0.04494992788368998
0.005,0.001,1,0.05,1,VM,0.0,0.0
0.005,0.001,1,0.05,1,Other,0.006445160606810914,0.04619275847377275
0.005,0.001,1,0.05,2,PMEC,0.012894538019594545,0.045544907689687636
0.005,0.001,1,0.05,2,VM,0.0,0.0
0.005,0.001,1,0.05,2,Other,0.006854321367532339,0.046435971478379086
0.005,0.001,1,0.1,0,PMEC,0.007928407505204616,0.06811447350974692
0.005,0.001,1,0.1,0,VM,0.0,0.0
0.005,0.001,1,0.1,0,Other,0.0047089015303756,0.0693861662965676
0.005,0.001,1,0.1,1,PMEC,0.008605576880507441,0.06799760535679031
0.005,0.001,1,0.1,1,VM,0.0,0.0
0.005,0.001,1,0.1,1,Other,0.004750912070629422,0.06961294895131614
0.005,0.001,1,0.1,2,PMEC,0.007187731025287501,0.06722842296442263
0.005,0.001,1,0.1,2,VM,0.0,0.0
0.005,0.001,1,0.1,2,Other,0.004082793073187243,0.06921268137490609
0.005,0.001,1.5,0.001,0,PMEC,0.029258073540076042,0.031298277159739735
0.005,0.001,1.5,0.001,0,VM,0.0,0.0
0.005,0.001,1.5,0.001,0,Other,0.028550558856808943,0.03027672752175025
0.005,0.001,1.5,0.001,1,PMEC,0.02823888861568524,0.03073995104578222
0.005,0.001,1.5,0.001,1,VM,0.0,0.0
0.005,0.001,1.5,0.001,1,Other,0.027981607720963236,0.03039159907883955
0.005,0.001,1.5,0.001,2,PMEC,0.02921884435107616,0.031318841553876965
0.005,0.001,1.5,0.001,2,VM,0.0,0.0
0.005,0.001,1.5,0.001,2,Other,0.029252528395499033,0.03108525018695942
0.005,0.001,1.5,0.005,0,PMEC,0.027830549709883443,0.032439925758588506
0.005,0.001,1.5,0.005,0,VM,0.0,0.0
0.005,0.001,1.5,0.005,0,Other,0.026364030824690635,0.03187149345915474
0.005,0.001,1.5,0.005,1,PMEC,0.027619585830154916,0.03242757444158648
0.005,0.001,1.5,0.005,1,VM,0.0,0.0
0.005,0.001,1.5,0.005,1,Other,0.026485762132149912,0.03216174667355735
0.005,0.001,1.5,0.005,2,PMEC,0.02802095905151242,0.03272873263813962
0.005,0.001,1.5,0.005,2,VM,0.0,0.0
0.005,0.001,1.5,0.005,2,Other,0.026563112049301243,0.03168003522752593
0.005,0.001,1.5,0.01,0,PMEC,0.024611208545002147,0.032923680516312046
0.005,0.001,1.5,0.01,0,VM,0.0,0.0
0.005,0.001,1.5,0.01,0,Other,0.02277650187277294,0.032916559980884774
0.005,0.001,1.5,0.01,1,PMEC,0.024898698596036807,0.03330215298612282
0.005,0.001,1.5,0.01,1,VM,0.0,0.0
0.005,0.001,1.5,0.01,1,Other,0.022133899297906677,0.03293209579883324
0.005,0.001,1.5,0.01,2,PMEC,0.024953242497675582,0.0328149364365819
0.005,0.001,1.5,0.01,2,VM,0.0,0.0
0.005,0.001,1.5,0.01,2,Other,0.021535661481001084,0.03242311740518248
0.005,0.001,1.5,0.05,0,PMEC,0.012654998121447478,0.04526900051073384
0.005,0.001,1.5,0.05,0,VM,0.0,0.0
0.005,0.001,1.5,0.05,0,Other,0.007297011323932458,0.046073626276149277
0.005,0.001,1.5,0.05,1,PMEC,0.011945002817178448,0.04479186675397932
0.005,0.001,1.5,0.05,1,VM,0.0,0.0
0.005,0.001,1.5,0.05,1,Other,0.007126260047076477,0.046077773782377644
0.005,0.001,1.5,0.05,2,PMEC,0.012254578287605277,0.04528106902629389
0.005,0.001,1.5,0.05,2,VM,0.0,0.0
0.005,0.001,1.5,0.05,2,Other,0.0070448739345157696,0.04602295543879615
0.005,0.001,1.5,0.1,0,PMEC,0.007796328617872436,0.06693053992582346
0.005,0.001,1.5,0.1,0,VM,0.0,0.0
0.005,0.001,1.5,0.1,0,Other,0.004631917359023671,0.0689871087381468
0.005,0.001,1.5,0.1,1,PMEC,0.008096749560848321,0.06754467840895705
0.005,0.001,1.5,0.1,1,VM,0.0,0.0
0.005,0.001,1.5,0.1,1,Other,0.004315937171597436,0.0694504705273122
0.005,0.001,1.5,0.1,2,PMEC,0.008520607085907286,0.06775026846249037
0.005,0.001,1.5,0.1,2,VM,0.0,0.0
0.005,0.001,1.5,0.1,2,Other,0.0053214056894516125,0.06980488984199579
0.005,0.001,2,0.001,0,PMEC,0.029354358306243188,0.03152444128635153
0.005,0.001,2,0.001,0,VM,0.0,0.0
0.005,0.001,2,0.001,0,Other,0.02870869563714265,0.030776484429713202
0.005,0.001,2,0.001,1,PMEC,0.02867484107761959,0.031068148588666043
0.005,0.001,2,0.001,1,VM,0.0,0.0
0.005,0.001,2,0.001,1,Other,0.029379045026713752,0.031590192624767595
0.005,0.001,2,0.001,2,PMEC,0.031024202854338417,0.033354370005786935
0.005,0.001,2,0.001,2,VM,0.0,0.0
0.005,0.001,2,0.001,2,Other,0.029541876923295605,0.03152678897059488
0.005,0.001,2,0.005,0,PMEC,0.027106960137683288,0.03196569658987295
0.005,0.001,2,0.005,0,VM,0.0,0.0
0.005,0.001,2,0.005,0,Other,0.026083575608608054,0.03151340266076063
0.005,0.001,2,0.005,1,PMEC,0.02768322691142195,0.03239571002886524
0.005,0.001,2,0.005,1,VM,0.0,0.0
0.005,0.001,2,0.005,1,Other,0.02687957539439862,0.03198073087074949
0.005,0.001,2,0.005,2,PMEC,0.028323823571141278,0.03359089234516997
0.005,0.001,2,0.005,2,VM,0.0,0.0
0.005,0.001,2,0.005,2,Other,0.026670818841056133,0.032030471165540225
0.005,0.001,2,0.01,0,PMEC,0.0245425759855854,0.03295654600833326
0.005,0.001,2,0.01,0,VM,0.0,0.0
0.005,0.001,2,0.01,0,Other,0.021995268459353835,0.032663333273987946
0.005,0.001,2,0.01,1,PMEC,0.024606597310222827,0.03294887190178307
0.005,0.001,2,0.01,1,VM,0.0,0.0
0.005,0.001,2,0.01,1,Other,0.02168891326883571,0.032571736906115006
0.005,0.001,2,0.01,2,PMEC,0.0247274328722273,0.03271159611722132
0.005,0.001,2,0.01,2,VM,0.0,0.0
0.005,0.001,2,0.01,2,Other,0.0216756696230733,0.03265537907692448
0.005,0.001,2,0.05,0,PMEC,0.012607047649810667,0.04473749074379684
0.005,0.001,2,0.05,0,VM,0.0,0.0
0.005,0.001,2,0.05,0,Other,0.006402044450207181,0.04597043810425889
0.005,0.001,2,0.05,1,PMEC,0.012852636323994667,0.04543111988980795
0.005,0.001,2,0.05,1,VM,0.0,0.0
0.005,0.001,2,0.05,1,Other,0.006499947793302837,0.046182467806028825
0.005,0.001,2,0.05,2,PMEC,0.012561617226972395,0.044980847219467324
0.005,0.001,2,0.05,2,VM,0.0,0.0
0.005,0.001,2,0.05,2,Other,0.005886757200992921,0.0461321599186097
0.005,0.001,2,0.1,0,PMEC,0.007157383121162774,0.08403238712421268
0.005,0.001,2,0.1,0,VM,0.0,0.0
0.005,0.001,2,0.1,0,Other,0.005708802913948588,0.09108916882843335
0.005,0.001,2,0.1,1,PMEC,0.008482985139120342,0.06803704388586704
0.005,0.001,2,0.1,1,VM,0.0,0.0
0.005,0.001,2,0.1,1,Other,0.004543353531542354,0.06925465394845345
0.005,0.001,2,0.1,2,PMEC,0.008359204388961983,0.06793082765118799
0.005,0.001,2,0.1,2,VM,0.0,0.0
0.005,0.001,2,0.1,2,Other,0.004788081583926424,0.06943008787954486
0.005,0.005,0.75,0.001,0,PMEC,0.027929875677339438,0.030973245571362853
0.005,0.005,0.75,0.001,0,VM,0.0,0.0
0.005,0.005,0.75,0.001,0,Other,0.02897141524701702,0.031342238596664594
0.005,0.005,0.75,0.001,1,PMEC,0.02678295011475274,0.030533546295622355
0.005,0.005,0.75,0.001,1,VM,0.0,0.0
0.005,0.005,0.75,0.001,1,Other,0.027557724145814023,0.030267401170835748
0.005,0.005,0.75,0.001,2,PMEC,0.028320381299556247,0.03128730925925193
0.005,0.005,0.75,0.001,2,VM,0.0,0.0
0.005,0.005,0.75,0.001,2,Other,0.028328415567119843,0.03084938961725584
0.005,0.005,0.75,0.005,0,PMEC,0.027050746903868956,0.0325737016850899
0.005,0.005,0.75,0.005,0,VM,0.0,0.0
0.005,0.005,0.75,0.005,0,Other,0.02557683973390837,0.03145841672904851
0.005,0.005,0.75,0.005,1,PMEC,0.02665291023880567,0.032092709674861275
0.005,0.005,0.75,0.005,1,VM,0.0,0.0
0.005,0.005,0.75,0.005,1,Other,0.02617662023256333,0.03180430516514616
0.005,0.005,0.75,0.005,2,PMEC,0.027336382110680475,0.032593969624886636
0.005,0.005,0.75,0.005,2,VM,0.0,0.0
0.005,0.005,0.75,0.005,2,Other,0.027379173076380475,0.03247855093157109
0.005,0.005,0.75,0.01,0,PMEC,0.024017454982760818,0.03284947201724656
0.005,0.005,0.75,0.01,0,VM,0.0,0.0
0.005,0.005,0.75,0.01,0,Other,0.02202623633500528,0.0329549222912992
0.005,0.005,0.75,0.01,1,PMEC,0.024803463220906343,0.03326519826925899
0.005,0.005,0.75,0.01,1,VM,0.0,0.0
0.005,0.005,0.75,0.01,1,Other,0.021841585572823657,0.032426278887098564
0.005,0.005,0.75,0.01,2,PMEC,0.024698782795616298,0.03286360930411772
0.005,0.005,0.75,0.01,2,VM,0.0,0.0
0.005,0.005,0.75,0.01,2,Other,0.02268275305823449,0.032842021253461175
0.005,0.005,0.75,0.05,0,PMEC,0.012153560486139647,0.04459072704181184
0.005,0.005,0.75,0.05,0,VM,0.0,0.0
0.005,0.005,0.75,0.05,0,Other,0.006303958731199085,0.046041598050546015
0.005,0.005,0.75,0.05,1,PMEC,0.01195454795447194,0.04557302942798732
0.005,0.005,0.75,0.05,1,VM,0.0,0.0
0.005,0.005,0.75,0.05,1,Other,0.006357225698469981,0.046106941848981044
0.005,0.005,0.75,0.05,2,PMEC,0.011782115199865169,0.044844086720011916
0.005,0.005,0.75,0.05,2,VM,0.0,0.0
0.005,0.005,0.75,0.05,2,Other,0.006576242586746829,0.0459219386673623
0.005,0.005,0.75,0.1,0,PMEC,0.008056286221164862,0.06729681893825001
0.005,0.005,0.75,0.1,0,VM,0.0,0.0
0.005,0.005,0.75,0.1,0,Other,0.004911386920969724,0.06910635510933895
0.005,0.005,0.75,0.1,1,PMEC,0.0074924970512342546,0.06760816317086948
0.005,0.005,0.75,0.1,1,VM,0.0,0.0
0.005,0.005,0.75,0.1,1,Other,0.004604464934636576,0.06933472695361946
0.005,0.005,0.75,0.1,2,PMEC,0.008853296903934256,0.06843305231781392
0.005,0.005,0.75,0.1,2,VM,0.0,0.0
0.005,0.005,0.75,0.1,2,Other,0.004177774438274789,0.0697546476773313
0.005,0.005,1,0.001,0,PMEC,0.027452483414004362,0.030655145250971908
0.005,0.005,1,0.001,0,VM,0.0,0.0
0.005,0.005,1,0.001,0,Other,0.028558874544675778,0.03103653942262133
0.005,0.005,1,0.001,1,PMEC,0.027767063006905415,0.030892523972226537
0.005,0.005,1,0.001,1,VM,0.0,0.0
0.005,0.005,1,0.001,1,Other,0.028379669729565963,0.03082247394404164
0.005,0.005,1,0.001,2,PMEC,0.02762078073377816,0.03087501339836538
0.005,0.005,1,0.001,2,VM,0.0,0.0
0.005,0.005,1,0.001,2,Other,0.028020964884733737,0.03068566367804891
0.005,0.005,1,0.005,0,PMEC,0.027276862184880412,0.03284690855491235
0.005,0.005,1,0.005,0,VM,0.0,0.0
0.005,0.005,1,0.005,0,Other,0.02632808607980642,0.03178347416826463
0.005,0.005,1,0.005,1,PMEC,0.027546224071229933,0.03252011423424375
0.005,0.005,1,0.005,1,VM,0.0,0.0
0.005,0.005,1,0.005,1,Other,0.02745049662525621,0.032431503088218606
0.005,0.005,1,0.005,2,PMEC,0.026128451045917173,0.03184477799182713
0.005,0.005,1,0.005,2,VM,0.0,0.0
0.005,0.005,1,0.005,2,Other,0.025607200853944904,0.03135086935182691
0.005,0.005,1,0.01,0,PMEC,0.02403443155894807,0.03286365168423734
0.005,0.005,1,0.01,0,VM,0.0,0.0
0.005,0.005,1,0.01,0,Other,0.022486780928199633,0.033150871982748555
0.005,0.005,1,0.01,1,PMEC,0.025084435398589625,0.03319151980266453
0.005,0.005,1,0.01,1,VM,0.0,0.0
0.005,0.005,1,0.01,1,Other,0.023021288637042493,0.032938641151337524
0.005,0.005,1,0.01,2,PMEC,0.024657754106516543,0.03338240579964015
0.005,0.005,1,0.01,2,VM,0.0,0.0
0.005,0.005,1,0.01,2,Other,0.02146488526536639,0.032686779911698875
0.005,0.005,1,0.05,0,PMEC,0.012043593687792094,0.04523845144408569
0.005,0.005,1,0.05,0,VM,0.0,0.0
0.005,0.005,1,0.05,0,Other,0.005681737045870453,0.0458943438344996
0.005,0.005,1,0.05,1,PMEC,0.012839590585149597,0.044872076828967745
0.005,0.005,1,0.05,1,VM,0.0,0.0
0.005,0.005,1,0.05,1,Other,0.006648967177738213,0.04619196038488161
0.005,0.005,1,0.05,2,PMEC,0.011555723770683325,0.04490696704004566
0.005,0.005,1,0.05,2,VM,0.0,0.0
0.005,0.005,1,0.05,2,Other,0.0057678858494110375,0.04602447014332996
0.005,0.005,1,0.1,0,PMEC,0.007472740459141995,0.0675030190747976
0.005,0.005,1,0.1,0,VM,0.0,0.0
0.005,0.005,1,0.1,0,Other,0.004114899765985142,0.06939850704153103
0.005,0.005,1,0.1,1,PMEC,0.00812743538637586,0.06788843685350854
0.005,0.005,1,0.1,1,VM,0.0,0.0
0.005,0.005,1,0.1,1,Other,0.004176033871385424,0.06933067915192949
0.005,0.005,1,0.1,2,PMEC,0.008498822823799702,0.06750176273389862
0.005,0.005,1,0.1,2,VM,0.0,0.0
0.005,0.005,1,0.1,2,Other,0.0045166028993728945,0.06931768977691061
0.005,0.005,1.5,0.001,0,PMEC,0.028534163380884756,0.032554380532553
0.005,0.005,1.5,0.001,0,VM,0.0,0.0
0.005,0.005,1.5,0.001,0,Other,0.028057810890782343,0.031093034810300235
0.005,0.005,1.5,0.001,1,PMEC,0.026034796912907943,0.03040322269660679
0.005,0.005,1.5,0.001,1,VM,0.0,0.0
0.005,0.005,1.5,0.001,1,Other,0.027776560373075167,0.031111701947878722
0.005,0.005,1.5,0.001,2,PMEC,0.02640645451626432,0.03034279865126876
0.005,0.005,1.5,0.001,2,VM,0.0,0.0
0.005,0.005,1.5,0.001,2,Other,0.026523570013774603,0.030126473843938874
0.005,0.005,1.5,0.005,0,PMEC,0.02637212962054957,0.03277360273451556
0.005,0.005,1.5,0.005,0,VM,0.0,0.0
0.005,0.005,1.5,0.005,0,Other,0.02570085053307116,0.031726212691800044
0.005,0.005,1.5,0.005,1,PMEC,0.02510848946087355,0.03146787656191303
0.005,0.005,1.5,0.005,1,VM,0.0,0.0
0.005,0.005,1.5,0.005,1,Other,0.02567842469506821,0.03162158229592783
0.005,0.005,1.5,0.005,2,PMEC,0.02606558867251411,0.03171255438029973
0.005,0.005,1.5,0.005,2,VM,0.0,0.0
0.005,0.005,1.5,0.005,2,Other,0.025225673810240993,0.03165070684750335
0.005,0.005,1.5,0.01,0,PMEC,0.0243161804541512,0.03267367947363321
0.005,0.005,1.5,0.01,0,VM,0.0,0.0
0.005,0.005,1.5,0.01,0,Other,0.02183817663318071,0.03287036326353339
0.005,0.005,1.5,0.01,1,PMEC,0.022837216931977416,0.03225534972744397
0.005,0.005,1.5,0.01,1,VM,0.0,0.0
0.005,0.005,1.5,0.01,1,Other,0.02151927881284099,0.03238015484962487
0.005,0.005,1.5,0.01,2,PMEC,0.02414959505616439,0.032478851852564654
0.005,0.005,1.5,0.01,2,VM,0.0,0.0
0.005,0.005,1.5,0.01,2,Other,0.02156934253796107,0.032424386212450876
0.005,0.005,1.5,0.05,0,PMEC,0.012536270850138845,0.04476244677713332
0.005,0.005,1.5,0.05,0,VM,0.0,0.0
0.005,0.005,1.5,0.05,0,Other,0.006386038331150003,0.04609456110468488
0.005,0.005,1.5,0.05,1,PMEC,0.0119226742811643,0.04504814121707548
0.005,0.005,1.5,0.05,1,VM,0.0,0.0
0.005,0.005,1.5,0.05,1,Other,0.007447320068006349,0.04617364287012951
0.005,0.005,1.5,0.05,2,PMEC,0.012970298892671173,0.0451616004253237
0.005,0.005,1.5,0.05,2,VM,0.0,0.0
0.005,0.005,1.5,0.05,2,Other,0.006979852319883216,0.04632285062068075
0.005,0.005,1.5,0.1,0,PMEC,0.0077882204753198575,0.06759484597391596
0.005,0.005,1.5,0.1,0,VM,0.0,0.0
0.005,0.005,1.5,0.1,0,Other,0.004598804832114937,0.0692624712999129
0.005,0.005,1.5,0.1,1,PMEC,0.008128376041824169,0.0676619038816754
0.005,0.005,1.5,0.1,1,VM,0.0,0.0
0.005,0.005,1.5,0.1,1,Other,0.005452418686623799,0.06892066711082792
0.005,0.005,1.5,0.1,2,PMEC,0.007476758469441608,0.06832055460997043
0.005,0.005,1.5,0.1,2,VM,0.0,0.0
0.005,0.005,1.5,0.1,2,Other,0.004199908996963168,0.06984503957395276
0.005,0.005,2,0.001,0,PMEC,0.027387944427938286,0.03169447741675253
0.005,0.005,2,0.001,0,VM,0.0,0.0
0.005,0.005,2,0.001,0,Other,0.027903441135391092,0.031200146348674216
0.005,0.005,2,0.001,1,PMEC,0.024439841934366185,0.02977885443364643
0.005,0.005,2,0.001,1,VM,0.0,0.0
0.005,0.005,2,0.001,1,Other,0.026633619960604635,0.03013317116417734
0.005,0.005,2,0.001,2,PMEC,0.028874596145357614,0.033271485115665536
0.005,0.005,2,0.001,2,VM,0.0,0.0
0.005,0.005,2,0.001,2,Other,0.028964829765940184,0.031934394243747874
0.005,0.005,2,0.005,0,PMEC,0.0258741446677848,0.03233506414097982
0.005,0.005,2,0.005,0,VM,0.0,0.0
0.005,0.005,2,0.005,0,Other,0.025834679485691233,0.03208975669151955
0.005,0.005,2,0.005,1,PMEC,0.026024208092387965,0.032162042737501784
0.005,0.005,2,0.005,1,VM,0.0,0.0
0.005,0.005,2,0.005,1,Other,0.025136147143681394,0.031225379158721454
0.005,0.005,2,0.005,2,PMEC,0.025996411627226525,0.032932300919434936
0.005,0.005,2,0.005,2,VM,0.0,0.0
0.005,0.005,2,0.005,2,Other,0.02476165632557078,0.031205370726298153
0.005,0.005,2,0.01,0,PMEC,0.02305371031749857,0.03314452568881951
0.005,0.005,2,0.01,0,VM,0.0,0.0
0.005,0.005,2,0.01,0,Other,0.021024180728963934,0.03241756751126013
0.005,0.005,2,0.01,1,PMEC,0.022660388817036643,0.03239712555671788
0.005,0.005,2,0.01,1,VM,0.0,0.0
0.005,0.005,2,0.01,1,Other,0.0208950976622681,0.03241068251741284
0.005,0.005,2,0.01,2,PMEC,0.02356904881956298,0.03262686892647966
0.005,0.005,2,0.01,2,VM,0.0,0.0
0.005,0.005,2,0.01,2,Other,0.021066487414705702,0.032057060455213164
0.005,0.005,2,0.05,0,PMEC,0.013074699527413126,0.045005797723260035
0.005,0.005,2,0.05,0,VM,0.0,0.0
0.005,0.005,2,0.05,0,Other,0.006006265772930134,0.04599170913147938
0.005,0.005,2,0.05,1,PMEC,0.012603332841540997,0.0451743563928068
0.005,0.005,2,0.05,1,VM,0.0,0.0
0.005,0.005,2,0.05,1,Other,0.005907055317461703,0.0461442413576303
0.005,0.005,2,0.05,2,PMEC,0.01230526782496396,0.04525819364648661
0.005,0.005,2,0.05,2,VM,0.0,0.0
0.005,0.005,2,0.05,2,Other,0.006898307151427575,0.04624422575915761
0.005,0.005,2,0.1,0,PMEC,0.007867193350198653,0.06771797009408759
0.005,0.005,2,0.1,0,VM,0.0,0.0
0.005,0.005,2,0.1,0,Other,0.0047043632849045666,0.06907929080989857
0.005,0.005,2,0.1,1,PMEC,0.007966804397812164,0.06755484471303201
0.005,0.005,2,0.1,1,VM,0.0,0.0
0.005,0.005,2,0.1,1,Other,0.004138882122903769,0.06939715814731331
0.005,0.005,2,0.1,2,PMEC,0.007569944174263302,0.06725086624499696
0.005,0.005,2,0.1,2,VM,0.0,0.0
0.005,0.005,2,0.1,2,Other,0.0050284506729623,0.06926262185437186
0.005,0.01,0.75,0.001,0,PMEC,0.02588690605590848,0.03081289300048195
0.005,0.01,0.75,0.001,0,VM,0.0,0.0
0.005,0.01,0.75,0.001,0,Other,0.02752584494517544,0.03076644016478113
0.005,0.01,0.75,0.001,1,PMEC,0.02816887920627466,0.03203600133457794
0.005,0.01,0.75,0.001,1,VM,0.0,0.0
0.005,0.01,0.75,0.001,1,Other,0.029491452761480956,0.03238310758397763
0.005,0.01,0.75,0.001,2,PMEC,0.028115294766489003,0.031785235110497016
0.005,0.01,0.75,0.001,2,VM,0.0,0.0
0.005,0.01,0.75,0.001,2,Other,0.029971539354451602,0.03259479748825067
0.005,0.01,0.75,0.005,0,PMEC,0.025369564801229774,0.03134623946776966
0.005,0.01,0.75,0.005,0,VM,0.0,0.0
0.005,0.01,0.75,0.005,0,Other,0.02528864811890191,0.031130422022087174
0.005,0.01,0.75,0.005,1,PMEC,0.025509678635159693,0.03175233919227891
0.005,0.01,0.75,0.005,1,VM,0.0,0.0
0.005,0.01,0.75,0.005,1,Other,0.02543088158174,0.03125704493832402
0.005,0.01,0.75,0.005,2,PMEC,0.025530642249584852,0.03145140804312903
0.005,0.01,0.75,0.005,2,VM,0.0,0.0
0.005,0.01,0.75,0.005,2,Other,0.025824126312740135,0.031378613206138474
0.005,0.01,0.75,0.01,0,PMEC,0.02337249687304215,0.03257414503724388
0.005,0.01,0.75,0.01,0,VM,0.0,0.0
0.005,0.01,0.75,0.01,0,Other,0.021978123598188952,0.032796757230332874
0.005,0.01,0.75,0.01,1,PMEC,0.023807691575623725,0.03265225494345365
0.005,0.01,0.75,0.01,1,VM,0.0,0.0
0.005,0.01,0.75,0.01,1,Other,0.021151084507070494,0.032486635276718114
0.005,0.01,0.75,0.01,2,PMEC,0.02426006065505423,0.03257080637170282
0.005,0.01,0.75,0.01,2,VM,0.0,0.0
0.005,0.01,0.75,0.01,2,Other,0.021524987869896137,0.03242649372904112
0.005,0.01,0.75,0.05,0,PMEC,0.011637587925921218,0.045243526071801744
0.005,0.01,0.75,0.05,0,VM,0.0,0.0
0.005,0.01,0.75,0.05,0,Other,0.006450279231819036,0.04619033810535458
0.005,0.01,0.75,0.05,1,PMEC,0.011805129548122243,0.04511606069266457
0.005,0.01,0.75,0.05,1,VM,0.0,0.0
0.005,0.01,0.75,0.05,1,Other,0.0060997649877430485,0.04608287654379534
0.005,0.01,0.75,0.05,2,PMEC,0.012304668543908555,0.045428965761031344
0.005,0.01,0.75,0.05,2,VM,0.0,0.0
0.005,0.01,0.75,0.05,2,Other,0.00605536194837513,0.046232357341350123
0.005,0.01,0.75,0.1,0,PMEC,0.0068931225614680585,0.06772031654916137
0.005,0.01,0.75,0.1,0,VM,0.0,0.0
0.005,0.01,0.75,0.1,0,Other,0.004857138816134611,0.0691838162834728
0.005,0.01,0.75,0.1,1,PMEC,0.006388580846157478,0.06784507205036958
0.005,0.01,0.75,0.1,1,VM,0.0,0.0
0.005,0.01,0.75,0.1,1,Other,0.004561975601018271,0.06919261758091501
0.005,0.01,0.75,0.1,2,PMEC,0.007285636656944623,0.06796045540276169
0.005,0.01,0.75,0.1,2,VM,0.0,0.0
0.005,0.01,0.75,0.1,2,Other,0.0033718570658672945,0.06966267751846816
0.005,0.01,1,0.001,0,PMEC,0.026210378967345176,0.031005086717435914
0.005,0.01,1,0.001,0,VM,0.0,0.0
0.005,0.01,1,0.001,0,Other,0.029260703986245373,0.03221632754118227
0.005,0.01,1,0.001,1,PMEC,0.02525538911987806,0.030291892683951615
0.005,0.01,1,0.001,1,VM,0.0,0.0
0.005,0.01,1,0.001,1,Other,0.02744650683506721,0.031071972643570093
0.005,0.01,1,0.001,2,PMEC,0.030090716624809423,0.03396358932362275
0.005,0.01,1,0.001,2,VM,0.0,0.0
0.005,0.01,1,0.001,2,Other,0.0292391706696132,0.032324700242554044
0.005,0.01,1,0.005,0,PMEC,0.023962367353342978,0.030638791857251185
0.005,0.01,1,0.005,0,VM,0.0,0.0
0.005,0.01,1,0.005,0,Other,0.02510584015965912,0.03139861407712045
0.005,0.01,1,0.005,1,PMEC,0.02592829988222855,0.03195652272914643
0.005,0.01,1,0.005,1,VM,0.0,0.0
0.005,0.01,1,0.005,1,Other,0.025166063371450526,0.03139376184312773
0.005,0.01,1,0.005,2,PMEC,0.025785788506677405,0.03172678761662789
0.005,0.01,1,0.005,2,VM,0.0,0.0
0.005,0.01,1,0.005,2,Other,0.026136737202770523,0.03185130841315425
0.005,0.01,1,0.01,0,PMEC,0.022854096198450795,0.03237042578198143
0.005,0.01,1,0.01,0,VM,0.0,0.0
0.005,0.01,1,0.01,0,Other,0.021582246759326622,0.032438993557188246
0.005,0.01,1,0.01,1,PMEC,0.023174678170180218,0.03238849578978846
0.005,0.01,1,0.01,1,VM,0.0,0.0
0.005,0.01,1,0.01,1,Other,0.021192688983476263,0.03220795690715048
0.005,0.01,1,0.01,2,PMEC,0.023044536687105446,0.03228397794321452
0.005,0.01,1,0.01,2,VM,0.0,0.0
0.005,0.01,1,0.01,2,Other,0.021276569030995292,0.03209480131659632
0.005,0.01,1,0.05,0,PMEC,0.011207900851805478,0.0449177838114106
0.005,0.01,1,0.05,0,VM,0.0,0.0
0.005,0.01,1,0.05,0,Other,0.0064199725323467694,0.046244956206800504
0.005,0.01,1,0.05,1,PMEC,0.011893074667829616,0.04485179927184777
0.005,0.01,1,0.05,1,VM,0.0,0.0
0.005,0.01,1,0.05,1,Other,0.006564177249035202,0.04633116656915157
0.005,0.01,1,0.05,2,PMEC,0.012919389048698987,0.04543893100983439
0.005,0.01,1,0.05,2,VM,0.0,0.0
0.005,0.01,1,0.05,2,Other,0.0066931021458671545,0.04617836245451794
0.005,0.01,1,0.1,0,PMEC,0.007015001146272515,0.06770450225157848
0.005,0.01,1,0.1,0,VM,0.0,0.0
0.005,0.01,1,0.1,0,Other,0.003728975681757426,0.06929103009008442
0.005,0.01,1,0.1,1,PMEC,0.007018366090070409,0.06804544795951133
0.005,0.01,1,0.1,1,VM,0.0,0.0
0.005,0.01,1,0.1,1,Other,0.004672393775667149,0.06936856659718349
0.005,0.01,1,0.1,2,PMEC,0.007459985036486515,0.06784199561001111
0.005,0.01,1,0.1,2,VM,0.0,0.0
0.005,0.01,1,0.1,2,Other,0.004471192425353689,0.06922743738986054
0.005,0.01,1.5,0.001,0,PMEC,0.02094880459106756,0.027479782114657122
0.005,0.01,1.5,0.001,0,VM,0.0,0.0
0.005,0.01,1.5,0.001,0,Other,0.02343924358874177,0.02784518875123045
0.005,0.01,1.5,0.001,1,PMEC,0.022747353833728588,0.030342476030496862
0.005,0.01,1.5,0.001,1,VM,0.0,0.0
0.005,0.01,1.5,0.001,1,Other,0.02616069383123794,0.031736273089855306
0.005,0.01,1.5,0.001,2,PMEC,0.026109048009743202,0.0321010683470343
0.005,0.01,1.5,0.001,2,VM,0.0,0.0
0.005,0.01,1.5,0.001,2,Other,0.027017416179104,0.031173116488711215
0.005,0.01,1.5,0.005,0,PMEC,0.02526666738001397,0.03246894733737119
0.005,0.01,1.5,0.005,0,VM,0.0,0.0
0.005,0.01,1.5,0.005,0,Other,0.025652710313242615,0.031756671065388015
0.005,0.01,1.5,0.005,1,PMEC,0.0241251660014232,0.03159325518889985
0.005,0.01,1.5,0.005,1,VM,0.0,0.0
0.005,0.01,1.5,0.005,1,Other,0.025247548380937623,0.031467522324516696
0.005,0.01,1.5,0.005,2,PMEC,0.023926880588582226,0.03139017100688734
0.005,0.01,1.5,0.005,2,VM,0.0,0.0
0.005,0.01,1.5,0.005,2,Other,0.025440152226946833,0.03184501047436686
0.005,0.01,1.5,0.01,0,PMEC,0.022505862890946995,0.03262153441811123
0.005,0.01,1.5,0.01,0,VM,0.0,0.0
0.005,0.01,1.5,0.01,0,Other,0.021794115385462925,0.032356736574244226
0.005,0.01,1.5,0.01,1,PMEC,0.021136772963196646,0.03237017173155875
0.005,0.01,1.5,0.01,1,VM,0.0,0.0
0.005,0.01,1.5,0.01,1,Other,0.020358357638580415,0.03184750665372629
0.005,0.01,1.5,0.01,2,PMEC,0.021950906178991116,0.032190208902151435
0.005,0.01,1.5,0.01,2,VM,0.0,0.0
0.005,0.01,1.5,0.01,2,Other,0.02030658134832039,0.03210259722849431
0.005,0.01,1.5,0.05,0,PMEC,0.012859705905157809,0.045328784610959245
0.005,0.01,1.5,0.05,0,VM,0.0,0.0
0.005,0.01,1.5,0.05,0,Other,0.005838729682535065,0.045775591082448594
0.005,0.01,1.5,0.05,1,PMEC,0.01091538025906455,0.045029178741505305
0.005,0.01,1.5,0.05,1,VM,0.0,0.0
0.005,0.01,1.5,0.05,1,Other,0.005894675504055452,0.04618504500636266
0.005,0.01,1.5,0.05,2,PMEC,0.010696813594181122,0.044989340199878255
0.005,0.01,1.5,0.05,2,VM,0.0,0.0
0.005,0.01,1.5,0.05,2,Other,0.00628034252339506,0.04623473331867334
0.005,0.01,1.5,0.1,0,PMEC,0.008217312535249495,0.06735968810506802
0.005,0.01,1.5,0.1,0,VM,0.0,0.0
0.005,0.01,1.5,0.1,0,Other,0.004229454353772356,0.06910973560407273
0.005,0.01,1.5,0.1,1,PMEC,0.008312556098481349,0.06791138717203313
0.005,0.01,1.5,0.1,1,VM,0.0,0.0
0.005,0.01,1.5,0.1,1,Other,0.00456047621026825,0.06883578398116447
0.005,0.01,1.5,0.1,2,PMEC,0.007649846135702535,0.06784958498811089
0.005,0.01,1.5,0.1,2,VM,0.0,0.0
0.005,0.01,1.5,0.1,2,Other,0.0037042686636149028,0.06930696108699602
0.005,0.01,2,0.001,0,PMEC,0.020255511886509245,0.029510831004341084
0.005,0.01,2,0.001,0,VM,0.0,0.0
0.005,0.01,2,0.001,0,Other,0.025716442692793638,0.03139794219470082
0.005,0.01,2,0.001,1,PMEC,0.023606993587348368,0.03187178064095228
0.005,0.01,2,0.001,1,VM,0.0,0.0
0.005,0.01,2,0.001,1,Other,0.026499592133046534,0.03149998813521945
0.005,0.01,2,0.001,2,PMEC,0.024246035438853498,0.03180611229978182
0.005,0.01,2,0.001,2,VM,0.0,0.0
0.005,0.01,2,0.001,2,Other,0.026900556828745495,0.03135924984265419
0.005,0.01,2,0.005,0,PMEC,0.02117312188743165,0.03184076576231054
0.005,0.01,2,0.005,0,VM,0.0,0.0
0.005,0.01,2,0.005,0,Other,0.02139643037916682,0.030056232704259257
0.005,0.01,2,0.005,1,PMEC,0.02105368732835653,0.031866683098593085
0.005,0.01,2,0.005,1,VM,0.0,0.0
0.005,0.01,2,0.005,1,Other,0.023349988992584232,0.03151998516413486
0.005,0.01,2,0.005,2,PMEC,0.022081629183297292,0.03139079067514852
0.005,0.01,2,0.005,2,VM,0.0,0.0
0.005,0.01,2,0.005,2,Other,0.02336549695814739,0.031013595554071443
0.005,0.01,2,0.01,0,PMEC,0.020428955813551586,0.03256436898839669
0.005,0.01,2,0.01,0,VM,0.0,0.0
0.005,0.01,2,0.01,0,Other,0.01911365212646134,0.03208004700869932
0.005,0.01,2,0.01,1,PMEC,0.018670618547360934,0.03150577183407596
0.005,0.01,2,0.01,1,VM,0.0,0.0
0.005,0.01,2,0.01,1,Other,0.017303925114062004,0.030803334723850356
0.005,0.01,2,0.01,2,PMEC,0.0196626570109146,0.03207887131897267
0.005,0.01,2,0.01,2,VM,0.0,0.0
0.005,0.01,2,0.01,2,Other,0.019687092002267655,0.03193828127771225
0.005,0.01,2,0.05,0,PMEC,0.011077695273185605,0.04568321964509756
0.005,0.01,2,0.05,0,VM,0.0,0.0
0.005,0.01,2,0.05,0,Other,0.00685398426909891,0.0460275438151256
0.005,0.01,2,0.05,1,PMEC,0.011321449711826855,0.04543484271750791
0.005,0.01,2,0.05,1,VM,0.0,0.0
0.005,0.01,2,0.05,1,Other,0.0055815398482074756,0.046144229721604826
0.005,0.01,2,0.05,2,PMEC,0.011104174553601591,0.04568310668699686
0.005,0.01,2,0.05,2,VM,0.0,0.0
0.005,0.01,2,0.05,2,Other,0.006394851527155169,0.04616257105506341
0.005,0.01,2,0.1,0,PMEC,0.007248115674012957,0.06814658927400269
0.005,0.01,2,0.1,0,VM,0.0,0.0
0.005,0.01,2,0.1,0,Other,0.0042504744943560446,0.06910509056762974
0.005,0.01,2,0.1,1,PMEC,0.006664035032438561,0.06809270445438738
0.005,0.01,2,0.1,1,VM,0.0,0.0
0.005,0.01,2,0.1,1,Other,0.004231264255650351,0.06932837861451524
0.005,0.01,2,0.1,2,PMEC,0.007412840997962553,0.06821562802108798
0.005,0.01,2,0.1,2,VM,0.0,0.0
0.005,0.01,2,0.1,2,Other,0.004305423580222917,0.06929589106224612
0.005,0.05,0.75,0.001,0,PMEC,0.017041827918180694,0.030290588705566612
0.005,0.05,0.75,0.001,0,VM,0.0,0.0
0.005,0.05,0.75,0.001,0,Other,0.020120791865186952,0.028270040995188248
0.005,0.05,0.75,0.001,1,PMEC,0.017036261490580774,0.030279811819665464
0.005,0.05,0.75,0.001,1,VM,0.0,0.0
0.005,0.05,0.75,0.001,1,Other,0.021780411925878478,0.02923714365834778
0.005,0.05,0.75,0.001,2,PMEC,0.015274417097828221,0.030557199605689662
0.005,0.05,0.75,0.001,2,VM,0.0,0.0
0.005,0.05,0.75,0.001,2,Other,0.023154683072189434,0.03129393104992675
0.005,0.05,0.75,0.005,0,PMEC,0.014652937099344863,0.03101619283059976
0.005,0.05,0.75,0.005,0,VM,0.0,0.0
0.005,0.05,0.75,0.005,0,Other,0.017627558506369153,0.029830635830592284
0.005,0.05,0.75,0.005,1,PMEC,0.014641656547988163,0.03070709043836509
0.005,0.05,0.75,0.005,1,VM,0.0,0.0
0.005,0.05,0.75,0.005,1,Other,0.01679699333447594,0.02913857008417089
0.005,0.05,0.75,0.005,2,PMEC,0.013402271142310846,0.030552222305225068
0.005,0.05,0.75,0.005,2,VM,0.0,0.0
0.005,0.05,0.75,0.005,2,Other,0.015784472234471998,0.02895565364233423
0.005,0.05,0.75,0.01,0,PMEC,0.014935764235328513,0.03329829177293909
0.005,0.05,0.75,0.01,0,VM,0.0,0.0
0.005,0.05,0.75,0.01,0,Other,0.016750210009748186,0.03210942099287028
0.005,0.05,0.75,0.01,1,PMEC,0.01674682605003124,0.033494357573584786
0.005,0.05,0.75,0.01,1,VM,0.0,0.0
0.005,0.05,0.75,0.01,1,Other,0.016481518916749514,0.03233702778295506
0.005,0.05,0.75,0.01,2,PMEC,0.014955234462485228,0.032658494684912824
0.005,0.05,0.75,0.01,2,VM,0.0,0.0
0.005,0.05,0.75,0.01,2,Other,0.015063955686130158,0.03128951687241571
0.005,0.05,0.75,0.05,0,PMEC,0.009507634907940609,0.045951391375901124
0.005,0.05,0.75,0.05,0,VM,0.0,0.0
0.005,0.05,0.75,0.05,0,Other,0.005793914337973629,0.04586471756622052
0.005,0.05,0.75,0.05,1,PMEC,0.008288226573838191,0.04611011208757755
0.005,0.05,0.75,0.05,1,VM,0.0,0.0
0.005,0.05,0.75,0.05,1,Other,0.005732494406920013,0.04605249498929333
0.005,0.05,0.75,0.05,2,PMEC,0.009628567889262482,0.046374872188448005
0.005,0.05,0.75,0.05,2,VM,0.0,0.0
0.005,0.05,0.75,0.05,2,Other,0.005413909015259376,0.04568895726835317
0.005,0.05,0.75,0.1,0,PMEC,0.007009119230819285,0.06981566838593124
0.005,0.05,0.75,0.1,0,VM,0.0,0.0
0.005,0.05,0.75,0.1,0,Other,0.003923617014937396,0.06898595677478447
0.005,0.05,0.75,0.1,1,PMEC,0.006693427731353941,0.06975899423444998
0.005,0.05,0.75,0.1,1,VM,0.0,0.0
0.005,0.05,0.75,0.1,1,Other,0.0046808345536397174,0.06918216537720202
0.005,0.05,0.75,0.1,2,PMEC,0.006837970139193642,0.0691375011641371
0.005,0.05,0.75,0.1,2,VM,0.0,0.0
0.005,0.05,0.75,0.1,2,Other,0.004265475501727962,0.06931975221105567
0.005,0.05,1,0.001,0,PMEC,0.010880965520825259,0.030371799130595435
0.005,0.05,1,0.001,0,VM,0.0,0.0
0.005,0.05,1,0.001,0,Other,0.021793344206058215,0.03081944153674233
0.005,0.05,1,0.001,1,PMEC,0.014458604099320975,0.03175087496281012
0.005,0.05,1,0.001,1,VM,0.0,0.0
0.005,0.05,1,0.001,1,Other,0.021905066366087175,0.030630053418921128
0.005,0.05,1,0.001,2,PMEC,0.009787229016833553,0.030153060397498634
0.005,0.05,1,0.001,2,VM,0.0,0.0
0.005,0.05,1,0.001,2,Other,0.01902418346206787,0.02994190627762834
0.005,0.05,1,0.005,0,PMEC,0.016160389191705,0.034034255933204735
0.005,0.05,1,0.005,0,VM,0.0,0.0
0.005,0.05,1,0.005,0,Other,0.016838653094267797,0.030778874303285172
0.005,0.05,1,0.005,1,PMEC,0.009688695000883867,0.030614558813123794
0.005,0.05,1,0.005,1,VM,0.0,0.0
0.005,0.05,1,0.005,1,Other,0.01592873634120108,0.03006666171143225
0.005,0.05,1,0.005,2,PMEC,0.011170352138811186,0.0325783648309839
0.005,0.05,1,0.005,2,VM,0.0,0.0
0.005,0.05,1,0.005,2,Other,0.015335886943128223,0.03070955383041988
0.005,0.05,1,0.01,0,PMEC,0.012278707542682074,0.03375270790753174
0.005,0.05,1,0.01,0,VM,0.0,0.0
0.005,0.05,1,0.01,0,Other,0.014688393189714074,0.032041598779763446
0.005,0.05,1,0.01,1,PMEC,0.009679664352066025,0.03250354881273391
0.005,0.05,1,0.01,1,VM,0.0,0.0
0.005,0.05,1,0.01,1,Other,0.011723060437442407,0.032009964477854765
0.005,0.05,1,0.01,2,PMEC,0.008783439660729975,0.032074707746973456
0.005,0.05,1,0.01,2,VM,0.0,0.0
0.005,0.05,1,0.01,2,Other,0.011282227275582663,0.03152907494704231
0.005,0.05,1,0.05,0,PMEC,0.0076966591959335695,0.047301408726760155
0.005,0.05,1,0.05,0,VM,0.0,0.0
0.005,0.05,1,0.05,0,Other,0.005180865640473858,0.04578709374476588
0.005,0.05,1,0.05,1,PMEC,0.008783018265027672,0.04692981129586466
0.005,0.05,1,0.05,1,VM,0.0,0.0
0.005,0.05,1,0.05,1,Other,0.005559773782502844,0.045831402517254996
0.005,0.05,1,0.05,2,PMEC,0.007538151579104893,0.046656613172626024
0.005,0.05,1,0.05,2,VM,0.0,0.0
0.005,0.05,1,0.05,2,Other,0.005332817403560179,0.04607268954350274
0.005,0.05,1,0.1,0,PMEC,0.006144104891081898,0.08725667664956016
0.005,0.05,1,0.1,0,VM,0.0,0.0
0.005,0.05,1,0.1,0,Other,0.006157873676667846,0.09024450555750681
0.005,0.05,1,0.1,1,PMEC,0.007455271960396961,0.07026177796710734
0.005,0.05,1,0.1,1,VM,0.0,0.0
0.005,0.05,1,0.1,1,Other,0.004184940721796951,0.06896854531295464
0.005,0.05,1,0.1,2,PMEC,0.006800541127558568,0.06992169840750696
0.005,0.05,1,0.1,2,VM,0.0,0.0
0.005,0.05,1,0.1,2,Other,0.004123731619334291,0.0690316258282823
0.005,0.05,1.5,0.001,0,PMEC,0.013003587987271326,0.032707959543307456
0.005,0.05,1.5,0.001,0,VM,0.0,0.0
0.005,0.05,1.5,0.001,0,Other,0.02337878943279642,0.03163557752160838
0.005,0.05,1.5,0.001,1,PMEC,0.011255879801661145,0.03268384546751809
0.005,0.05,1.5,0.001,1,VM,0.0,0.0
0.005,0.05,1.5,0.001,1,Other,0.01958700582049966,0.030264057953308412
0.005,0.05,1.5,0.001,2,PMEC,0.012748778120106519,0.03555277598437906
0.005,0.05,1.5,0.001,2,VM,0.0,0.0
0.005,0.05,1.5,0.001,2,Other,0.020219561135869528,0.03215081035502786
0.005,0.05,1.5,0.005,0,PMEC,0.006991425123046695,0.0313334235476363
0.005,0.05,1.5,0.005,0,VM,0.0,0.0
0.005,0.05,1.5,0.005,0,Other,0.015465435286384747,0.031046525564219732
0.005,0.05,1.5,0.005,1,PMEC,0.008464117496772606,0.03353844817317207
0.005,0.05,1.5,0.005,1,VM,0.0,0.0
0.005,0.05,1.5,0.005,1,Other,0.018164662152395098,0.03164299234819763
0.005,0.05,1.5,0.005,2,PMEC,0.0066909608909265905,0.033983010955666665
0.005,0.05,1.5,0.005,2,VM,0.0,0.0
0.005,0.05,1.5,0.005,2,Other,0.013855710821407683,0.031004847958185124
0.005,0.05,1.5,0.01,0,PMEC,0.006547903758354447,0.03456384790893312
0.005,0.05,1.5,0.01,0,VM,0.0,0.0
0.005,0.05,1.5,0.01,0,Other,0.011890608031710324,0.03231265533721479
0.005,0.05,1.5,0.01,1,PMEC,0.004548041096777735,0.034045521103918286
0.005,0.05,1.5,0.01,1,VM,0.0,0.0
0.005,0.05,1.5,0.01,1,Other,0.008938524934414153,0.031446512598468965
0.005,0.05,1.5,0.01,2,PMEC,0.0055439479925011815,0.034710954636766586
0.005,0.05,1.5,0.01,2,VM,0.0,0.0
0.005,0.05,1.5,0.01,2,Other,0.009098075020123093,0.03196163206196157
0.005,0.05,1.5,0.05,0,PMEC,0.005220800121238239,0.049516080001180844
0.005,0.05,1.5,0.05,0,VM,0.0,0.0
0.005,0.05,1.5,0.05,0,Other,0.003940039661694952,0.04572749786152401
0.005,0.05,1.5,0.05,1,PMEC,0.004283498240990861,0.04938634113279915
0.005,0.05,1.5,0.05,1,VM,0.0,0.0
0.005,0.05,1.5,0.05,1,Other,0.0034813080359897843,0.04572009150021036
0.005,0.05,1.5,0.05,2,PMEC,0.005659551024086794,0.04956803452317632
0.005,0.05,1.5,0.05,2,VM,0.0,0.0
0.005,0.05,1.5,0.05,2,Other,0.004885145754409932,0.04593129431272451
0.005,0.05,1.5,0.1,0,PMEC,0.006025469063110845,0.0730440417710104
0.005,0.05,1.5,0.1,0,VM,0.0,0.0
0.005,0.05,1.5,0.1,0,Other,0.004848543995190578,0.0689359185545088
0.005,0.05,1.5,0.1,1,PMEC,0.004910726950411066,0.07365628735501835
0.005,0.05,1.5,0.1,1,VM,0.0,0.0
0.005,0.05,1.5,0.1,1,Other,0.003532307500293955,0.0692282126444292
0.005,0.05,1.5,0.1,2,PMEC,0.005669975022627116,0.07313318483227801
0.005,0.05,1.5,0.1,2,VM,0.0,0.0
0.005,0.05,1.5,0.1,2,Other,0.0037461071297409986,0.06863882787374988
0.005,0.05,2,0.001,0,PMEC,0.008272317001956346,0.033906127483861945
0.005,0.05,2,0.001,0,VM,0.0,0.0
0.005,0.05,2,0.001,0,Other,0.018041950792121682,0.03074199155324132
0.005,0.05,2,0.001,1,PMEC,0.0062885099682906806,0.03121019875708252
0.005,0.05,2,0.001,1,VM,0.0,0.0
0.005,0.05,2,0.001,1,Other,0.014831779185013088,0.028392809584826765
0.005,0.05,2,0.001,2,PMEC,0.009913021699833517,0.03249095338254891
0.005,0.05,2,0.001,2,VM,0.0,0.0
0.005,0.05,2,0.001,2,Other,0.02221771255658546,0.03180848893463181
0.005,0.05,2,0.005,0,PMEC,0.005924365419717831,0.032743462257194884
0.005,0.05,2,0.005,0,VM,0.0,0.0
0.005,0.05,2,0.005,0,Other,0.01404515065557534,0.030257714312103036
0.005,0.05,2,0.005,1,PMEC,0.011386968287817528,0.035673224961145784
0.005,0.05,2,0.005,1,VM,0.0,0.0
0.005,0.05,2,0.005,1,Other,0.01584286052921919,0.031250722573756225
0.005,0.05,2,0.005,2,PMEC,0.00792743782617633,0.03612879906092088
0.005,0.05,2,0.005,2,VM,0.0,0.0
0.005,0.05,2,0.005,2,Other,0.015037924622399064,0.03250819564409647
0.005,0.05,2,0.01,0,PMEC,0.007149093012676915,0.0378042097873188
0.005,0.05,2,0.01,0,VM,0.0,0.0
0.005,0.05,2,0.01,0,Other,0.01335735674788745,0.03407986308669318
0.005,0.05,2,0.01,1,PMEC,0.008366916855935515,0.036362684543378286
0.005,0.05,2,0.01,1,VM,0.0,0.0
0.005,0.05,2,0.01,1,Other,0.011063320138739598,0.031872305697754476
0.005,0.05,2,0.01,2,PMEC,0.009113966668181267,0.037169742802771466
0.005,0.05,2,0.01,2,VM,0.0,0.0
0.005,0.05,2,0.01,2,Other,0.012026014179607192,0.03268628288604678
0.005,0.05,2,0.05,0,PMEC,0.004042658364012106,0.05112451433065483
0.005,0.05,2,0.05,0,VM,0.0,0.0
0.005,0.05,2,0.05,0,Other,0.003985382232600643,0.045952148206073594
0.005,0.05,2,0.05,1,PMEC,0.0024850567634732723,0.05124062021012929
0.005,0.05,2,0.05,1,VM,0.0,0.0
0.005,0.05,2,0.05,1,Other,0.003204005114721154,0.045961067436746675
0.005,0.05,2,0.05,2,PMEC,0.0038360148893040705,0.05198033034506578
0.005,0.05,2,0.05,2,VM,0.0,0.0
0.005,0.05,2,0.05,2,Other,0.003546039912510511,0.04581795552143578
0.005,0.05,2,0.1,0,PMEC,0.004991252613919926,0.07688648502960722
0.005,0.05,2,0.1,0,VM,0.0,0.0
0.005,0.05,2,0.1,0,Other,0.0030028911555745413,0.06919939233009016
0.005,0.05,2,0.1,1,PMEC,0.007422608957315855,0.09234248691315866
0.005,0.05,2,0.1,1,VM,0.0,0.0
0.005,0.05,2,0.1,1,Other,0.006419370802730082,0.0927978366864431
0.005,0.05,2,0.1,2,PMEC,0.004169941997495223,0.07679183554836913
0.005,0.05,2,0.1,2,VM,0.0,0.0
0.005,0.05,2,0.1,2,Other,0.003139268528863059,0.06890026874624354
0.005,0.1,0.75,0.001,0,PMEC,0.007101094471572954,0.029963035141260183
0.005,0.1,0.75,0.001,0,VM,0.0,0.0
0.005,0.1,0.75,0.001,0,Other,0.019118796074565268,0.029050450140238028
0.005,0.1,0.75,0.001,1,PMEC,0.005433285124436523,0.029350145276194926
0.005,0.1,0.75,0.001,1,VM,0.0,0.0
0.005,0.1,0.75,0.001,1,Other,0.015173699306210155,0.027449194773114832
0.005,0.1,0.75,0.001,2,PMEC,0.006767000340464781,0.029591676849300613
0.005,0.1,0.75,0.001,2,VM,0.0,0.0
0.005,0.1,0.75,0.001,2,Other,0.018233270897301028,0.028939167903176907
0.005,0.1,0.75,0.005,0,PMEC,0.007153778589483936,0.034276854809699074
0.005,0.1,0.75,0.005,0,VM,0.0,0.0
0.005,0.1,0.75,0.005,0,Other,0.014034297780757666,0.03190267338220809
0.005,0.1,0.75,0.005,1,PMEC,0.01178076505500837,0.03438798975394969
0.005,0.1,0.75,0.005,1,VM,0.0,0.0
0.005,0.1,0.75,0.005,1,Other,0.018976879069661667,0.03251059015396519
0.005,0.1,0.75,0.005,2,PMEC,0.007958136383373676,0.03278645902292179
0.005,0.1,0.75,0.005,2,VM,0.0,0.0
0.005,0.1,0.75,0.005,2,Other,0.01527760100859041,0.03138182860304563
0.005,0.1,0.75,0.01,0,PMEC,0.009537696066668058,0.034710487075719866
0.005,0.1,0.75,0.01,0,VM,0.0,0.0
0.005,0.1,0.75,0.01,0,Other,0.013638849931607005,0.03248501095126089
0.005,0.1,0.75,0.01,1,PMEC,0.008538360829476012,0.03474075862550929
0.005,0.1,0.75,0.01,1,VM,0.0,0.0
0.005,0.1,0.75,0.01,1,Other,0.014190632722753518,0.03325276321347162
0.005,0.1,0.75,0.01,2,PMEC,0.006468917180917482,0.034171998512125386
0.005,0.1,0.75,0.01,2,VM,0.0,0.0
0.005,0.1,0.75,0.01,2,Other,0.009460857434206098,0.030924179482935632
0.005,0.1,0.75,0.05,0,PMEC,0.005909327217369022,0.04965938858615935
0.005,0.1,0.75,0.05,0,VM,0.0,0.0
0.005,0.1,0.75,0.05,0,Other,0.004541098187958443,0.04578914128460961
0.005,0.1,0.75,0.05,1,PMEC,0.004899408526436586,0.0494408548658048
0.005,0.1,0.75,0.05,1,VM,0.0,0.0
0.005,0.1,0.75,0.05,1,Other,0.003546796691216085,0.04562092939476543
0.005,0.1,0.75,0.05,2,PMEC,0.005125771103171254,0.04929756444080559
0.005,0.1,0.75,0.05,2,VM,0.0,0.0
0.005,0.1,0.75,0.05,2,Other,0.00395893396078848,0.04576719209270024
0.005,0.1,0.75,0.1,0,PMEC,0.005174116485293591,0.0735470353282428
0.005,0.1,0.75,0.1,0,VM,0.0,0.0
0.005,0.1,0.75,0.1,0,Other,0.003973978894625362,0.06885397525413095
0.005,0.1,0.75,0.1,1,PMEC,0.005765044625216636,0.0728949657599075
0.005,0.1,0.75,0.1,1,VM,0.0,0.0
0.005,0.1,0.75,0.1,1,Other,0.004088997322272825,0.0688902206097134
0.005,0.1,0.75,0.1,2,PMEC,0.0062378359405460704,0.08601442495127593
0.005,0.1,0.75,0.1,2,VM,0.0,0.0
0.005,0.1,0.75,0.1,2,Other,0.005203067067558923,0.08616567857342741
0.005,0.1,1,0.001,0,PMEC,0.004903748193540261,0.030745968772489692
0.005,0.1,1,0.001,0,VM,0.0,0.0
0.005,0.1,1,0.001,0,Other,0.013482041841908906,0.027284028789254258
0.005,0.1,1,0.001,1,PMEC,0.010511796232634197,0.03492795491908532
0.005,0.1,1,0.001,1,VM,0.0,0.0
0.005,0.1,1,0.001,1,Other,0.020311059418812814,0.0323029456787524
0.005,0.1,1,0.001,2,PMEC,0.010458429315448258,0.03498086824509575
0.005,0.1,1,0.001,2,VM,0.0,0.0
0.005,0.1,1,0.001,2,Other,0.020324106594628126,0.03148577231647231
0.005,0.1,1,0.005,0,PMEC,0.01005398269101396,0.03695176378100571
0.005,0.1,1,0.005,0,VM,0.0,0.0
0.005,0.1,1,0.005,0,Other,0.017775866303057202,0.03335661994383046
0.005,0.1,1,0.005,1,PMEC,0.01014864407673286,0.03575975558099544
0.005,0.1,1,0.005,1,VM,0.0,0.0
0.005,0.1,1,0.005,1,Other,0.016245521111771348,0.031123589490456904
0.005,0.1,1,0.005,2,PMEC,0.008888076160194252,0.0366923080100787
0.005,0.1,1,0.005,2,VM,0.0,0.0
0.005,0.1,1,0.005,2,Other,0.01653075282363545,0.03262769508166645
0.005,0.1,1,0.01,0,PMEC,0.005652846994449518,0.03667213892152877
0.005,0.1,1,0.01,0,VM,0.0,0.0
0.005,0.1,1,0.01,0,Other,0.011588302434516124,0.032823897236609285
0.005,0.1,1,0.01,1,PMEC,0.008778083572671612,0.03614414632922887
0.005,0.1,1,0.01,1,VM,0.0,0.0
0.005,0.1,1,0.01,1,Other,0.010386894990018538,0.03238508891650985
0.005,0.1,1,0.01,2,PMEC,0.00926301176706897,0.03785417169095813
0.005,0.1,1,0.01,2,VM,0.0,0.0
0.005,0.1,1,0.01,2,Other,0.015311092385715555,0.03324405127050931
0.005,0.1,1,0.05,0,PMEC,0.003107591315688701,0.05171425022786506
0.005,0.1,1,0.05,0,VM,0.0,0.0
0.005,0.1,1,0.05,0,Other,0.003118622351183495,0.045924799437351956
0.005,0.1,1,0.05,1,PMEC,0.0044336271814179274,0.05215238244032972
0.005,0.1,1,0.05,1,VM,0.0,0.0
0.005,0.1,1,0.05,1,Other,0.0048771809841202,0.045961924476137644
0.005,0.1,1,0.05,2,PMEC,0.003421309822529674,0.051667312063949956
0.005,0.1,1,0.05,2,VM,0.0,0.0
0.005,0.1,1,0.05,2,Other,0.0037254967497286524,0.045933304753387826
0.005,0.1,1,0.1,0,PMEC,0.00545278139417357,0.07619081258716688
0.005,0.1,1,0.1,0,VM,0.0,0.0
0.005,0.1,1,0.1,0,Other,0.0031928349119208226,0.06933919344919076
0.005,0.1,1,0.1,1,PMEC,0.0038787866876731467,0.08936777504347124
0.005,0.1,1,0.1,1,VM,0.0,0.0
0.005,0.1,1,0.1,1,Other,0.006793390572069406,0.09340001272522615
0.005,0.1,1,0.1,2,PMEC,0.006137007578907496,0.08824722334334306
0.005,0.1,1,0.1,2,VM,0.0,0.0
0.005,0.1,1,0.1,2,Other,0.006579226510530128,0.08766348536590662
0.005,0.1,1.5,0.001,0,PMEC,0.003116169611749918,0.03048761208703193
0.005,0.1,1.5,0.001,0,VM,0.0,0.0
0.005,0.1,1.5,0.001,0,Other,0.012484318061691757,0.026263450162468095
0.005,0.1,1.5,0.001,1,PMEC,0.005445509351377773,0.03201377960155489
0.005,0.1,1.5,0.001,1,VM,0.0,0.0
0.005,0.1,1.5,0.001,1,Other,0.016486554508613534,0.02865028728162611
0.005,0.1,1.5,0.001,2,PMEC,0.0072484443969909745,0.03732204084721039
0.005,0.1,1.5,0.001,2,VM,0.0,0.0
0.005,0.1,1.5,0.001,2,Other,0.01915469216213004,0.031170637152435322
0.005,0.1,1.5,0.005,0,PMEC,0.007748634975310389,0.03991810603048876
0.005,0.1,1.5,0.005,0,VM,0.0,0.0
0.005,0.1,1.5,0.005,0,Other,0.013829124012579233,0.03109251850706132
0.005,0.1,1.5,0.005,1,PMEC,0.011363367793283077,0.04030482901439918
0.005,0.1,1.5,0.005,1,VM,0.0,0.0
0.005,0.1,1.5,0.005,1,Other,0.01641123061467264,0.03241810545774505
0.005,0.1,1.5,0.005,2,PMEC,0.004335673380375848,0.03582419634564697
0.005,0.1,1.5,0.005,2,VM,0.0,0.0
0.005,0.1,1.5,0.005,2,Other,0.01343412312059008,0.030070824358449245
0.005,0.1,1.5,0.01,0,PMEC,0.007730685605593266,0.04203628628198132
0.005,0.1,1.5,0.01,0,VM,0.0,0.0
0.005,0.1,1.5,0.01,0,Other,0.013766662083703342,0.033611281948189194
0.005,0.1,1.5,0.01,1,PMEC,0.007957971085882889,0.04133787205612326
0.005,0.1,1.5,0.01,1,VM,0.0,0.0
0.005,0.1,1.5,0.01,1,Other,0.013250734285477773,0.033312207667204045
0.005,0.1,1.5,0.01,2,PMEC,0.0063555498599297475,0.04202513262513917
0.005,0.1,1.5,0.01,2,VM,0.0,0.0
0.005,0.1,1.5,0.01,2,Other,0.012381292833386731,0.033389613667675413
0.005,0.1,1.5,0.05,0,PMEC,0.002363742324441418,0.05633744461474341
0.005,0.1,1.5,0.05,0,VM,0.0,0.0
0.005,0.1,1.5,0.05,0,Other,0.004316951932525527,0.04592822485302374
0.005,0.1,1.5,0.05,1,PMEC,0.0034115761158282306,0.05923241337870622
0.005,0.1,1.5,0.05,1,VM,0.0,0.0
0.005,0.1,1.5,0.05,1,Other,0.0038257758625794103,0.045985948977642646
0.005,0.1,1.5,0.05,2,PMEC,0.0033703914538553478,0.0595343407732906
0.005,0.1,1.5,0.05,2,VM,0.0,0.0
0.005,0.1,1.5,0.05,2,Other,0.004073908103617491,0.04599095564537198
0.005,0.1,1.5,0.1,0,PMEC,0.005679449277241335,0.10096441028701014
0.005,0.1,1.5,0.1,0,VM,0.0,0.0
0.005,0.1,1.5,0.1,0,Other,0.006095618221096102,0.09420868056812709
0.005,0.1,1.5,0.1,1,PMEC,0.0046526594358002,0.08416686719714826
0.005,0.1,1.5,0.1,1,VM,0.0,0.0
0.005,0.1,1.5,0.1,1,Other,0.0037195159529052023,0.06890207903489824
0.005,0.1,1.5,0.1,2,PMEC,0.006400054277455094,0.09266067306354467
0.005,0.1,1.5,0.1,2,VM,0.0,0.0
0.005,0.1,1.5,0.1,2,Other,0.005665375933332323,0.09131353833364379
0.005,0.1,2,0.001,0,PMEC,0.009837031805925465,0.05517566683648892
0.005,0.1,2,0.001,0,VM,0.0,0.0
0.005,0.1,2,0.001,0,Other,0.016518566272224613,0.04417412347081678
0.005,0.1,2,0.001,1,PMEC,0.01227695707367228,0.07110480211536505
0.005,0.1,2,0.001,1,VM,0.0,0.0
0.005,0.1,2,0.001,1,Other,0.019076598270257282,0.06067681389553929
0.005,0.1,2,0.001,2,PMEC,0.00660122327941605,0.058758990891436005
0.005,0.1,2,0.001,2,VM,0.0,0.0
0.005,0.1,2,0.001,2,Other,0.016833426531641896,0.04241205043466104
0.005,0.1,2,0.005,0,PMEC,0.012709613338043773,0.056817455900579066
0.005,0.1,2,0.005,0,VM,0.0,0.0
0.005,0.1,2,0.005,0,Other,0.015313652220523827,0.05208401455674982
0.005,0.1,2,0.005,1,PMEC,0.014832409819222752,0.054382481898219585
0.005,0.1,2,0.005,1,VM,0.0,0.0
0.005,0.1,2,0.005,1,Other,0.014393326010307938,0.06045183797817292
0.005,0.1,2,0.005,2,PMEC,0.018246084681023327,0.06091128883811072
0.005,0.1,2,0.005,2,VM,0.0,0.0
0.005,0.1,2,0.005,2,Other,0.015733710944563082,0.058122133324412295
0.005,0.1,2,0.01,0,PMEC,0.010641649292269365,0.061219905436874264
0.005,0.1,2,0.01,0,VM,0.0,0.0
0.005,0.1,2,0.01,0,Other,0.011435087968820782,0.05155994123754209
0.005,0.1,2,0.01,1,PMEC,0.007572410403422997,0.0613053999021194
0.005,0.1,2,0.01,1,VM,0.0,0.0
0.005,0.1,2,0.01,1,Other,0.008560343156375392,0.054976517458395435
0.005,0.1,2,0.01,2,PMEC,0.0083867414704767,0.053125520541679634
0.005,0.1,2,0.01,2,VM,0.0,0.0
0.005,0.1,2,0.01,2,Other,0.010673467336095114,0.05744005568574423
0.005,0.1,2,0.05,0,PMEC,0.010101696273962202,0.08017883404447587
0.005,0.1,2,0.05,0,VM,0.0,0.0
0.005,0.1,2,0.05,0,Other,0.007432199091552308,0.07235246905964271
0.005,0.1,2,0.05,1,PMEC,0.008841589144307403,0.07356042938009627
0.005,0.1,2,0.05,1,VM,0.0,0.0
0.005,0.1,2,0.05,1,Other,0.0061719380569123785,0.07059659347753713
0.005,0.1,2,0.05,2,PMEC,0.005918488737616787,0.07125535172511835
0.005,0.1,2,0.05,2,VM,0.0,0.0
0.005,0.1,2,0.05,2,Other,0.005400033662310819,0.07250080695393242
0.005,0.1,2,0.1,0,PMEC,0.005674829035096884,0.09114971166546411
0.005,0.1,2,0.1,0,VM,0.0,0.0
0.005,0.1,2,0.1,0,Other,0.006718528172319405,0.09022886160170297
0.005,0.1,2,0.1,1,PMEC,0.005055675368579712,0.0966869723718257
0.005,0.1,2,0.1,1,VM,0.0,0.0
0.005,0.1,2,0.1,1,Other,0.00650364676593216,0.09032610377437639
0.005,0.1,2,0.1,2,PMEC,0.005055621963046028,0.0955413002590686
0.005,0.1,2,0.1,2,VM,0.0,0.0
0.005,0.1,2,0.1,2,Other,0.00604162148346189,0.09192417303284854